"","TIPO_REG","PAIS","P_DEPTO","P_MUNIC","UC_UO","ENCUESTA","COD_VEREDA","P_S7PNUMPEZ","P_S7P96","P_S7P97","P_S7P98","P_S7P99","P_S7P100"
"1",7,170,68,68001,"00310001","022537951",68001007,1,41190400,1,50,5,0.25
"2",7,170,68,68001,"00420001","022303666",68001009,1,41190300,0,0,0,0
"3",7,170,68,68001,"00690001","022317829",68001027,2,41191000,1,300,5,1.5
"4",7,170,68,68001,"00900001","022318620",68001002,1,41190400,1,50,5,0.25
"5",7,170,68,68001,"00920001","022736078",68001009,1,41190300,1,200,4,0.8
"6",7,170,68,68001,"00970001","022317801",68001024,1,41190400,1,50,3.75,0.1875
"7",7,170,68,68001,"01070001","022537968",68001027,1,41190400,1,30,5,0.15
"8",7,170,68,68001,"05210001","022540941",68001027,2,41190600,6,80,5,2.4
"9",7,170,68,68020,"00010000","009989639",68020005,1,41189900,0,0,0,0
"10",7,170,68,68020,"00230000","083025720",68020016,18,41190200,0,0,0,0
"11",7,170,68,68020,"00290000","089000823",68020014,18,41199900,1,30,500,15
"12",7,170,68,68020,"00740000","089000813",68020007,18,41190300,1,500,500,250
"13",7,170,68,68020,"00760000","009990463",68020027,1,41190300,3,100,300,90
"14",7,170,68,68020,"00770000","009991011",68020027,1,41180201,1,200,12,2.4
"15",7,170,68,68020,"00770000","009991011",68020027,2,41190300,1,200,1,0.2
"16",7,170,68,68020,"00800000","089000040",68020005,18,41199900,1,600,30,18
"17",7,170,68,68020,"00990000","089001081",68020023,18,41199900,1,30,500,15
"18",7,170,68,68020,"01310000","003069672",68020003,1,41190200,1,500,500,250
"19",7,170,68,68020,"01370000","088001686",68020014,18,41180201,1,1,150,0.15
"20",7,170,68,68020,"01490000","083025699",68020009,18,41180201,1,25,250,6.25
"21",7,170,68,68020,"01490000","089000032",68020023,18,41199900,0,0,0,0
"22",7,170,68,68020,"01840000","089000555",68020005,18,41199900,2,20,3,0.12
"23",7,170,68,68020,"01840000","089000555",68020005,28,42140100,2,60,1,0.12
"24",7,170,68,68020,"01910000","089000856",68020026,18,41190400,1,20,250,5
"25",7,170,68,68020,"02010000","003055810",68020010,1,41180201,1,30,500,15
"26",7,170,68,68020,"02050000","009991019",68020023,1,41180201,1,200,250,50
"27",7,170,68,68020,"99990000","083069742",68020011,18,41190500,1,40,20,0.8
"28",7,170,68,68051,"00680000","009997853",68051004,1,41190400,2,600,250,300
"29",7,170,68,68051,"00700000","009998134",68051010,1,41191000,1,600,500,300
"30",7,170,68,68051,"00700000","009998406",68051010,1,41180201,0,0,0,0
"31",7,170,68,68051,"00900000","009998503",68051004,1,41190300,1,200,500,100
"32",7,170,68,68051,"00930000","009996503",68051010,1,41190400,1,4000,1000,4000
"33",7,170,68,68051,"01020000","009998497",68051004,1,41180201,1,1,50,0.05
"34",7,170,68,68051,"01060000","009998029",68051010,1,41190300,0,0,0,0
"35",7,170,68,68051,"01060000","009998029",68051010,2,41190400,0,0,0,0
"36",7,170,68,68051,"01330000","009997865",68051004,1,41190400,1,250,500,125
"37",7,170,68,68051,"01360000","009998911",68051003,1,41180201,1,500,500,250
"38",7,170,68,68051,"01390000","009998106",68051004,1,41180201,1,400,500,200
"39",7,170,68,68051,"01390000","009998106",68051004,2,41190300,1,400,500,200
"40",7,170,68,68051,"01800000","009999642",68051002,1,41180201,1,100,500,50
"41",7,170,68,68051,"01800000","009999642",68051002,2,41190600,1,50,500,25
"42",7,170,68,68051,"01800000","009999642",68051002,3,41199900,1,75,500,37.5
"43",7,170,68,68051,"01820000","009999382",68051002,1,41199900,2,500,500,500
"44",7,170,68,68051,"01910000","009998115",68051004,1,41190300,1,300,1000,300
"45",7,170,68,68051,"02040000","009997941",68051003,1,41180201,1,250,250,62.5
"46",7,170,68,68051,"03860000","009998735",68051002,1,41180201,2,300,1000,600
"47",7,170,68,68051,"04980000","009998683",68051003,1,41190300,1,50,1000,50
"48",7,170,68,68077,"00020001","060025519",68077005,1,41190400,1,2000,15,30
"49",7,170,68,68077,"00110001","060027972",68077001,2,41180201,1,2500,5,12.5
"50",7,170,68,68077,"00130001","060028597",68077001,1,41190500,1,50,3,0.15
"51",7,170,68,68077,"00460001","060025513",68077002,1,41190400,1,1500,4,6
"52",7,170,68,68077,"00700000","009990668",68077002,1,41180201,1,200,500,100
"53",7,170,68,68077,"00700000","009990668",68077002,2,41190300,1,200,300,60
"54",7,170,68,68077,"00770001","060027994",68077001,1,41190700,4,2000,5,40
"55",7,170,68,68077,"00870001","060025479",68077002,1,41190300,10,350,20,70
"56",7,170,68,68077,"06330000","088001718",68077004,18,41180201,1,1,500,0.5
"57",7,170,68,68077,"06330000","088001718",68077004,28,41190300,1,1,500,0.5
"58",7,170,68,68077,"06330000","088001718",68077004,38,41190500,1,1,500,0.5
"59",7,170,68,68077,"08330001","060029496",68077004,1,41199900,7,2000,5,70
"60",7,170,68,68079,"00050000","009999084",68079019,1,41199900,1,1,1,0.001
"61",7,170,68,68079,"00053831","060026175",68079019,1,41190300,0,0,0,0
"62",7,170,68,68079,"00060000","009998668",68079004,1,41190300,1,150,500,75
"63",7,170,68,68079,"00090000","009999142",68679008,1,41180201,2,200,750,300
"64",7,170,68,68079,"00090000","009999142",68679008,2,41190300,2,200,750,300
"65",7,170,68,68079,"00160000","009998970",68079008,1,41180201,2,100,1000,200
"66",7,170,68,68079,"00160000","009998970",68079008,2,41190300,2,11,1000,22
"67",7,170,68,68079,"00160001","060027246",68079008,2,41180201,2,2,1,0.004
"68",7,170,68,68079,"00190000","009997630",68079013,1,41190400,2,300,500,300
"69",7,170,68,68079,"00190001","060025563",68079013,1,41180201,2,300,5,3
"70",7,170,68,68079,"00210000","009997629",68079013,1,41180201,2,40,1000,80
"71",7,170,68,68079,"00210000","009999316",68079013,1,41180201,1,200,500,100
"72",7,170,68,68079,"00210000","009999316",68079013,2,41190300,1,100,500,50
"73",7,170,68,68079,"00210001","060025565",68079013,1,41180201,2,40,10,0.8
"74",7,170,68,68079,"00230000","009997628",68079013,1,41190300,2,100,500,100
"75",7,170,68,68079,"00232022","060027243",68079013,1,41190300,2,100,5,1
"76",7,170,68,68079,"00240000","009998873",68079014,1,41190300,1,100,500,50
"77",7,170,68,68079,"00260000","009997627",68079013,1,41190300,2,100,1000,200
"78",7,170,68,68079,"00260001","060027222",68079013,1,41190300,2,100,10,2
"79",7,170,68,68079,"00270001","060027204",68079013,1,41190300,2,540,0.01,0.0108
"80",7,170,68,68079,"00290001","060027202",68079013,1,41190300,2,200,0.01,0.004
"81",7,170,68,68079,"00300001","060025541",68079010,1,42140100,2,50,10,1
"82",7,170,68,68079,"00350000","009999336",68079020,1,41190300,2,200,3500,1400
"83",7,170,68,68079,"00350000","009999336",68079020,2,41190700,2,200,3500,1400
"84",7,170,68,68079,"00370000","000000081",68079011,0,41190300,1,100,750,75
"85",7,170,68,68079,"00370000","009999115",68079011,1,41190300,1,100,750,75
"86",7,170,68,68079,"00370001","060028572",68079011,1,41190300,1,100,7.5,0.75
"87",7,170,68,68079,"00390000","009998977",68079008,1,41190300,2,500,500,500
"88",7,170,68,68079,"00400000","009999326",68079005,1,41180201,1,20,200,4
"89",7,170,68,68079,"00400000","009999326",68079005,2,41190300,1,20,200,4
"90",7,170,68,68079,"00510000","009995000",68079003,1,41190400,2,100,500,100
"91",7,170,68,68079,"00520000","009999328",68079020,1,41190300,1,300,1000,300
"92",7,170,68,68079,"00580000","009998981",68079008,1,41190300,2,1300,500,1300
"93",7,170,68,68079,"00580000","009999179",68079004,1,41190300,1,80,1000,80
"94",7,170,68,68079,"00680000","000000003",68079010,0,41190300,11,100,1,1.1
"95",7,170,68,68079,"00680000","009998198",68079010,1,41180201,9,100,1000,900
"96",7,170,68,68079,"00680000","009998198",68079010,2,41190300,5,100,2000,1000
"97",7,170,68,68079,"00680000","009999789",68079010,1,41190300,10,100,1,1
"98",7,170,68,68079,"00690000","009998670",68079004,1,42140100,1,1500,500,750
"99",7,170,68,68079,"00780000","009999178",68079004,1,41190300,0,0,0,0
"100",7,170,68,68079,"00830000","001450499",68079015,1,41180201,1,100,1000,100
"101",7,170,68,68079,"00830000","001450499",68079015,2,41190300,1,50,1000,50
"102",7,170,68,68079,"01080000","009999138",68079019,1,41190300,2,350,1500,1050
"103",7,170,68,68079,"01150000","009999176",68079004,1,41190300,1,200,1000,200
"104",7,170,68,68079,"01180000","009999148",68079004,1,41180201,1,200,1000,200
"105",7,170,68,68079,"01180000","009999148",68079004,2,41190300,1,300,1000,300
"106",7,170,68,68079,"01350000","009998643",68079012,1,41190500,1,200,500,100
"107",7,170,68,68079,"01550000","009999123",68079014,1,41190300,2,1,500,1
"108",7,170,68,68079,"01550001","060027063",68079012,2,41120111,0,0,0,0
"109",7,170,68,68079,"01720000","009998839",68079003,1,41190300,1,500,1500,750
"110",7,170,68,68079,"01720000","009998839",68079003,2,41190600,1,250,1500,375
"111",7,170,68,68079,"01720000","009998839",68079003,3,41190700,1,250,1500,375
"112",7,170,68,68079,"01800000","003491862",68079006,1,41190300,2,100,1000,200
"113",7,170,68,68079,"01970000","009998638",68079010,1,41190300,0,0,0,0
"114",7,170,68,68079,"02050000","009998636",68079010,1,41189900,7,40,1000,280
"115",7,170,68,68079,"02050000","009998636",68079010,2,41190300,11,40,1000,440
"116",7,170,68,68079,"02330000","009997744",68079003,1,41180201,0,0,0,0
"117",7,170,68,68079,"02350001","060025555",68079010,1,41190300,2,200,10,4
"118",7,170,68,68079,"02500001","060025562",68079013,2,41180201,2,600,0.01,0.012
"119",7,170,68,68079,"02580000","009997810",68079003,1,41190300,1,2,1300,2.6
"120",7,170,68,68081,"00000000","081498016",68081002,18,41180201,4,400,1,1.6
"121",7,170,68,68081,"00000000","081498016",68081002,28,41190300,5,1400,1,7
"122",7,170,68,68081,"00000000","089002473",68689016,18,41190300,0,0,0,0
"123",7,170,68,68081,"00010000","001960902",68081052,1,41190300,1,1000,300,300
"124",7,170,68,68081,"00010000","089001199",68081034,18,41199900,0,0,0,0
"125",7,170,68,68081,"00050000","081498007",68081002,18,41190600,0,0,0,0
"126",7,170,68,68081,"00050000","089002537",68081021,18,41190300,1,250,100,25
"127",7,170,68,68081,"00060000","009990993",68081032,1,41190300,2,850,500,850
"128",7,170,68,68081,"00060000","009990993",68081032,2,41190600,2,850,500,850
"129",7,170,68,68081,"00060000","009990993",68081032,3,41191000,2,850,500,850
"130",7,170,68,68081,"00090000","081498015",68081044,18,41190300,1,20,1,0.02
"131",7,170,68,68081,"00090000","081498015",68081044,28,41191000,1,20,1,0.02
"132",7,170,68,68081,"00130000","009991413",68081034,1,41190300,1,300,500,150
"133",7,170,68,68081,"00130000","009991417",68081021,1,41190300,0,0,0,0
"134",7,170,68,68081,"00130000","009991418",68081034,1,41190300,0,0,0,0
"135",7,170,68,68081,"00130000","009991418",68081034,2,41191000,0,0,0,0
"136",7,170,68,68081,"00130000","009991418",68081034,3,41199900,0,0,0,0
"137",7,170,68,68081,"00130000","009991419",68081034,1,41180201,2,400,1000,800
"138",7,170,68,68081,"00130000","009991419",68081034,2,41190300,2,300,1000,600
"139",7,170,68,68081,"00130000","009991421",68081034,1,41190300,0,0,0,0
"140",7,170,68,68081,"00130000","009991421",68081034,2,41191000,0,0,0,0
"141",7,170,68,68081,"00130000","009991421",68081034,3,41199900,0,0,0,0
"142",7,170,68,68081,"00130000","009991422",68081034,1,41190600,0,0,0,0
"143",7,170,68,68081,"00130000","009991424",68081034,1,41190300,0,0,0,0
"144",7,170,68,68081,"00130000","009991427",68081034,1,41190300,1,5000,2,10
"145",7,170,68,68081,"00130000","009991427",68081034,2,41191000,1,10000,3,30
"146",7,170,68,68081,"00130000","009991429",68081034,1,41190300,0,0,0,0
"147",7,170,68,68081,"00130000","009991429",68081034,2,41190600,0,0,0,0
"148",7,170,68,68081,"00170000","009991452",68081010,1,41190300,2,100,1,0.2
"149",7,170,68,68081,"00170000","009991452",68081010,2,41190600,1,100,1,0.1
"150",7,170,68,68081,"00180000","009990994",68081037,1,41190300,1,500,150,75
"151",7,170,68,68081,"00180000","009990994",68081037,2,41199900,2,20,1000,40
"152",7,170,68,68081,"00240000","009991708",68081010,1,41190300,1,2000,500,1000
"153",7,170,68,68081,"00260000","089001355",68081044,18,41190300,1,2000,300,600
"154",7,170,68,68081,"00280000","089001180",68081049,18,41190300,2,7000,500,7000
"155",7,170,68,68081,"00310000","009991706",68081010,1,41190300,1,2500,500,1250
"156",7,170,68,68081,"00310000","009991706",68081010,2,41190600,1,600,500,300
"157",7,170,68,68081,"00350000","009991127",68081021,1,41180201,0,0,0,0
"158",7,170,68,68081,"00350000","009991127",68081021,2,41190300,0,0,0,0
"159",7,170,68,68081,"00350000","009991127",68081021,3,41190600,0,0,0,0
"160",7,170,68,68081,"00400000","009991711",68081010,1,41190300,9,1,500,4.5
"161",7,170,68,68081,"00500000","089002467",68081034,18,41190600,0,0,0,0
"162",7,170,68,68081,"00540000","009991838",68081010,1,41190300,1,50,750,37.5
"163",7,170,68,68081,"00650000","089002458",68081033,18,41190300,2,1500,250,750
"164",7,170,68,68081,"00650000","089900132",68081033,18,41190300,2,1500,250,750
"165",7,170,68,68081,"00680001","060025939",68081033,1,41190300,2,1500,2.5,7.5
"166",7,170,68,68081,"00700000","089900387",68081028,18,41190300,3,300,500,450
"167",7,170,68,68081,"00700000","089900387",68081028,28,41190600,3,100,500,150
"168",7,170,68,68081,"00750000","089900192",68081009,18,41180700,0,0,0,0
"169",7,170,68,68081,"00750000","089900192",68081009,28,41190300,2,4000,20,160
"170",7,170,68,68081,"00750000","089900192",68081009,38,41190600,2,3000,50,300
"171",7,170,68,68081,"00750000","089900192",68081009,48,41191000,1,4000,50,200
"172",7,170,68,68081,"00890000","009990849",68689016,1,41190300,0,0,0,0
"173",7,170,68,68081,"00890000","009990849",68689016,2,41190600,0,0,0,0
"174",7,170,68,68081,"00900000","009991689",68081009,1,41190300,1,4000,50,200
"175",7,170,68,68081,"01130000","009991479",68081023,1,41180201,2,200,450,180
"176",7,170,68,68081,"01130000","009991479",68081023,2,41190300,2,800,450,720
"177",7,170,68,68081,"01130000","009991479",68081023,3,41190600,2,200,450,180
"178",7,170,68,68081,"01140000","089001216",68081023,18,41190300,1,2500,600,1500
"179",7,170,68,68081,"01140000","089001216",68081023,28,41190600,1,2500,600,1500
"180",7,170,68,68081,"01200000","089002536",68081021,18,41190300,1,100,3,0.3
"181",7,170,68,68081,"01200000","089002536",68081021,28,41190600,1,100,1,0.1
"182",7,170,68,68081,"01210000","009991121",68081021,1,41190300,2,4000,1,8
"183",7,170,68,68081,"01250000","009991984",68081035,1,41199900,2,600,750,900
"184",7,170,68,68081,"01330000","089900200",68081050,18,41190300,2,600,500,600
"185",7,170,68,68081,"01480000","089001346",68081023,18,41190300,0,0,0,0
"186",7,170,68,68081,"01480000","089001346",68081023,28,41190600,0,0,0,0
"187",7,170,68,68081,"01480000","089001346",68081023,38,41190900,0,0,0,0
"188",7,170,68,68081,"01490000","081498050",68081050,18,41190300,1,7000,3000,21000
"189",7,170,68,68081,"01490000","081498050",68081050,28,41190600,2,2500,1500,7500
"190",7,170,68,68081,"01490000","081498050",68081050,38,41199900,1,300,1000,300
"191",7,170,68,68081,"01490000","089001336",68081023,18,41190300,0,0,0,0
"192",7,170,68,68081,"01540000","009991690",68081050,1,41190300,1,50,250,12.5
"193",7,170,68,68081,"01540000","009991690",68081050,2,41190600,1,50,250,12.5
"194",7,170,68,68081,"01570000","009991117",68081021,1,41190300,2,2000,500,2000
"195",7,170,68,68081,"01570001","060025963",68081021,1,41190300,2,2000,5,20
"196",7,170,68,68081,"01600000","009991845",68081050,1,41190300,2,200,500,200
"197",7,170,68,68081,"01600000","009991845",68081050,2,41190600,2,200,500,200
"198",7,170,68,68081,"01650000","081498061",68081050,18,41190300,2,500,500,500
"199",7,170,68,68081,"01650000","081498061",68081050,28,41190600,1,200,400,80
"200",7,170,68,68081,"01720000","089001334",68081023,18,41120199,0,0,0,0
"201",7,170,68,68081,"01720000","089001334",68081023,28,41190300,0,0,0,0
"202",7,170,68,68081,"01720000","089001334",68081023,38,41190600,0,0,0,0
"203",7,170,68,68081,"01780000","089002472",68081023,18,41189900,1,500,150,75
"204",7,170,68,68081,"01810000","089900193",68081050,18,41190300,1,4000,1250,5000
"205",7,170,68,68081,"01810000","089900193",68081050,28,41190600,1,1000,1000,1000
"206",7,170,68,68081,"01860000","088001687",68081051,18,41190300,1,400,340,136
"207",7,170,68,68081,"01870000","009990852",68689016,1,41180201,1,750,250,187.5
"208",7,170,68,68081,"01870000","009990852",68689016,2,41199900,2,1500,1000,3000
"209",7,170,68,68081,"02130000","089001303",68081051,18,41190400,1,300,500,150
"210",7,170,68,68081,"02350000","009991377",68081051,1,41190300,1,150,500,75
"211",7,170,68,68081,"02350000","009991377",68081051,2,41199900,2,150,500,150
"212",7,170,68,68081,"03390000","009991157",68081019,1,41190300,1,300,500,150
"213",7,170,68,68081,"03660000","081498046",68081016,18,41190600,1,100,500,50
"214",7,170,68,68081,"03660001","060026586",68081016,1,41190600,1,100,5,0.5
"215",7,170,68,68081,"04350000","009991843",68081022,1,41190300,1,300,500,150
"216",7,170,68,68081,"04350000","009991843",68081022,2,41190600,1,150,700,105
"217",7,170,68,68081,"04500000","001160654",68081039,1,41190300,1,200,15,3
"218",7,170,68,68081,"04500000","001160654",68081039,2,41190600,1,200,15,3
"219",7,170,68,68081,"04930000","001160653",68081026,1,41190300,1,300,2,0.6
"220",7,170,68,68081,"05250000","001160749",68081022,1,41190300,0,0,0,0
"221",7,170,68,68081,"07280000","009991449",68081036,1,41190300,1,1500,1,1.5
"222",7,170,68,68081,"07280000","009991449",68081036,2,41190600,1,1500,1,1.5
"223",7,170,68,68081,"07410000","089001295",68081007,18,41120199,0,0,0,0
"224",7,170,68,68081,"07410000","089001295",68081007,28,41190400,1,1200,500,600
"225",7,170,68,68081,"08330000","009991704",68081010,1,41190300,1,2000,500,1000
"226",7,170,68,68081,"10320000","009991703",68081010,1,41190300,1,500,1,0.5
"227",7,170,68,68081,"10320000","009991703",68081010,2,41190600,1,150,1,0.15
"228",7,170,68,68081,"10660000","009991697",68081051,1,41190300,1,400,2000,800
"229",7,170,68,68081,"10660000","009991697",68081051,2,41191000,1,400,2000,800
"230",7,170,68,68081,"10850000","009991771",68081040,1,41190300,11,150,2000,3300
"231",7,170,68,68081,"12790000","009991696",68081010,1,41190300,1,400,1,0.4
"232",7,170,68,68081,"14520000","089900185",68081012,18,41180201,3,100,500,150
"233",7,170,68,68081,"14520000","089900185",68081012,28,41190300,3,100,500,150
"234",7,170,68,68081,"14520000","089900185",68081012,38,41190600,3,100,500,150
"235",7,170,68,68081,"14750000","009990387",68081010,1,41190300,1,1,1,0.001
"236",7,170,68,68081,"14810000","009991159",68081010,1,41190300,1,2000,3,6
"237",7,170,68,68081,"14810000","009991159",68081010,2,41190600,1,500,1,0.5
"238",7,170,68,68081,"14820000","009991695",68081010,1,41190300,2,500,500,500
"239",7,170,68,68081,"14820000","009991695",68081010,2,41191000,2,500,500,500
"240",7,170,68,68081,"15450000","009991836",68081010,1,41190300,1,100,500,50
"241",7,170,68,68081,"15450000","009991836",68081010,2,41190600,1,20,750,15
"242",7,170,68,68081,"15460000","009991833",68081010,1,41190300,2,200,316,126.4
"243",7,170,68,68081,"15460000","009991833",68081010,2,41190600,1,200,116,23.2
"244",7,170,68,68081,"23010000","009991692",68081051,1,41191000,1,1,500,0.5
"245",7,170,68,68081,"99990000","089001331",68081028,18,41190300,2,300,800,480
"246",7,170,68,68081,"99990000","089001344",68081028,18,41180201,2,1000,250,500
"247",7,170,68,68081,"99990000","089001344",68081028,28,41190300,2,2000,250,1000
"248",7,170,68,68081,"99990000","089001344",68081028,38,41190600,1,1500,750,1125
"249",7,170,68,68092,"00030000","083004171",68092023,18,41190300,1,100,500,50
"250",7,170,68,68092,"00080000","003001625",68092032,1,41190300,0,0,0,0
"251",7,170,68,68092,"00110000","083004248",68092012,18,41190300,0,0,0,0
"252",7,170,68,68092,"00110000","083004248",68092012,28,41191000,0,0,0,0
"253",7,170,68,68092,"00110000","083004260",68092012,18,41190300,1,230,1000,230
"254",7,170,68,68092,"00170000","083003562",68092032,18,41180201,0,0,0,0
"255",7,170,68,68092,"00260000","003010747",68092004,1,41190300,0,0,0,0
"256",7,170,68,68092,"00260000","083001826",68092006,18,41190300,2,1000,750,1500
"257",7,170,68,68092,"00340000","083010725",68092021,18,41199900,1,20,800,16
"258",7,170,68,68092,"00390000","083004399",68092029,18,41190300,0,0,0,0
"259",7,170,68,68092,"00390000","083004399",68092029,28,41190400,1,250,200,50
"260",7,170,68,68092,"00420000","083003490",68092012,18,41190300,2,5000,1000,10000
"261",7,170,68,68092,"00580000","083004367",68092028,18,41199900,0,0,0,0
"262",7,170,68,68092,"00650000","003004304",68092030,1,41190300,2,400,500,400
"263",7,170,68,68092,"00670000","003003535",68092030,1,41180201,0,0,0,0
"264",7,170,68,68092,"00670000","003003535",68092030,2,41190300,0,0,0,0
"265",7,170,68,68092,"00680000","083004354",68092024,18,41180201,0,0,0,0
"266",7,170,68,68092,"00700000","083004183",68092020,18,41190300,3,100,500,150
"267",7,170,68,68092,"00720000","003004335",68092024,1,41180201,1,1,500,0.5
"268",7,170,68,68092,"00720000","083004350",68092024,18,41180201,0,0,0,0
"269",7,170,68,68092,"00800000","083004388",68092024,18,41190400,2,100,500,100
"270",7,170,68,68092,"00980000","003003588",68092009,1,41180201,0,0,0,0
"271",7,170,68,68092,"01100000","002459084",68092009,1,41180201,1,800,500,400
"272",7,170,68,68092,"02270000","083001713",68092006,18,41190300,1,200,500,100
"273",7,170,68,68092,"03230000","083004243",68092002,18,41180201,1,190,1500,285
"274",7,170,68,68092,"03230000","083004243",68092002,28,41190300,1,200,1500,300
"275",7,170,68,68092,"03370000","082397276",68092002,18,41190300,1,300,500,150
"276",7,170,68,68092,"03620000","083004194",68092020,18,41180201,1,500,500,250
"277",7,170,68,68092,"04880000","083004217",68092006,18,41190300,5,500,450,1125
"278",7,170,68,68092,"04880000","083004217",68092006,28,41190600,2,100,500,100
"279",7,170,68,68092,"06480000","083010856",68092006,18,41190300,0,0,0,0
"280",7,170,68,68092,"06480000","083010856",68092006,28,41191000,0,0,0,0
"281",7,170,68,68092,"06790000","083004218",68092031,18,41190300,2,6000,500,6000
"282",7,170,68,68092,"07390000","083010855",68092031,18,41180201,0,0,0,0
"283",7,170,68,68101,"00070000","003012977",68101024,1,41190500,0,0,0,0
"284",7,170,68,68101,"00070000","003012977",68101024,2,41191000,0,0,0,0
"285",7,170,68,68101,"00160000","003056833",68101002,1,41190300,0,0,0,0
"286",7,170,68,68101,"00160000","003056833",68101002,2,41190600,0,0,0,0
"287",7,170,68,68101,"00190000","003020636",68101095,1,41199900,1,10,100,1
"288",7,170,68,68101,"00280000","003013086",68101058,1,41180201,2,4,1,0.008
"289",7,170,68,68101,"00280000","003013086",68101058,2,41190300,2,4,1,0.008
"290",7,170,68,68101,"00350000","003057118",68101090,1,41180201,1,200,1,0.2
"291",7,170,68,68101,"00390000","003018613",68101067,1,41180201,0,0,0,0
"292",7,170,68,68101,"00390000","003018613",68101067,2,41190300,0,0,0,0
"293",7,170,68,68101,"00470000","001023477",68101018,1,41180201,0,0,0,0
"294",7,170,68,68101,"00470000","001023477",68101018,2,41190300,1,500,500,250
"295",7,170,68,68101,"00570000","003057050",68101022,1,41190300,1,60,500,30
"296",7,170,68,68101,"00570000","003057050",68101022,2,41190400,1,50,500,25
"297",7,170,68,68101,"00830000","003056932",68385027,1,41190300,2,1000,2505,5010
"298",7,170,68,68101,"00930000","003057040",68101048,1,41180201,1,100,500,50
"299",7,170,68,68101,"00950000","003018432",68101071,1,41190300,2,500,1,1
"300",7,170,68,68101,"00960000","001023271",68101029,1,41190300,11,700,1,7.7
"301",7,170,68,68101,"00960000","001023271",68101029,2,41199900,6,700,1,4.2
"302",7,170,68,68101,"01520000","003000236",68101028,1,41199900,0,0,0,0
"303",7,170,68,68101,"01520000","003012948",68101082,1,41190200,1,1500,350,525
"304",7,170,68,68101,"01750000","003012806",68101012,1,41180201,1,500,500,250
"305",7,170,68,68101,"01860000","001023424",68101026,1,41190300,1,1500,400,600
"306",7,170,68,68101,"01880000","003018538",68101012,1,41180201,1,1000,400,400
"307",7,170,68,68101,"02290000","003018512",68101041,1,41120108,0,0,0,0
"308",7,170,68,68101,"02290000","003018512",68101041,2,41190400,1,700,350,245
"309",7,170,68,68101,"02400000","003018536",68101084,1,41180201,1,100,400,40
"310",7,170,68,68101,"02880000","003018495",68101041,1,41180201,2,900,400,720
"311",7,170,68,68101,"02890000","003018452",68101041,1,41180201,1,50,300,15
"312",7,170,68,68101,"02890000","003018452",68101041,2,41190500,1,5,3000,15
"313",7,170,68,68101,"02890000","003018452",68101041,3,41191000,1,50,300,15
"314",7,170,68,68101,"99990000","003012862",68101018,1,41190500,2,500,250,250
"315",7,170,68,68101,"99990000","003012862",68101018,2,41191000,2,500,250,250
"316",7,170,68,68121,"00460000","083000670",68121001,18,41190300,12,200,31,74.4
"317",7,170,68,68121,"00610000","083164697",68121007,18,41180201,1,300,300,90
"318",7,170,68,68121,"00960000","083000520",68679007,18,41190300,10,100,1000,1000
"319",7,170,68,68121,"06600000","083000720",68121001,18,41190300,1,2000,15,30
"320",7,170,68,68132,"00110000","085002240",68132001,18,41190200,1,1,125,0.125
"321",7,170,68,68132,"00110000","089002787",68132001,18,41190200,1,1,125,0.125
"322",7,170,68,68132,"00110001","022316462",68132001,1,41190200,1,1,1.25,0.00125
"323",7,170,68,68132,"00230000","085002330",68132002,18,41190200,1,20,250,5
"324",7,170,68,68132,"00480000","085004876",68132002,18,41120199,0,0,0,0
"325",7,170,68,68132,"00680001","022316501",68132003,1,41190200,12,15,1.25,0.225
"326",7,170,68,68147,"00030000","083017312",68147015,18,41190300,1,2500,500,1250
"327",7,170,68,68147,"00030000","083017312",68147015,28,41190400,1,1500,250,375
"328",7,170,68,68147,"00030001","060026320",68147015,2,41190300,1,2500,5,12.5
"329",7,170,68,68147,"00030001","060026567",68147015,2,41120199,0,0,0,0
"330",7,170,68,68147,"00320000","083017400",68147019,18,41190400,2,100,250,50
"331",7,170,68,68147,"00320001","060026495",68147019,1,41199900,2,100,2.5,0.5
"332",7,170,68,68147,"00710000","003079229",68147005,1,41180201,4,50,250,50
"333",7,170,68,68147,"00710000","003079229",68147005,2,41190300,11,50,225,123.75
"334",7,170,68,68152,"00700000","083014384",68152015,18,41199900,4,1000,250,1000
"335",7,170,68,68152,"00700001","022550056",68152008,1,41190200,4,1000,2.5,10
"336",7,170,68,68152,"01480000","083014389",68152008,18,41120199,0,0,0,0
"337",7,170,68,68152,"02590001","022318821",68152008,1,41190100,4,2000,3.5,28
"338",7,170,68,68160,"00360000","083023146",68160003,18,41190300,1,3000,1200,3600
"339",7,170,68,68160,"00360000","083023146",68160003,28,41190400,1,8000,500,4000
"340",7,170,68,68160,"00360000","083023146",68160003,38,41191000,1,1000,900,900
"341",7,170,68,68160,"00370000","083023151",68160003,18,41190300,2,500,750,750
"342",7,170,68,68160,"00470000","083022971",68160012,18,41190300,1,600,500,300
"343",7,170,68,68160,"00470000","083022971",68160012,28,41190700,1,600,500,300
"344",7,170,68,68160,"00480000","083023200",68160003,18,41190400,1,200,500,100
"345",7,170,68,68160,"00560000","083023031",68160012,18,41190300,1,50,5000,250
"346",7,170,68,68160,"00560000","083023071",68160012,18,41190300,1,200,1000,200
"347",7,170,68,68160,"00560000","083023071",68160012,28,41190400,1,200,1000,200
"348",7,170,68,68160,"00580000","083023078",68160012,18,41190400,2,6000,400,4800
"349",7,170,68,68160,"00580000","083023078",68160012,28,41190600,2,500,300,300
"350",7,170,68,68160,"00600000","003003664",68160009,1,41180201,1,20,500,10
"351",7,170,68,68160,"00610000","083023091",68160012,18,41180201,1,50,1500,75
"352",7,170,68,68160,"00650000","083023141",68160003,18,41190300,1,750,500,375
"353",7,170,68,68160,"00650000","083023141",68160003,28,41190400,1,700,500,350
"354",7,170,68,68160,"00650000","083023141",68160003,38,41190700,1,600,500,300
"355",7,170,68,68160,"01250000","083023075",68160012,18,41190300,1,100,2500,250
"356",7,170,68,68160,"01270000","083023074",68160012,18,41190300,1,100,2000,200
"357",7,170,68,68160,"01310000","083023090",68160012,18,41180201,1,100,500,50
"358",7,170,68,68160,"01310000","083023090",68160012,28,41190300,1,100,500,50
"359",7,170,68,68160,"01640000","083023108",68160003,18,41180201,1,600,500,300
"360",7,170,68,68160,"01640000","083023108",68160003,28,41190300,1,700,600,420
"361",7,170,68,68162,"00030000","083005970",68162001,18,41190200,1,20000,250,5000
"362",7,170,68,68162,"00150000","083394254",68207001,18,41190200,1,480000,125,60000
"363",7,170,68,68162,"00410000","083394331",68162007,18,41199900,0,0,0,0
"364",7,170,68,68162,"00610000","083394070",68162008,18,41190200,2,3000,250,1500
"365",7,170,68,68162,"00680000","083005867",68162006,18,41190200,1,20000,250,5000
"366",7,170,68,68162,"00910000","083005735",68162003,18,41190200,2,50,160,16
"367",7,170,68,68162,"01700001","022316851",68162005,1,41190100,1,1000,2.5,2.5
"368",7,170,68,68167,"00010000","003014927",68167009,1,41180201,12,5000,500,30000
"369",7,170,68,68167,"00030000","003014474",68167019,1,41180201,1,150,750,112.5
"370",7,170,68,68167,"00030000","003014474",68167019,2,41190300,1,80,1000,80
"371",7,170,68,68167,"00050000","083504331",68167024,18,41180201,3,400,500,600
"372",7,170,68,68167,"00050000","083504331",68167024,28,41190300,7,150,1500,1575
"373",7,170,68,68167,"00050000","083504331",68167024,38,41190700,4,40,1000,160
"374",7,170,68,68167,"00080000","003015149",68167024,1,41180201,1,500,250,125
"375",7,170,68,68167,"00110000","001643601",68167016,1,41180201,7,100,500,350
"376",7,170,68,68167,"00110000","001643601",68167016,2,41190300,1,50,400,20
"377",7,170,68,68167,"00110000","001643601",68167016,3,41190700,1,30,500,15
"378",7,170,68,68167,"00110000","081554017",68167002,18,41180201,1,1000,500,500
"379",7,170,68,68167,"00180000","001643798",68167010,1,41180201,5,200,500,500
"380",7,170,68,68167,"00180000","001643798",68167010,2,41190300,5,400,1000,2000
"381",7,170,68,68167,"00260000","003014676",68167018,1,41180201,1,20,500,10
"382",7,170,68,68167,"00260000","003014676",68167018,2,41190300,2,25,500,25
"383",7,170,68,68167,"00320000","003014944",68167005,1,41180201,0,0,0,0
"384",7,170,68,68167,"00320000","003014944",68167005,2,41189900,0,0,0,0
"385",7,170,68,68167,"00320000","003014944",68167005,3,41190300,0,0,0,0
"386",7,170,68,68167,"00500000","081554103",68167004,18,41190300,1,400,500,200
"387",7,170,68,68167,"00500000","081554103",68167004,28,41190400,1,400,500,200
"388",7,170,68,68167,"00540000","003015075",68167019,1,41110000,0,0,0,0
"389",7,170,68,68167,"00610000","083015112",68167009,18,41180201,1,3500,400,1400
"390",7,170,68,68167,"00610000","083015112",68167009,28,41190300,11,3500,400,15400
"391",7,170,68,68167,"00610000","083015112",68167009,38,41190500,11,3500,400,15400
"392",7,170,68,68167,"00640000","003015101",68167009,1,41191000,1,300,500,150
"393",7,170,68,68167,"00680000","003014923",68167007,1,41190300,0,0,0,0
"394",7,170,68,68167,"00680000","003014923",68167007,2,41190700,0,0,0,0
"395",7,170,68,68167,"00720000","081554193",68167004,18,41190300,1,200,500,100
"396",7,170,68,68167,"00720000","081554193",68167004,28,41190400,1,200,500,100
"397",7,170,68,68167,"00920000","003504319",68167024,1,41191000,1,500,500,250
"398",7,170,68,68167,"01030000","083014653",68167018,18,41180201,2,500,800,800
"399",7,170,68,68167,"01030000","083014653",68167018,28,41190300,1,200,400,80
"400",7,170,68,68167,"01060000","081554120",68167004,18,41190300,1,250,7500,1875
"401",7,170,68,68167,"01060000","081554120",68167004,28,41191000,1,250,7500,1875
"402",7,170,68,68167,"01230000","003014697",68167018,1,41180201,1,3333,500,1666.5
"403",7,170,68,68167,"01230000","003014697",68167018,2,41190300,1,3333,1000,3333
"404",7,170,68,68167,"01230000","003014697",68167018,3,41190500,1,3333,1000,3333
"405",7,170,68,68167,"01240000","001385650",68167020,1,41180201,1,200,500,100
"406",7,170,68,68167,"01280000","003015168",68167008,1,41180201,1,25,250,6.25
"407",7,170,68,68167,"01280000","003015168",68167008,2,41190300,1,25,250,6.25
"408",7,170,68,68167,"01340000","001385661",68167020,1,41180201,2,200,500,200
"409",7,170,68,68167,"01440000","083014884",68167009,18,41180201,1,200,1000,200
"410",7,170,68,68167,"01440000","083014884",68167009,28,41190700,1,200,1000,200
"411",7,170,68,68167,"01460001","060443481",68167009,1,41190300,1,200,7.5,1.5
"412",7,170,68,68167,"01630000","001643666",68167004,1,41180201,1,200,500,100
"413",7,170,68,68167,"01630000","001643666",68167004,2,41190300,1,200,500,100
"414",7,170,68,68167,"01720001","060443480",68167009,1,41190700,12,200,10,24
"415",7,170,68,68167,"01780000","003004595",68167003,1,41199900,0,0,0,0
"416",7,170,68,68167,"01840000","003014700",68167018,1,41190400,2,400,250,200
"417",7,170,68,68167,"02020000","083015182",68167024,18,41180201,1,200,500,100
"418",7,170,68,68167,"02020000","083409546",68167017,18,41180201,2,20000,500,20000
"419",7,170,68,68167,"02020000","083409546",68167017,28,41190300,2,6000,500,6000
"420",7,170,68,68167,"02170000","003004515",68167018,1,41180201,1,150,500,75
"421",7,170,68,68167,"02170000","003004515",68167018,2,41190700,1,100,1000,100
"422",7,170,68,68167,"02260000","003014981",68167024,1,41190300,1,200,500,100
"423",7,170,68,68167,"04520000","003014812",68167018,1,41180201,2,100,500,100
"424",7,170,68,68167,"04550000","003004521",68167018,1,41180201,1,300,250,75
"425",7,170,68,68167,"04550000","003004521",68167018,2,41190700,1,300,250,75
"426",7,170,68,68167,"05260000","003014669",68167018,1,41190300,1,300,500,150
"427",7,170,68,68169,"00300001","022318957",68169013,1,41190200,1,300,1,0.3
"428",7,170,68,68176,"00040000","003037835",68745036,1,41180201,1,60,500,30
"429",7,170,68,68176,"00040000","003053721",68176007,1,41190300,1,50,2000,100
"430",7,170,68,68176,"00120000","003037680",68176016,1,41190300,1,500,1,0.5
"431",7,170,68,68176,"00120000","003037680",68176016,2,41190700,0,0,0,0
"432",7,170,68,68176,"00120000","003037680",68176016,3,41191000,0,0,0,0
"433",7,170,68,68176,"00160000","003037927",68176006,1,41190300,1,600,500,300
"434",7,170,68,68176,"00180000","003019844",68176007,1,41190300,1,200,1000,200
"435",7,170,68,68176,"00230000","003019759",68176013,1,41180201,1,300,400,120
"436",7,170,68,68176,"00230000","003019759",68176013,2,41190300,1,300,1000,300
"437",7,170,68,68176,"00290000","003040008",68176011,1,41190300,1,500,500,250
"438",7,170,68,68176,"00370000","003037937",68176011,1,41190300,1,200,700,140
"439",7,170,68,68176,"00370000","003037937",68176011,2,41191000,1,200,700,140
"440",7,170,68,68176,"00470000","003037968",68745036,1,41180201,1,200,500,100
"441",7,170,68,68176,"00470000","003037968",68745036,2,41190300,1,200,750,150
"442",7,170,68,68176,"00480000","003019739",68176007,1,41190300,1,150,2000,300
"443",7,170,68,68176,"00520000","003019659",68176001,1,41190300,1,300,500,150
"444",7,170,68,68176,"00560000","003037784",68176012,1,41190300,1,200,1,0.2
"445",7,170,68,68176,"00580000","003019632",68176001,1,41190300,1,200,750,150
"446",7,170,68,68176,"00580000","003019751",68176004,1,41190300,1,120,1000,120
"447",7,170,68,68176,"00620000","003019624",68176001,1,41190300,1,2500,750,1875
"448",7,170,68,68176,"00700000","003019813",68176013,1,41190300,2,1000,750,1500
"449",7,170,68,68176,"00850000","003056691",68176012,1,41180201,1,40,125,5
"450",7,170,68,68176,"00910000","003037891",68176011,1,41120108,0,0,0,0
"451",7,170,68,68176,"00910000","003037891",68176011,2,41190300,2,600,500,600
"452",7,170,68,68176,"00930000","003019652",68176001,1,41190300,1,300,1000,300
"453",7,170,68,68176,"01010000","003056705",68211009,1,41190300,1,500,375,187.5
"454",7,170,68,68176,"01030000","000301974",68176015,0,41190300,1,1000,750,750
"455",7,170,68,68176,"01030000","000301974",68176015,0,41180201,1,200,750,150
"456",7,170,68,68176,"01030000","003019745",68176015,1,41180201,1,200,750,150
"457",7,170,68,68176,"01030000","003019745",68176015,2,41190300,1,1000,750,750
"458",7,170,68,68176,"01050000","003019674",68176015,1,41180201,2,1000,750,1500
"459",7,170,68,68176,"01050000","003019674",68176015,2,41190300,2,3000,750,4500
"460",7,170,68,68176,"01270000","003010003",68176011,1,41190400,1,500,1500,750
"461",7,170,68,68176,"20670000","003037830",68176011,1,41190300,1,300,500,150
"462",7,170,68,68179,"00620000","003023240",68179004,1,41190400,0,0,0,0
"463",7,170,68,68190,"00030000","003001306",68190026,1,41190300,4,500,600,1200
"464",7,170,68,68190,"00070000","002459042",68190028,1,41180201,2,1500,250,750
"465",7,170,68,68190,"00070000","002459042",68190028,2,41190300,2,600,250,300
"466",7,170,68,68190,"00100000","002459045",68190027,1,41190300,0,0,0,0
"467",7,170,68,68190,"00100000","003002202",68190018,1,41190300,3,1050,300,945
"468",7,170,68,68190,"00170000","002459104",68385023,1,41180201,1,2000,350,700
"469",7,170,68,68190,"00170000","002459104",68385023,2,41190300,1,2000,500,1000
"470",7,170,68,68190,"00180000","002459105",68385023,1,41180201,9,2000,500,9000
"471",7,170,68,68190,"00200000","003001526",68190002,1,41190300,1,2000,250,500
"472",7,170,68,68190,"00200001","060027913",68190002,1,41190100,1,250,2.5,0.625
"473",7,170,68,68190,"00290000","003002174",68190006,1,41190300,1,10000,350,3500
"474",7,170,68,68190,"00300000","002459041",68190025,1,41190300,1,400,400,160
"475",7,170,68,68190,"00300000","003018345",68190021,1,41190300,0,0,0,0
"476",7,170,68,68190,"00310000","003001354",68190028,1,41190300,3,200,500,300
"477",7,170,68,68190,"00310001","060027905",68190028,1,41190300,3,200,5,3
"478",7,170,68,68190,"00320000","003002377",68190032,1,41190300,7,300,600,1260
"479",7,170,68,68190,"00350000","003001276",68190027,1,41190300,1,400,250,100
"480",7,170,68,68190,"00350000","003002003",68385021,1,41190300,2,500,500,500
"481",7,170,68,68190,"00380000","002459117",68190025,1,41190300,1,250,166,41.5
"482",7,170,68,68190,"00400001","060028351",68190016,1,41190100,1,1000,5,5
"483",7,170,68,68190,"00430000","003002138",68190019,1,41190300,6,50,700,210
"484",7,170,68,68190,"00460000","003002615",68190029,1,41190300,1,2800,500,1400
"485",7,170,68,68190,"00470000","003001443",68190016,1,41190300,2,70,500,70
"486",7,170,68,68190,"00470000","003001447",68190028,1,41190300,2,300,500,300
"487",7,170,68,68190,"00470000","003002013",68385021,1,41190300,2,1300,500,1300
"488",7,170,68,68190,"00500000","002459039",68190025,1,41190300,2,2000,500,2000
"489",7,170,68,68190,"00500000","003002722",68190029,1,41190300,2,4000,380,3040
"490",7,170,68,68190,"00530000","003001229",68190030,1,41190300,1,1000,500,500
"491",7,170,68,68190,"00530000","003002632",68190013,1,41190300,1,600,10,6
"492",7,170,68,68190,"00550000","002459030",68190025,1,41190300,2,1000,500,1000
"493",7,170,68,68190,"00570000","003002612",68190029,1,41190300,3,2000,500,3000
"494",7,170,68,68190,"00610000","003001420",68190028,1,41190300,1,150,5000,750
"495",7,170,68,68190,"00630000","003002592",68190008,1,41190300,2,1200,750,1800
"496",7,170,68,68190,"00630000","003002592",68190008,2,41190600,0,0,0,0
"497",7,170,68,68190,"00660000","003001336",68190019,1,41190300,0,0,0,0
"498",7,170,68,68190,"00670000","003002263",68190011,1,41190300,2,150000,4500,1350000
"499",7,170,68,68190,"00670000","003002263",68190011,2,41190400,2,150000,4500,1350000
"500",7,170,68,68190,"00700000","003002168",68190013,1,41190300,1,500,500,250
"501",7,170,68,68190,"00700000","003002168",68190013,2,41190400,1,500,500,250
"502",7,170,68,68190,"00720000","003001451",68190023,1,41190300,2,2000,500,2000
"503",7,170,68,68190,"00750000","003002019",68190029,1,41190300,2,500,500,500
"504",7,170,68,68190,"00770000","003002619",68190013,1,41190300,1,1000,500,500
"505",7,170,68,68190,"00770000","003002619",68190013,2,41190600,1,1000,500,500
"506",7,170,68,68190,"00840000","003002192",68190017,1,41180201,1,500,1000,500
"507",7,170,68,68190,"00840000","003002192",68190017,2,41190600,1,100,1000,100
"508",7,170,68,68190,"00850000","003002139",68190002,1,41190300,3,3,700,6.3
"509",7,170,68,68190,"00870000","003002388",68190032,1,41190300,2,500,500,500
"510",7,170,68,68190,"00870001","060028490",68190032,1,41190300,2,500,5,5
"511",7,170,68,68190,"00918414","060027926",68190033,1,41190300,1,2000,15,30
"512",7,170,68,68190,"00920001","060028265",68190017,2,41190300,1,2500,10.32,25.8
"513",7,170,68,68190,"00960000","003001267",68190028,1,41199900,1,2000,120,240
"514",7,170,68,68190,"01030000","003018356",68190027,1,41190300,3,2000,500,3000
"515",7,170,68,68190,"01160000","003001253",68190027,1,41190300,1,150,350,52.5
"516",7,170,68,68190,"01160000","003002096",68385021,1,41190300,2,2000,500,2000
"517",7,170,68,68190,"01500001","060028355",68190018,1,41190100,1,200,7.5,1.5
"518",7,170,68,68190,"01660000","003001421",68190028,1,41190300,1,2000,1000,2000
"519",7,170,68,68190,"02030000","003002314",68190007,1,41190300,2,400,500,400
"520",7,170,68,68190,"02030000","003002314",68190007,2,41191000,2,400,500,400
"521",7,170,68,68190,"02160000","003001517",68190000,1,41190300,10,1000,1,10
"522",7,170,68,68190,"02160001","060028343",68190000,1,42140100,10,1000,5,50
"523",7,170,68,68190,"02410000","003001313",68190028,1,41190300,1,1200,250,300
"524",7,170,68,68190,"02410001","060028102",68190028,1,41190300,1,1200,2.5,3
"525",7,170,68,68190,"02420000","003002247",68190000,1,41190300,0,0,0,0
"526",7,170,68,68190,"02420000","003002247",68190000,2,41199900,0,0,0,0
"527",7,170,68,68190,"02850000","003001487",68190028,1,41190300,3,300,500,450
"528",7,170,68,68190,"02850001","060027901",68190028,1,42140100,3,300,5,4.5
"529",7,170,68,68190,"04030000","003001273",68190027,1,41190300,2,600,500,600
"530",7,170,68,68190,"04040000","003001228",68190027,1,41190300,3,1500,500,2250
"531",7,170,68,68207,"01240000","083011948",68207005,18,41199900,1,2000,500,1000
"532",7,170,68,68207,"01240001","022330617",68207005,1,41199900,2,1000,5,10
"533",7,170,68,68207,"01730000","001504809",68207006,1,41180201,1,500,500,250
"534",7,170,68,68207,"01890000","003012039",68207009,1,41190200,2,2000,250,1000
"535",7,170,68,68209,"00010000","083015988",68209007,18,41190300,1,50,500,25
"536",7,170,68,68209,"00010000","083015988",68209007,28,41190400,2,200,1000,400
"537",7,170,68,68209,"00080000","089900305",68209008,18,41180201,1,200,500,100
"538",7,170,68,68209,"00290000","089001640",68209008,18,41180201,1,400,500,200
"539",7,170,68,68209,"00300000","083506843",68209005,18,41180201,1,200,500,100
"540",7,170,68,68209,"00390000","089001602",68209002,18,41190300,0,0,0,0
"541",7,170,68,68209,"00400000","003012378",68209007,1,41190300,1,20,1500,30
"542",7,170,68,68209,"00400000","082183053",68209005,18,41190700,1,100,1,0.1
"543",7,170,68,68209,"00460000","083509483",68209009,18,41190300,2,500,750,750
"544",7,170,68,68209,"00490000","001543589",68500024,1,41190300,0,0,0,0
"545",7,170,68,68209,"00490000","001543589",68500024,2,41191000,0,0,0,0
"546",7,170,68,68209,"00520000","002459182",68209008,1,41180201,1,800,500,400
"547",7,170,68,68209,"00520000","002459182",68209008,2,41190300,1,700,500,350
"548",7,170,68,68209,"00540000","003012389",68209006,1,41180201,1,500,500,250
"549",7,170,68,68209,"00590000","003509427",68209009,1,41190300,1,400,500,200
"550",7,170,68,68209,"00590000","003509451",68209009,1,41190300,1,100,500,50
"551",7,170,68,68209,"00590000","089001618",68209002,18,41190300,1,200,500,100
"552",7,170,68,68209,"00600000","003018769",68209007,1,41180201,1,8000,500,4000
"553",7,170,68,68209,"00610000","003509456",68209009,1,41180201,1,1000,450,450
"554",7,170,68,68209,"00610000","003509456",68209009,2,41190300,1,1000,500,500
"555",7,170,68,68209,"00610000","003509456",68209009,3,41190700,1,1000,500,500
"556",7,170,68,68209,"00620000","003509426",68209009,1,41190300,1,4500,370,1665
"557",7,170,68,68209,"00620000","003509426",68209009,2,41190400,1,4500,370,1665
"558",7,170,68,68209,"00640000","002459155",68209008,1,41190300,1,525,500,262.5
"559",7,170,68,68209,"00640000","002459155",68209008,2,41191000,1,525,500,262.5
"560",7,170,68,68209,"00750000","003012365",68209006,1,41190300,1,500,500,250
"561",7,170,68,68209,"00750000","003012365",68209006,2,41191000,1,500,500,250
"562",7,170,68,68209,"00750000","003509365",68209009,1,41190300,1,500,500,250
"563",7,170,68,68209,"00830000","083509441",68209009,18,41180201,1,1500,500,750
"564",7,170,68,68209,"00830000","083509441",68209009,28,41190300,1,400,800,320
"565",7,170,68,68209,"00860000","083015936",68209006,18,41180201,1,100,500,50
"566",7,170,68,68209,"00880000","003015927",68209002,1,41190300,1,2500,500,1250
"567",7,170,68,68209,"00880000","003015927",68209002,2,41191000,1,2500,500,1250
"568",7,170,68,68209,"00890000","003012323",68209006,1,41199900,1,300,500,150
"569",7,170,68,68209,"00890000","003509214",68533006,1,41191000,1,50,500,25
"570",7,170,68,68209,"00910000","083506925",68524002,18,41180201,2,6000,3,36
"571",7,170,68,68209,"00920000","002459150",68209008,1,41180201,1,200,500,100
"572",7,170,68,68209,"00920000","003509329",68209004,1,41180201,1,200,500,100
"573",7,170,68,68209,"00920000","003509329",68209004,2,41190300,1,200,500,100
"574",7,170,68,68209,"00960000","083509493",68500016,18,41180201,4,10,250,10
"575",7,170,68,68209,"00980000","089001600",68533006,18,41180201,9,1,250,2.25
"576",7,170,68,68209,"00980000","089001600",68533006,28,41190300,7,1,250,1.75
"577",7,170,68,68209,"00990000","003509333",68209004,1,41190300,0,0,0,0
"578",7,170,68,68209,"00990000","083509473",68500016,18,41180201,1,500,500,250
"579",7,170,68,68209,"00990000","083509473",68500016,28,41190300,1,500,500,250
"580",7,170,68,68209,"01000000","003509250",68500016,1,41190400,1,1,250,0.25
"581",7,170,68,68209,"01020000","003018772",68209007,1,41191000,4,80,500,160
"582",7,170,68,68209,"01050000","083012370",68209007,18,41190300,1,100,500,50
"583",7,170,68,68209,"01060000","083012368",68209007,18,41190300,1,500,1000,500
"584",7,170,68,68209,"01060000","083012368",68209007,28,41190400,1,500,1000,500
"585",7,170,68,68209,"01150000","089001596",68209008,18,41180201,12,1,500,6
"586",7,170,68,68209,"01150000","089001596",68209008,28,41190300,9,1,500,4.5
"587",7,170,68,68209,"01190000","003506975",68524001,1,41180201,1,500,500,250
"588",7,170,68,68209,"01280000","083012337",68209007,18,41190300,1,300,500,150
"589",7,170,68,68209,"01280000","089001646",68209008,18,41190300,0,0,0,0
"590",7,170,68,68209,"01790000","083012364",68209007,18,41190400,1,50,500,25
"591",7,170,68,68209,"01970000","083012396",68209006,18,41180201,7,1,500,3.5
"592",7,170,68,68209,"01970000","083012396",68209006,28,41190300,8,1,500,4
"593",7,170,68,68209,"02020000","083015939",68209006,18,41190300,1,50,500,25
"594",7,170,68,68209,"02090000","083012397",68209006,18,41180201,1,50,300,15
"595",7,170,68,68209,"02090000","083012397",68209006,28,41190300,1,50,500,25
"596",7,170,68,68211,"00030000","083013370",68211008,18,41180201,1,1000,325,325
"597",7,170,68,68211,"00030000","083013370",68211008,28,41190300,1,1000,325,325
"598",7,170,68,68211,"00030000","083013370",68211008,38,41190700,1,500,325,162.5
"599",7,170,68,68211,"00030000","083024142",68211002,18,41180201,1,2000,500,1000
"600",7,170,68,68211,"00030000","083024142",68211002,28,41190300,1,2000,500,1000
"601",7,170,68,68211,"00070000","083005418",68211010,18,41190400,1,1500,400,600
"602",7,170,68,68211,"00070000","083013356",68211011,18,41190300,1,300,750,225
"603",7,170,68,68211,"00140000","083005435",68211010,18,41180201,1,800,500,400
"604",7,170,68,68211,"00170000","083005484",68211010,18,41180201,1,40,125,5
"605",7,170,68,68211,"00170000","083013407",68211005,18,41190400,1,100,500,50
"606",7,170,68,68211,"00170000","083024195",68211002,18,41199900,1,900,500,450
"607",7,170,68,68211,"00190000","083024164",68211002,18,41180201,2,500,1000,1000
"608",7,170,68,68211,"00200000","083013371",68211008,18,41180201,1,500,25,12.5
"609",7,170,68,68211,"00220000","083013296",68211012,18,41190400,1,150,500,75
"610",7,170,68,68211,"00240000","083005561",68211007,18,41180201,1,5,400,2
"611",7,170,68,68211,"00320000","083024128",68211002,18,41180201,11,10,720,79.2
"612",7,170,68,68211,"00330000","083005520",68211007,18,41180201,1,12,750,9
"613",7,170,68,68211,"00330000","083013469",68211012,18,41190300,0,0,0,0
"614",7,170,68,68211,"00390000","083013379",68245001,18,41190300,1,150,500,75
"615",7,170,68,68211,"00400000","083005563",68211007,18,41180201,1,2500,500,1250
"616",7,170,68,68211,"00400000","083005563",68211007,28,41190300,1,2500,500,1250
"617",7,170,68,68211,"00450000","083005581",68211006,18,41180201,1,20,400,8
"618",7,170,68,68211,"00450000","083005581",68211006,28,41190300,1,20,400,8
"619",7,170,68,68211,"00450000","083005581",68211006,38,41190700,1,20,400,8
"620",7,170,68,68211,"00470000","083005540",68211007,18,41180201,1,25,500,12.5
"621",7,170,68,68211,"00470000","083005540",68211007,28,41190300,1,25,500,12.5
"622",7,170,68,68211,"00500000","083013304",68211008,18,41189900,7,200,500,700
"623",7,170,68,68211,"00530000","083013402",68211011,18,41190400,7,100,1000,700
"624",7,170,68,68211,"00680000","083013381",68211008,18,41180201,1,50,250,12.5
"625",7,170,68,68211,"00680000","083013381",68211008,28,41190300,1,50,250,12.5
"626",7,170,68,68211,"00970000","083005311",68211999,18,41190400,2,1000,1000,2000
"627",7,170,68,68211,"02420000","083005211",68211001,18,41180201,1,150,500,75
"628",7,170,68,68211,"02460000","083005212",68211003,18,41180201,1,1000,500,500
"629",7,170,68,68211,"03100000","083005334",68211999,18,41190400,10,10,10,1
"630",7,170,68,68217,"00050000","009991517",68217026,1,41180201,1,200,500,100
"631",7,170,68,68217,"00060000","003020320",68217017,1,41190300,1,200,500,100
"632",7,170,68,68217,"00060000","003020320",68217017,2,41190500,1,100,500,50
"633",7,170,68,68217,"00130001","060445028",68217020,1,41190100,1,400,0.01,0.004
"634",7,170,68,68217,"00190000","089000961",68217018,18,41180201,0,0,0,0
"635",7,170,68,68217,"00190000","089000961",68217018,28,41190300,0,0,0,0
"636",7,170,68,68217,"00190000","089000962",68217018,18,41189900,1,250,1,0.25
"637",7,170,68,68217,"00190000","089000962",68217018,28,41190400,0,0,0,0
"638",7,170,68,68217,"00270000","083020334",68217017,18,41191000,1,200,1000,200
"639",7,170,68,68217,"00270001","060029865",68217017,1,41191000,1,200,20,4
"640",7,170,68,68217,"00300000","089000953",68217009,18,41180201,1,400,300,120
"641",7,170,68,68217,"00350000","081474851",68167007,18,41190300,1,300,1000,300
"642",7,170,68,68217,"00390000","003020249",68217017,1,41190300,1,300,1,0.3
"643",7,170,68,68217,"00460000","003020333",68217024,1,41180201,0,0,0,0
"644",7,170,68,68217,"00460000","003020333",68217024,2,41190300,0,0,0,0
"645",7,170,68,68217,"00520000","003021793",68217016,1,41180201,1,150,250,37.5
"646",7,170,68,68217,"00560001","060030272",68217002,2,41190700,6,80,0.02,0.0096
"647",7,170,68,68217,"00600000","081474887",68217004,18,41120199,0,0,0,0
"648",7,170,68,68217,"00640000","083013494",68217016,18,41190300,2,200,500,200
"649",7,170,68,68217,"00670000","083021913",68217010,18,41180201,1,150,250,37.5
"650",7,170,68,68217,"00670000","083021913",68217010,28,41190700,1,150,250,37.5
"651",7,170,68,68217,"00700000","081554270",68217018,18,41180201,1,1000,250,250
"652",7,170,68,68217,"00740000","009991608",68217025,1,41180201,1,300,50,15
"653",7,170,68,68217,"00740000","083021791",68217019,18,41180201,1,200,250,50
"654",7,170,68,68217,"00790000","083021844",68217016,18,41180201,2,100,250,50
"655",7,170,68,68217,"00810000","003021725",68217016,1,41180201,1,150,250,37.5
"656",7,170,68,68217,"00810000","003021725",68217016,2,41190300,0,0,0,0
"657",7,170,68,68217,"00960001","060445245",68217009,1,41190300,1,500,2.5,1.25
"658",7,170,68,68217,"01000000","009991502",68217025,1,41180201,1,100,5,0.5
"659",7,170,68,68217,"01000000","009991502",68217025,2,41190500,1,100,500,50
"660",7,170,68,68217,"01060001","060445513",68217007,1,41190300,1,20,3,0.06
"661",7,170,68,68217,"01090000","083020150",68217018,18,41120199,0,0,0,0
"662",7,170,68,68217,"01170000","083021849",68217017,18,41180201,0,0,0,0
"663",7,170,68,68217,"01170000","083021849",68217017,28,41199900,0,0,0,0
"664",7,170,68,68217,"01200001","060445039",68217020,1,41190100,1,500,5,2.5
"665",7,170,68,68217,"01300000","083021928",68217016,18,41190400,0,0,0,0
"666",7,170,68,68217,"01450000","009991511",68217009,1,41180201,1,100,500,50
"667",7,170,68,68217,"01460001","060032756",68217007,1,41180201,1,400,2.5,1
"668",7,170,68,68217,"01820001","060033313",68217002,1,41190500,4,15,0.01,6e-04
"669",7,170,68,68217,"01830000","003021861",68217019,1,41180201,1,300,250,75
"670",7,170,68,68217,"01860000","081554201",68217015,18,41180201,1,200,125,25
"671",7,170,68,68217,"02010001","060445512",68217007,1,41190300,1,100,0.01,0.001
"672",7,170,68,68217,"02430000","081474885",68217004,18,41180201,0,0,0,0
"673",7,170,68,68217,"02630000","009991514",68217009,1,41180201,1,100,1000,100
"674",7,170,68,68217,"02630000","009991514",68217009,2,41190500,1,100,1000,100
"675",7,170,68,68217,"02630000","009991514",68217009,3,41190700,1,50,1000,50
"676",7,170,68,68217,"06610000","083021792",68217016,18,41190400,1,3000,250,750
"677",7,170,68,68229,"00020000","003013744",68229017,1,41190300,1,300,1,0.3
"678",7,170,68,68229,"00030000","002101314",68229008,1,41190300,1,50,1,0.05
"679",7,170,68,68229,"00030000","002101314",68229008,2,41191000,1,5,1,0.005
"680",7,170,68,68229,"00030001","060446912",68229008,1,41190300,1,100,5,0.5
"681",7,170,68,68229,"00050000","083013804",68229014,18,41190300,1,100,500,50
"682",7,170,68,68229,"00060000","002178000",68679019,1,41190400,1,600,250,150
"683",7,170,68,68229,"00080000","082177984",68229008,18,41190300,1,200,1000,200
"684",7,170,68,68229,"00080000","082177984",68229008,28,41190400,1,200,1000,200
"685",7,170,68,68229,"00080001","060034579",68229008,1,41190300,1,400,5,2
"686",7,170,68,68229,"00110000","083013935",68229014,18,41190300,0,0,0,0
"687",7,170,68,68229,"00120001","060446506",68229010,1,41190300,2,4000,4.5,36
"688",7,170,68,68229,"00140000","083013933",68229014,18,41199900,1,15,650,9.75
"689",7,170,68,68229,"00240000","001192335",68229005,1,41190400,10,800,2500,20000
"690",7,170,68,68229,"00250000","001192334",68229005,1,41190400,1,700,500,350
"691",7,170,68,68229,"00280000","003004726",68229017,1,41180201,1,20,500,10
"692",7,170,68,68229,"00370000","001192333",68229005,1,41190400,0,0,0,0
"693",7,170,68,68229,"00400001","060033681",68229008,2,41190400,5,1000,10,50
"694",7,170,68,68229,"00990001","060034953",68229011,1,41190300,1,500,5,2.5
"695",7,170,68,68229,"01172706","060034899",68229011,1,41190300,1,3000,5,15
"696",7,170,68,68229,"01203540","060029997",68229011,1,41199900,1,300,1,0.3
"697",7,170,68,68229,"01290001","060034902",68229011,2,41190300,1,300,5,1.5
"698",7,170,68,68229,"02670000","003015742",68229015,1,41180201,1,400,350,140
"699",7,170,68,68229,"02670001","060032969",68229015,1,41190200,1,400,3.5,1.4
"700",7,170,68,68229,"02680000","003013727",68229005,1,41180201,1,30,500,15
"701",7,170,68,68229,"02890001","060033216",68229015,0,41190300,0,0,0,0
"702",7,170,68,68229,"02950001","060030654",68229015,1,41190300,1,56,5,0.28
"703",7,170,68,68229,"03340001","060030665",68229015,1,41190300,1,70,1,0.07
"704",7,170,68,68229,"03820000","003004781",68229015,1,41191000,1,40,875,35
"705",7,170,68,68229,"04850001","060034111",68229015,1,41190300,2,4000,4,32
"706",7,170,68,68235,"00010000","003019271",68235047,1,41190300,1,2000,500,1000
"707",7,170,68,68235,"00020000","003004459",68235054,1,41190300,3,85,1000,255
"708",7,170,68,68235,"00020000","003020992",68235054,1,41190300,2,50,500,50
"709",7,170,68,68235,"00020000","083021025",68235054,18,41190300,10,1,500,5
"710",7,170,68,68235,"00040000","000301000",68235020,0,41190300,1,100,500,50
"711",7,170,68,68235,"00060000","003019252",68235017,1,41190300,2,1000,500,1000
"712",7,170,68,68235,"00060000","083004487",68235036,18,41190300,1,300,1,0.3
"713",7,170,68,68235,"00070000","003019253",68235017,1,41190300,1,100,500,50
"714",7,170,68,68235,"00080000","003019094",68235054,1,41180201,2,50,3000,300
"715",7,170,68,68235,"00080000","083019114",68235054,18,41191000,2,100,250,50
"716",7,170,68,68235,"00090000","003019580",68235017,1,41190300,2,300,500,300
"717",7,170,68,68235,"00090000","003019580",68235017,2,41190500,2,300,500,300
"718",7,170,68,68235,"00090000","003019580",68235017,3,41190600,2,300,500,300
"719",7,170,68,68235,"00100000","003504714",68235061,1,41180201,2,200,450,180
"720",7,170,68,68235,"00150000","083504426",68235020,18,41190300,4,5000,450,9000
"721",7,170,68,68235,"00180000","000102004",68235016,0,41190300,2,6000,500,6000
"722",7,170,68,68235,"00250000","083021083",68235041,18,41190300,3,300,250,225
"723",7,170,68,68235,"00260000","003019124",68235053,1,41180201,1,100,500,50
"724",7,170,68,68235,"00260000","003019124",68235053,2,41190300,1,300,500,150
"725",7,170,68,68235,"00280000","083019579",68235022,18,41190300,2,300,500,300
"726",7,170,68,68235,"00280000","083020923",68235041,18,41190300,1,500,450,225
"727",7,170,68,68235,"00300000","003004540",68235054,1,41190300,2,100,450,90
"728",7,170,68,68235,"00300000","003019362",68235047,1,41190400,1,500,450,225
"729",7,170,68,68235,"00310000","003019280",68235047,1,41190300,2,2500,500,2500
"730",7,170,68,68235,"00310000","003021040",68235047,1,41180201,2,700,500,700
"731",7,170,68,68235,"00310000","003021040",68235047,2,41190300,2,700,500,700
"732",7,170,68,68235,"00310000","003021040",68235047,3,41190600,1,200,500,100
"733",7,170,68,68235,"00330000","003504466",68235029,1,41190300,6,350,500,1050
"734",7,170,68,68235,"00350000","003019387",68235047,1,41180201,2,100,500,100
"735",7,170,68,68235,"00350000","003019387",68235047,2,41190300,2,100,500,100
"736",7,170,68,68235,"00360000","003019224",68235017,1,41190300,12,1,500,6
"737",7,170,68,68235,"00360000","003019224",68235017,2,41190600,1,1,500,0.5
"738",7,170,68,68235,"00370000","003019431",68235047,1,41190300,1,100,1000,100
"739",7,170,68,68235,"00370000","003019431",68235047,2,41190500,1,100,1000,100
"740",7,170,68,68235,"00370000","003019431",68235047,3,41190600,1,10,1000,10
"741",7,170,68,68235,"00390000","003019125",68235053,1,41120108,0,0,0,0
"742",7,170,68,68235,"00390000","003019182",68235017,1,41190300,1,1500,500,750
"743",7,170,68,68235,"00390000","003019182",68235017,2,41190600,1,150,500,75
"744",7,170,68,68235,"00390000","003497884",68235029,1,41190300,7,300,1000,2100
"745",7,170,68,68235,"00440000","003018836",68235038,1,41190300,1,200,500,100
"746",7,170,68,68235,"00440000","083004461",68235030,18,41190300,2,300,500,300
"747",7,170,68,68235,"00440000","083019116",68235061,18,41190300,1,600,500,300
"748",7,170,68,68235,"00510000","003504583",68235027,1,41180201,1,60,250,15
"749",7,170,68,68235,"00520000","083497842",68235019,18,41190300,2,2500,500,2500
"750",7,170,68,68235,"00540000","083020931",68235036,18,41190500,10,30,2500,750
"751",7,170,68,68235,"00540000","083020931",68235036,28,41191000,4,30,700,84
"752",7,170,68,68235,"00600000","003504642",68235027,1,41190300,2,250,1000,500
"753",7,170,68,68235,"00620000","083504646",68235027,18,41180201,2,200,250,100
"754",7,170,68,68235,"00620000","083504646",68235027,28,41190300,2,200,250,100
"755",7,170,68,68235,"00630000","083019119",68235056,18,41190300,2,3000,500,3000
"756",7,170,68,68235,"00640000","083019367",68235056,18,41190300,1,200,500,100
"757",7,170,68,68235,"00640000","083497919",68235004,18,41190300,1,150,500,75
"758",7,170,68,68235,"00640000","083497919",68235004,28,41190600,1,150,500,75
"759",7,170,68,68235,"00650000","083020899",68235056,18,41190300,1,1000,750,750
"760",7,170,68,68235,"00650000","083020899",68235056,28,41190500,0,0,0,0
"761",7,170,68,68235,"00650000","083020899",68235056,38,41190600,0,0,0,0
"762",7,170,68,68235,"00680000","083020957",68235056,18,41190300,1,1600,1500,2400
"763",7,170,68,68235,"00690000","083019133",68235056,18,41190300,2,8000,500,8000
"764",7,170,68,68235,"00690000","083019133",68235056,28,41190600,1,500,500,250
"765",7,170,68,68235,"00700000","003019135",68235056,1,41190300,2,5000,450,4500
"766",7,170,68,68235,"00710000","003504557",68235009,1,41190300,2,400,500,400
"767",7,170,68,68235,"00710000","083020838",68235056,18,41190300,2,1000,500,1000
"768",7,170,68,68235,"00720000","083020837",68235056,18,41190300,2,1000,500,1000
"769",7,170,68,68235,"00730000","083497916",68235061,18,41190300,6,100,700,420
"770",7,170,68,68235,"00730000","083497916",68235061,28,41191000,12,200,250,600
"771",7,170,68,68235,"00750000","000202003",68235032,0,41190500,1,100,1000,100
"772",7,170,68,68235,"00760000","083020900",68235056,18,41190300,2,15000,420,12600
"773",7,170,68,68235,"00770000","083019120",68235056,18,41190300,2,2500,400,2000
"774",7,170,68,68235,"00780000","003021041",68235044,1,41190300,1,1000,1000,1000
"775",7,170,68,68235,"00790000","003497885",68235029,1,41190300,11,400,500,2200
"776",7,170,68,68235,"00790000","003504757",68235029,1,41190300,3,40,500,60
"777",7,170,68,68235,"00840000","003497648",68235021,1,41190300,1,400,500,200
"778",7,170,68,68235,"00840000","003497684",68235021,1,41190300,1,400,500,200
"779",7,170,68,68235,"00870000","081562072",68235008,18,41190300,2,500,500,500
"780",7,170,68,68235,"00890000","083021187",68235030,18,41191000,1,20,1000,20
"781",7,170,68,68235,"00910000","083018978",68235001,18,41180201,9,200,250,450
"782",7,170,68,68235,"00930000","083020937",68235054,18,41190300,2,100,500,100
"783",7,170,68,68235,"00990000","003004471",68235041,1,41190300,1,300,500,150
"784",7,170,68,68235,"01020000","003019266",68689010,1,41190300,1,300,1000,300
"785",7,170,68,68235,"01020000","003019266",68689010,2,41190600,1,100,1000,100
"786",7,170,68,68235,"01030000","003019361",68235047,1,41190300,2,120,750,180
"787",7,170,68,68235,"01030000","003019361",68235047,2,41191000,2,120,750,180
"788",7,170,68,68235,"01070000","003019203",68235056,1,41190300,9,700,500,3150
"789",7,170,68,68235,"01120000","003019027",68235019,1,41190300,6,4500,500,13500
"790",7,170,68,68235,"01160000","003497682",68235004,1,41190300,12,1,600,7.2
"791",7,170,68,68235,"01170000","083497665",68235004,18,41190300,2,1000,500,1000
"792",7,170,68,68235,"01170000","083497665",68235004,28,41191000,2,1000,500,1000
"793",7,170,68,68235,"01170000","083497681",68235004,18,41191000,2,6000,500,6000
"794",7,170,68,68235,"01180000","003019251",68235059,1,41180201,2,3000,700,4200
"795",7,170,68,68235,"01180000","003019251",68235059,2,41190300,2,3000,700,4200
"796",7,170,68,68235,"01180000","003020920",68235030,1,41190300,6,1800,500,5400
"797",7,170,68,68235,"01180000","083019440",68235063,18,41180201,4,180,500,360
"798",7,170,68,68235,"01180000","083019440",68235063,28,41191000,1,6,500,3
"799",7,170,68,68235,"01250000","083020836",68235056,18,41120199,0,0,0,0
"800",7,170,68,68235,"01320000","083019527",68235063,18,41190300,7,500,500,1750
"801",7,170,68,68235,"01340000","003497785",68235009,1,41190300,3,100,500,150
"802",7,170,68,68235,"01500000","083020815",68235019,18,41190300,10,6000,500,30000
"803",7,170,68,68235,"01500000","083020815",68235019,28,41191000,10,1000,500,5000
"804",7,170,68,68235,"01510000","083019150",68235019,18,41190300,2,500,450,450
"805",7,170,68,68235,"01520000","083020985",68235019,18,41190300,2,400,500,400
"806",7,170,68,68235,"01570000","083020987",68235004,18,41190300,1,4000,500,2000
"807",7,170,68,68235,"01590000","083004427",68235032,18,41190300,0,0,0,0
"808",7,170,68,68235,"01950000","083019134",68235056,18,41190300,2,3000,450,2700
"809",7,170,68,68235,"01970000","083020850",68235056,18,41191000,2,1000,500,1000
"810",7,170,68,68235,"01970000","083020990",68235056,18,41190300,1,1500,500,750
"811",7,170,68,68235,"01970000","083504645",68235027,18,41180201,8,250,500,1000
"812",7,170,68,68235,"01970000","083504645",68235027,28,41190300,2,300,500,300
"813",7,170,68,68235,"01970000","083504645",68235027,38,41190600,3,15,500,22.5
"814",7,170,68,68235,"02020000","083018875",68235033,18,41190400,1,100,250,25
"815",7,170,68,68235,"02140000","003019025",68235019,1,41199900,6,30,250,45
"816",7,170,68,68235,"02140000","003020908",68235004,1,41120108,0,0,0,0
"817",7,170,68,68235,"02140000","003020908",68235004,2,41190300,2,2000,5000,20000
"818",7,170,68,68235,"02350000","002250869",68235027,1,41180201,1,100,500,50
"819",7,170,68,68235,"02580000","003504413",68235048,1,41190300,1,300,600,180
"820",7,170,68,68235,"02660000","003497982",68235045,1,41180201,0,0,0,0
"821",7,170,68,68235,"02660000","003497982",68235045,2,41190300,1,650,80,52
"822",7,170,68,68235,"02660000","003497982",68235045,3,41190500,0,0,0,0
"823",7,170,68,68235,"02850000","000301003",68235020,0,41190300,2,80,500,80
"824",7,170,68,68235,"03020000","000304001",68235007,0,41190300,1,50,500,25
"825",7,170,68,68235,"03020000","083019583",68235017,18,41190300,1,500,500,250
"826",7,170,68,68235,"03130000","003497880",68235034,1,41180201,2,80,500,80
"827",7,170,68,68235,"03130000","083018820",68235017,18,41190300,1,1000,500,500
"828",7,170,68,68235,"03130000","083018821",68235017,18,41190300,1,150,500,75
"829",7,170,68,68235,"03130000","083018821",68235017,28,41190600,1,100,500,50
"830",7,170,68,68235,"03130000","083497960",68235034,18,41190300,0,0,0,0
"831",7,170,68,68235,"03440000","003497780",68235034,1,41190300,6,900,500,2700
"832",7,170,68,68235,"03510000","083019406",68235016,18,41190300,1,50,500,25
"833",7,170,68,68235,"03540000","000105002",68235016,0,41190300,7,100,500,350
"834",7,170,68,68235,"03770000","083019596",68235001,18,41190300,5,1000,500,2500
"835",7,170,68,68235,"03900000","003019267",68235044,1,41190300,1,400,1000,400
"836",7,170,68,68235,"03900000","003019267",68235044,2,41190600,1,200,1000,200
"837",7,170,68,68235,"04170000","003497856",68235026,1,41190300,2,300,1500,900
"838",7,170,68,68235,"04170000","003497856",68235026,2,41191000,2,200,500,200
"839",7,170,68,68235,"05260000","083504457",68235007,18,41190300,0,0,0,0
"840",7,170,68,68235,"05370000","083497950",68235007,18,41190300,5,80,500,200
"841",7,170,68,68235,"06430000","083497936",68235007,18,41190300,1,150,10,1.5
"842",7,170,68,68235,"06580000","001562303",68235015,1,41190300,1,1800,500,900
"843",7,170,68,68235,"06620000","003497607",68235034,1,41190300,1,1,1,0.001
"844",7,170,68,68235,"07140000","083019039",68235051,18,41180201,7,300,800,1680
"845",7,170,68,68235,"07140000","083019039",68235051,28,41190600,7,300,800,1680
"846",7,170,68,68235,"07330000","083020930",68235042,18,41190300,11,100,500,550
"847",7,170,68,68235,"07960000","003018911",68235019,1,41190300,9,100,500,450
"848",7,170,68,68235,"09540000","003497796",68235034,1,41120199,0,0,0,0
"849",7,170,68,68235,"09540000","003497796",68235034,2,41190300,1,1000,425,425
"850",7,170,68,68235,"10420000","083018999",68235031,18,41190300,2,7000,500,7000
"851",7,170,68,68235,"10420000","083019507",68235031,18,41190300,6,3000,1,18
"852",7,170,68,68235,"11270000","003019026",68235019,1,41199900,8,500,500,2000
"853",7,170,68,68245,"00080000","003045721",68245003,1,41180201,1,1300,430,559
"854",7,170,68,68245,"00080000","003045721",68245003,2,41190300,1,1300,430,559
"855",7,170,68,68245,"00080000","003045721",68245003,3,41199900,1,1300,430,559
"856",7,170,68,68245,"00100000","003045682",68245011,1,41190300,1,150,1000,150
"857",7,170,68,68245,"00110000","003041670",68245008,1,41190300,2,200,250,100
"858",7,170,68,68245,"00170000","003048104",68245007,1,41190300,1,500,500,250
"859",7,170,68,68245,"00260000","003048029",68245007,1,41190400,0,0,0,0
"860",7,170,68,68245,"00270000","003048097",68245007,1,41180201,1,40,250,10
"861",7,170,68,68245,"00320000","003045704",68245011,1,41190300,1,250,500,125
"862",7,170,68,68245,"00340000","003045637",68245004,1,41190300,1,50,1,0.05
"863",7,170,68,68245,"00380000","003048080",68245011,1,41120199,0,0,0,0
"864",7,170,68,68245,"00420000","003045621",68245004,1,41190300,1,2,500,1
"865",7,170,68,68245,"00510000","003048022",68245001,1,41180201,1,60,500,30
"866",7,170,68,68245,"00510000","003048210",68245012,1,41180201,1,300,500,150
"867",7,170,68,68245,"00540000","003041754",68245008,1,41190300,1,200,500,100
"868",7,170,68,68245,"00590000","003041645",68245008,1,41190300,0,0,0,0
"869",7,170,68,68245,"00590000","003045717",68245003,1,41199900,1,1600,450,720
"870",7,170,68,68245,"00600000","003045700",68245011,1,41180201,1,100,500,50
"871",7,170,68,68245,"00600000","003045700",68245011,2,41190300,1,100,500,50
"872",7,170,68,68245,"00650000","003048075",68245011,1,41180201,1,50,500,25
"873",7,170,68,68245,"00770000","003041660",68245008,1,41190400,2,300,400,240
"874",7,170,68,68245,"00800000","003048094",68245004,1,41180201,3,100,500,150
"875",7,170,68,68245,"00960000","003048242",68245005,1,41180201,2,500,1000,1000
"876",7,170,68,68245,"01760000","003048241",68245012,1,41180201,2,200,250,100
"877",7,170,68,68250,"01240000","083023219",68250002,18,41190300,2,1200,300,720
"878",7,170,68,68250,"03040000","088040638",68250021,18,41120199,0,0,0,0
"879",7,170,68,68250,"03410000","083040566",68250018,18,41190300,0,0,0,0
"880",7,170,68,68255,"00010000","003059279",68255012,1,41190300,2,500,250,250
"881",7,170,68,68255,"00010000","003059280",68255012,1,41180201,1,50,250,12.5
"882",7,170,68,68255,"00020000","003041282",68255003,1,41190300,2,1200,400,960
"883",7,170,68,68255,"00020000","003041594",68255012,1,41180300,2,150,500,150
"884",7,170,68,68255,"00020000","008255182",68255010,1,41190300,1,20,500,10
"885",7,170,68,68255,"00020000","008255182",68255010,2,41199900,1,50,500,25
"886",7,170,68,68255,"00030000","003041591",68255012,1,41180201,2,300,500,300
"887",7,170,68,68255,"00030000","003041591",68255012,2,41190300,2,300,500,300
"888",7,170,68,68255,"00040000","003041569",68255012,1,41180201,2,15000,400,12000
"889",7,170,68,68255,"00040000","003041569",68255012,2,41190300,2,20000,400,16000
"890",7,170,68,68255,"00040000","003041569",68255012,3,41190600,2,3000,400,2400
"891",7,170,68,68255,"00060000","003041293",68255003,1,41190300,10,220,500,1100
"892",7,170,68,68255,"00060000","003041311",68255011,1,41190300,1,300,750,225
"893",7,170,68,68255,"00070000","003041268",68255011,1,41190300,1,100,750,75
"894",7,170,68,68255,"00070000","003074300",68255001,1,41189900,12,4000,500,24000
"895",7,170,68,68255,"00080000","003041235",68255011,1,41190300,1,200,500,100
"896",7,170,68,68255,"00080000","003041235",68255011,2,41191000,1,50,500,25
"897",7,170,68,68255,"00080000","003041235",68255011,3,41199900,1,400,400,160
"898",7,170,68,68255,"00080001","060030227",68255011,1,42140100,1,5000,5,25
"899",7,170,68,68255,"00080001","060030283",68255003,1,41190300,1,500,2.5,1.25
"900",7,170,68,68255,"00090000","003059201",68255012,1,41180201,2,4000,500,4000
"901",7,170,68,68255,"00090000","003059201",68255012,2,41190300,2,500,500,500
"902",7,170,68,68255,"00090000","003059201",68255012,3,41190600,1,200,500,100
"903",7,170,68,68255,"00090000","003059321",68255013,1,41191000,1,500,250,125
"904",7,170,68,68255,"00090000","009992909",68255008,1,41180201,1,300,500,150
"905",7,170,68,68255,"00110000","009992890",68255012,1,41180201,2,100,250,50
"906",7,170,68,68255,"00110000","009992890",68255012,2,41190300,2,100,250,50
"907",7,170,68,68255,"00120000","003041464",68255006,1,41180201,0,0,0,0
"908",7,170,68,68255,"00120000","003059333",68255012,1,41180201,2,300,500,300
"909",7,170,68,68255,"00140000","003041216",68255004,1,41199900,0,0,0,0
"910",7,170,68,68255,"00140000","003041386",68255004,1,41180201,1,100,500,50
"911",7,170,68,68255,"00140000","003041386",68255004,2,41190300,0,0,0,0
"912",7,170,68,68255,"00150000","009992897",68255012,1,41180201,1,800,1000,800
"913",7,170,68,68255,"00150000","009992897",68255012,2,41190300,1,800,1000,800
"914",7,170,68,68255,"00150000","009992897",68255012,3,41191000,1,800,1000,800
"915",7,170,68,68255,"00160000","003041452",68255014,1,41190300,1,100,500,50
"916",7,170,68,68255,"00170000","003059264",68255012,1,41190300,3,3000,400,3600
"917",7,170,68,68255,"00180000","009992895",68255012,1,41180201,2,1000,500,1000
"918",7,170,68,68255,"00180000","009992895",68255012,2,41190300,2,1000,500,1000
"919",7,170,68,68255,"00210000","003041202",68255011,1,41190300,10,2,350,7
"920",7,170,68,68255,"00210000","003041202",68255011,2,41191000,5,2,350,3.5
"921",7,170,68,68255,"00210000","003413226",68255012,1,41180201,2,40,250,20
"922",7,170,68,68255,"00210000","003413226",68255012,2,41190300,2,40,250,20
"923",7,170,68,68255,"00220000","009993188",68255007,1,41180201,2,800,500,800
"924",7,170,68,68255,"00220000","009993188",68255007,2,41190300,2,800,500,800
"925",7,170,68,68255,"00220000","009993188",68255007,3,41191000,2,800,500,800
"926",7,170,68,68255,"00240000","003041395",68255012,1,41190300,1,700,500,350
"927",7,170,68,68255,"00240000","003041395",68255012,2,41190400,1,200,500,100
"928",7,170,68,68255,"00240000","003413242",68255012,1,41190300,6,15000,1500,135000
"929",7,170,68,68255,"00250000","003041487",68255012,1,41180201,2,2000,1000,4000
"930",7,170,68,68255,"00250000","003041487",68255012,2,41190300,2,1000,1000,2000
"931",7,170,68,68255,"00250001","060030235",68255011,1,41190300,1,400,4,1.6
"932",7,170,68,68255,"00260000","006825599",68255010,1,41191000,1,350,500,175
"933",7,170,68,68255,"00270000","003041541",68255006,1,41180201,1,120,500,60
"934",7,170,68,68255,"00280000","003041391",68255003,1,41190300,1,1000,500,500
"935",7,170,68,68255,"00280000","003041391",68255003,2,41190600,1,500,500,250
"936",7,170,68,68255,"00280000","003041391",68255003,3,41191000,1,1000,5000,5000
"937",7,170,68,68255,"00290000","003059209",68255014,1,41190300,1,400,500,200
"938",7,170,68,68255,"00290000","003413222",68255012,1,41180201,2,56,500,56
"939",7,170,68,68255,"00290000","003413222",68255012,2,41190300,2,346,500,346
"940",7,170,68,68255,"00300000","009993210",68255007,1,41180201,1,200,1000,200
"941",7,170,68,68255,"00300000","009993210",68255007,2,41190300,1,200,1000,200
"942",7,170,68,68255,"00300001","060030277",68255011,3,41191000,1,1,5,0.005
"943",7,170,68,68255,"00320001","060030286",68255003,1,41190300,1,150,5,0.75
"944",7,170,68,68255,"00330000","003041398",68255003,1,41190300,1,1000,500,500
"945",7,170,68,68255,"00330000","003041398",68255003,2,41191000,1,1000,500,500
"946",7,170,68,68255,"00330000","003041518",68255013,1,41180201,2,3500,500,3500
"947",7,170,68,68255,"00330000","003041518",68255013,2,41190300,2,3500,500,3500
"948",7,170,68,68255,"00340000","009992422",54128028,1,41180201,2,500,250,250
"949",7,170,68,68255,"00340000","009992422",54128028,2,41190300,2,500,250,250
"950",7,170,68,68255,"00360000","003059340",68255012,1,41180201,1,4,750,3
"951",7,170,68,68255,"00360000","003059340",68255012,2,41190300,1,404,750,303
"952",7,170,68,68255,"00360000","009992572",68255007,1,41180201,2,100,500,100
"953",7,170,68,68255,"00400001","060030050",68255011,2,41190300,1,300,2.5,0.75
"954",7,170,68,68255,"00410001","060030167",68255011,2,41199900,1,700,6,4.2
"955",7,170,68,68255,"00410001","060030247",68255003,1,41190300,1,50,2.5,0.125
"956",7,170,68,68255,"00460000","001647634",68255005,1,41180201,2,200,250,100
"957",7,170,68,68255,"00460000","001647634",68255005,2,41190300,2,300,500,300
"958",7,170,68,68255,"00460000","001647634",68255005,3,41190400,2,1000,125,250
"959",7,170,68,68255,"00460000","009992392",68255001,1,41189900,0,0,0,0
"960",7,170,68,68255,"00460000","009992392",68255001,2,41190300,0,0,0,0
"961",7,170,68,68255,"00480001","060030048",68255011,2,41120102,0,0,0,0
"962",7,170,68,68255,"00510000","009992907",68255008,1,41190300,2,1000,400,800
"963",7,170,68,68255,"00520000","003041243",68255005,1,41190300,1,500,500,250
"964",7,170,68,68255,"00520000","009993192",68255007,1,41190300,1,400,500,200
"965",7,170,68,68255,"00530000","009993212",68255007,1,41190300,1,700,500,350
"966",7,170,68,68255,"00540000","003041495",68444017,1,41180201,2,500,300,300
"967",7,170,68,68255,"00550000","009992403",68255001,1,41190300,2,600,500,600
"968",7,170,68,68255,"00550000","009992404",68255001,1,41190300,7,2,500,7
"969",7,170,68,68255,"00560000","003041370",68255014,1,41190300,1,1000,1300,1300
"970",7,170,68,68255,"00570000","003406749",68255008,1,41120199,0,0,0,0
"971",7,170,68,68255,"00570000","003406749",68255008,2,41190300,1,500,250,125
"972",7,170,68,68255,"00580000","006825107",68255010,1,41190300,1,200,500,100
"973",7,170,68,68255,"00580000","006825107",68255010,2,41199900,1,200,500,100
"974",7,170,68,68255,"00590001","060030173",68255011,2,41199900,2,400,5,4
"975",7,170,68,68255,"00610000","003059249",68255012,1,41180201,1,150,500,75
"976",7,170,68,68255,"00610000","003059249",68255012,2,41190300,1,150,500,75
"977",7,170,68,68255,"00620001","060030257",68255011,1,41189900,1,300,5,1.5
"978",7,170,68,68255,"00630000","009992425",54128028,1,41180201,2,200,500,200
"979",7,170,68,68255,"00630000","009992425",54128028,2,41190300,2,200,500,200
"980",7,170,68,68255,"00630000","009992425",54128028,3,41191000,2,200,500,200
"981",7,170,68,68255,"00680000","003413344",68255014,1,41180201,2,400,500,400
"982",7,170,68,68255,"00680000","003413344",68255014,2,41190300,2,200,500,200
"983",7,170,68,68255,"00700000","003041278",68615043,1,41190300,2,1000,500,1000
"984",7,170,68,68255,"00700000","003041278",68615043,2,41191000,2,1000,500,1000
"985",7,170,68,68255,"00720000","003041382",68255011,1,41190300,2,1200,800,1920
"986",7,170,68,68255,"00720000","006825101",68255010,1,41190300,1,500,500,250
"987",7,170,68,68255,"00730000","003413363",68255014,1,41180201,1,100,500,50
"988",7,170,68,68255,"00750000","003413314",68255001,1,41190400,6,2,250,3
"989",7,170,68,68255,"00750000","003413314",68255001,2,41191000,8,2,250,4
"990",7,170,68,68255,"00770000","009991799",68255011,1,41190600,1,50,500,25
"991",7,170,68,68255,"00770000","009991799",68255011,2,41191000,1,150,500,75
"992",7,170,68,68255,"00800000","003041392",68255014,1,41180201,1,500,400,200
"993",7,170,68,68255,"00800000","003041392",68255014,2,41190300,1,9500,750,7125
"994",7,170,68,68255,"00800000","009992538",68255009,1,41190300,1,50,250,12.5
"995",7,170,68,68255,"00930000","003413295",68255001,1,41190400,4,20000,500,40000
"996",7,170,68,68255,"00970000","003041540",68255006,1,41190400,0,0,0,0
"997",7,170,68,68255,"00990000","003413297",68255011,1,41180201,2,200,700,280
"998",7,170,68,68255,"00990000","003413297",68255011,2,41190300,2,1500,700,2100
"999",7,170,68,68255,"00990000","003413297",68255011,3,41190600,2,200,700,280
"1000",7,170,68,68255,"01010000","003059291",68255002,1,41190400,1,500,250,125
"1001",7,170,68,68255,"01040001","060593115",68255011,3,41199900,1,100,5,0.5
"1002",7,170,68,68255,"01080000","003041396",68255011,1,41191000,2,400,2000,1600
"1003",7,170,68,68255,"01130000","003059271",68255012,1,41180201,1,50,250,12.5
"1004",7,170,68,68255,"01170001","060030063",68255011,3,41190600,10,2000,5,100
"1005",7,170,68,68255,"01172469","060030071",68255011,1,41190300,2,800,6,9.6
"1006",7,170,68,68255,"01176060","060030065",68255011,2,41199900,2,2000,5,20
"1007",7,170,68,68255,"01176541","060030066",68255011,3,41191000,8,30000,0.02,4.8
"1008",7,170,68,68255,"01178227","060030068",68255011,1,41190300,2,3500,5,35
"1009",7,170,68,68255,"01190000","009992389",68255001,1,41180201,0,0,0,0
"1010",7,170,68,68255,"01210000","003041539",68255006,1,41190300,1,150,250,37.5
"1011",7,170,68,68255,"01210000","003059339",68255012,1,41180201,1,400,750,300
"1012",7,170,68,68255,"01210000","003059339",68255012,2,41190300,1,200,750,150
"1013",7,170,68,68255,"01220000","003413361",68255001,1,41190300,1,400,500,200
"1014",7,170,68,68255,"01220000","003413361",68255001,2,41190400,1,400,500,200
"1015",7,170,68,68255,"01220000","003413361",68255001,3,41191000,1,200,500,100
"1016",7,170,68,68255,"01270000","009991791",68255014,1,41191000,2,200,500,200
"1017",7,170,68,68255,"01290000","003413358",68255001,1,41190300,1,20,500,10
"1018",7,170,68,68255,"01290000","003413358",68255001,2,41190400,1,80,500,40
"1019",7,170,68,68255,"01350000","003059214",68255012,1,41180201,1,150,500,75
"1020",7,170,68,68255,"01350000","003059214",68255012,2,41190300,1,150,500,75
"1021",7,170,68,68255,"01360000","003041494",68255014,1,41180201,2,2000,500,2000
"1022",7,170,68,68255,"01360000","003041494",68255014,2,41190300,2,2000,500,2000
"1023",7,170,68,68255,"01390000","003041564",68255014,1,41190600,1,500,1500,750
"1024",7,170,68,68255,"01390000","003041564",68255014,2,41191000,1,2500,1500,3750
"1025",7,170,68,68255,"01410000","006825509",68255014,1,41190300,1,1200,500,600
"1026",7,170,68,68255,"01500000","009992530",68255010,1,41190300,1,200,500,100
"1027",7,170,68,68255,"01530000","003059325",68255002,1,41190300,1,400,500,200
"1028",7,170,68,68255,"01530000","003059325",68255002,2,41190400,1,400,500,200
"1029",7,170,68,68255,"01560001","060593103",68255011,3,41190600,2,100,5,1
"1030",7,170,68,68255,"01620000","003041367",68255014,1,41180201,1,200,1000,200
"1031",7,170,68,68255,"01620000","003041367",68255014,2,41190300,1,300,1000,300
"1032",7,170,68,68255,"01640001","060030386",68255011,2,41199900,0,0,0,0
"1033",7,170,68,68255,"01650000","003059342",68255007,1,41180201,0,0,0,0
"1034",7,170,68,68255,"01650000","003059342",68255007,2,41190300,0,0,0,0
"1035",7,170,68,68255,"01650001","060030340",68255011,1,41190300,1,250,1.25,0.3125
"1036",7,170,68,68255,"01670000","003059215",68255012,1,41190300,2,800,500,800
"1037",7,170,68,68255,"01670000","003059215",68255012,2,41191000,2,800,500,800
"1038",7,170,68,68255,"01890001","060030234",68255011,1,41190100,0,0,0,0
"1039",7,170,68,68255,"02060000","003041212",68255011,1,41190400,2,100,500,100
"1040",7,170,68,68255,"02060001","060593096",68255011,1,41199900,2,100,5,1
"1041",7,170,68,68255,"02070001","060030281",68255011,1,41190100,0,0,0,0
"1042",7,170,68,68255,"02150000","006825597",68255014,1,41190300,1,400,500,200
"1043",7,170,68,68255,"02150000","006825597",68255014,2,41191000,1,200,500,100
"1044",7,170,68,68255,"02180000","006825595",68255014,1,41190300,1,2000,500,1000
"1045",7,170,68,68255,"02180000","006825595",68255014,2,41191000,1,2000,500,1000
"1046",7,170,68,68255,"02240000","003406755",68255014,1,41180201,1,500,500,250
"1047",7,170,68,68255,"02240000","003406755",68255014,2,41190300,1,1500,500,750
"1048",7,170,68,68255,"02330001","060030209",68255011,1,42140100,0,0,0,0
"1049",7,170,68,68255,"02550000","003406517",68255012,1,41180201,2,500,400,400
"1050",7,170,68,68255,"02550000","003406517",68255012,2,41190300,2,3000,400,2400
"1051",7,170,68,68255,"02600001","060593113",68255011,1,41189900,2,650,5,6.5
"1052",7,170,68,68255,"02610000","003059270",68255012,1,41190300,1,100,250,25
"1053",7,170,68,68255,"02730001","060593102",68255011,3,41199900,2,200,5,2
"1054",7,170,68,68255,"02750000","009992567",68255014,1,41190300,1,200,1000,200
"1055",7,170,68,68255,"02750000","009992567",68255014,2,41191000,1,100,1000,100
"1056",7,170,68,68255,"02810000","003413217",68255014,1,41190300,1,300,500,150
"1057",7,170,68,68255,"03080001","060030202",68255011,1,41190300,1,1,5,0.005
"1058",7,170,68,68255,"03210001","060030256",68255011,1,41189900,1,30,3.75,0.1125
"1059",7,170,68,68255,"03210001","060030391",68255011,1,41199900,1,150,5,0.75
"1060",7,170,68,68255,"03700001","060030350",68255011,2,41199900,1,600,5,3
"1061",7,170,68,68255,"03710001","060030338",68255011,5,41191000,2,250,5,2.5
"1062",7,170,68,68255,"03780001","060030394",68255011,1,41189900,1,200,5,1
"1063",7,170,68,68255,"03810001","060030219",68255011,1,41190300,1,300,2.5,0.75
"1064",7,170,68,68255,"03950000","003041596",68255012,1,41180201,2,150,500,150
"1065",7,170,68,68255,"03950000","003041596",68255012,2,41190300,2,150,500,150
"1066",7,170,68,68255,"03950000","003041596",68255012,3,41191000,2,150,500,150
"1067",7,170,68,68255,"04070000","003041592",68255012,1,41180201,9,2,500,9
"1068",7,170,68,68255,"04070000","003041592",68255012,2,41190300,5,2,500,5
"1069",7,170,68,68255,"04100000","003041544",68255012,1,41190300,2,200,500,200
"1070",7,170,68,68255,"04100000","003041544",68255012,2,41190600,2,200,500,200
"1071",7,170,68,68255,"04100000","003413276",68255011,1,41190300,2,400,750,600
"1072",7,170,68,68255,"04120000","003041545",68255012,1,41180201,2,900,400,720
"1073",7,170,68,68255,"04120000","003041545",68255012,2,41190300,2,900,400,720
"1074",7,170,68,68255,"04130000","003041209",68255011,1,41190300,1,800,1500,1200
"1075",7,170,68,68255,"04130001","060593091",68255011,1,41190300,1,800,15,12
"1076",7,170,68,68255,"04140000","003059226",68255012,1,41180201,1,1000,500,500
"1077",7,170,68,68255,"04140000","003059226",68255012,2,41190300,1,4000,500,2000
"1078",7,170,68,68255,"04140001","060593058",68255011,1,41199900,1,10,3,0.03
"1079",7,170,68,68255,"04180000","003059227",68255012,1,41180201,2,300,500,300
"1080",7,170,68,68255,"04180000","003059227",68255012,2,41190300,2,500,500,500
"1081",7,170,68,68255,"04180000","003406599",68255012,1,41180201,10,700,500,3500
"1082",7,170,68,68255,"04180000","003406599",68255012,2,41190300,5,700,400,1400
"1083",7,170,68,68255,"04290000","003041213",68255011,1,41190400,2,1200,500,1200
"1084",7,170,68,68255,"04290001","060593117",68255011,1,41199900,2,1200,5,12
"1085",7,170,68,68255,"04310001","060030397",68255011,1,41190300,2,500,3,3
"1086",7,170,68,68255,"04410000","003041224",68615077,1,41191000,1,10,300,3
"1087",7,170,68,68255,"04580001","060030334",68255011,2,41190300,2,300,5,3
"1088",7,170,68,68255,"04610001","060593062",68255011,2,41199900,1,200,2,0.4
"1089",7,170,68,68255,"04630000","003041347",68255011,1,41190300,1,9000,500,4500
"1090",7,170,68,68255,"04630000","003041347",68255011,2,41191000,1,9000,500,4500
"1091",7,170,68,68255,"04630001","060592990",68255011,2,41199900,1,9000,5,45
"1092",7,170,68,68255,"04670001","060030329",68255011,2,41191000,1,250,10,2.5
"1093",7,170,68,68255,"04950000","003041573",68255012,1,41180201,1,300,500,150
"1094",7,170,68,68255,"04950000","003041573",68255012,2,41190300,1,300,500,150
"1095",7,170,68,68255,"04950000","003041573",68255012,3,41190600,1,300,500,150
"1096",7,170,68,68255,"04960000","003041572",68255012,1,41180201,1,2000,500,1000
"1097",7,170,68,68255,"04960000","003041572",68255012,2,41190300,1,2000,500,1000
"1098",7,170,68,68255,"05000000","009992888",68255012,1,41190300,1,200,500,100
"1099",7,170,68,68255,"05010000","009992889",68255012,1,41180201,2,2000,500,2000
"1100",7,170,68,68255,"05010000","009992889",68255012,2,41190300,2,1000,500,1000
"1101",7,170,68,68255,"05010000","009992889",68255012,3,41190600,2,100,200,40
"1102",7,170,68,68255,"05010000","009992900",68255012,1,41180201,0,0,0,0
"1103",7,170,68,68255,"05010000","009992900",68255012,2,41190300,1,1600,500,800
"1104",7,170,68,68255,"05010000","009992900",68255012,3,41191000,1,800,500,400
"1105",7,170,68,68255,"05190000","003041302",68255011,1,41190300,2,1000,500,1000
"1106",7,170,68,68255,"80010000","003059244",68255015,1,41190300,3,100,500,150
"1107",7,170,68,68255,"80010000","003059254",68255015,1,41180201,1,300,750,225
"1108",7,170,68,68255,"80010000","003059255",68255015,1,41180201,1,200,500,100
"1109",7,170,68,68264,"00050000","083494852",68264005,18,41180201,1,50,500,25
"1110",7,170,68,68264,"00060000","083494840",68264005,18,41180201,1,70,500,35
"1111",7,170,68,68264,"00110000","003016729",68264004,1,41120108,0,0,0,0
"1112",7,170,68,68264,"00110000","003016729",68264004,2,41190300,1,200,1,0.2
"1113",7,170,68,68264,"00180000","003494908",68264005,1,41180201,1,100,500,50
"1114",7,170,68,68264,"00180000","003494908",68264005,2,41190300,1,80,500,40
"1115",7,170,68,68264,"00180000","003494908",68264005,3,41190700,1,20,500,10
"1116",7,170,68,68264,"00190000","083003086",68264006,18,41180201,1,40,150,6
"1117",7,170,68,68264,"00190001","060030909",68264006,1,41180201,1,40,1.5,0.06
"1118",7,170,68,68264,"00200000","003494848",68264008,1,41180201,0,0,0,0
"1119",7,170,68,68264,"00280000","083002911",68264003,18,41180201,1,20,500,10
"1120",7,170,68,68264,"00310000","003002882",68264004,1,41180201,1,30,50,1.5
"1121",7,170,68,68264,"00310000","003002882",68264004,2,41190300,1,200,500,100
"1122",7,170,68,68264,"00330000","003002881",68264004,1,41180201,1,150,1,0.15
"1123",7,170,68,68264,"00330000","003002881",68264004,2,41190300,1,150,1,0.15
"1124",7,170,68,68264,"00360000","003002858",68264005,1,41190400,0,0,0,0
"1125",7,170,68,68264,"00360000","003002858",68264005,2,41191000,0,0,0,0
"1126",7,170,68,68264,"00370000","083494867",68264005,18,41180201,1,20,500,10
"1127",7,170,68,68264,"00370000","083494867",68264005,28,41190600,0,0,0,0
"1128",7,170,68,68264,"00430000","081099633",68264003,18,41190300,1,1000,2,2
"1129",7,170,68,68264,"00500000","083003026",68264006,18,41180201,3,10,750,22.5
"1130",7,170,68,68264,"00500001","060030892",68264006,1,41190300,2,200,2.5,1
"1131",7,170,68,68264,"00610000","003003179",68264003,1,41191000,1,200,1,0.2
"1132",7,170,68,68264,"00690000","089000717",68264004,18,41180201,1,100,250,25
"1133",7,170,68,68264,"00830000","003016799",68264004,1,41180201,1,20,125,2.5
"1134",7,170,68,68264,"00890000","083003045",68264006,18,41180201,1,50,250,12.5
"1135",7,170,68,68264,"00910000","003494859",68264008,1,41180201,1,300,250,75
"1136",7,170,68,68264,"00930000","082181179",68264003,18,41180201,1,3500,500,1750
"1137",7,170,68,68264,"00950000","003003065",68264003,1,41180201,0,0,0,0
"1138",7,170,68,68264,"01060000","083002808",68264006,18,41190300,1,90,500,45
"1139",7,170,68,68264,"01060001","060030847",68264006,1,41190300,1,90,5,0.45
"1140",7,170,68,68264,"01120000","083016343",68264001,18,41190200,1,500,250,125
"1141",7,170,68,68264,"01160000","083494873",68264008,18,41180201,0,0,0,0
"1142",7,170,68,68264,"01190000","083003023",68264006,18,41180201,1,10,250,2.5
"1143",7,170,68,68264,"01190000","083003023",68264006,28,41190300,1,10,250,2.5
"1144",7,170,68,68264,"01210000","003494928",68264005,1,41180201,0,0,0,0
"1145",7,170,68,68264,"01210000","003494928",68264005,2,41190300,0,0,0,0
"1146",7,170,68,68264,"01210000","083002804",68264006,18,41190400,2,5,150,1.5
"1147",7,170,68,68264,"01230000","083003079",68264003,18,41180201,2,100,500,100
"1148",7,170,68,68264,"01272678","060031146",68264007,1,41190400,1,20,0.12,0.0024
"1149",7,170,68,68264,"01280000","083495072",68264005,18,41120101,0,0,0,0
"1150",7,170,68,68264,"01280000","083495072",68264005,28,41180201,1,100,500,50
"1151",7,170,68,68264,"01280000","083495072",68264005,38,41190300,1,100,500,50
"1152",7,170,68,68264,"01290000","003003138",68264003,1,41190400,2,20,15,0.6
"1153",7,170,68,68264,"01670000","003003038",68264006,1,41190400,1,40,250,10
"1154",7,170,68,68264,"01700000","083016743",68264005,18,41180201,1,300,500,150
"1155",7,170,68,68264,"01700000","083016743",68264005,28,41190300,1,300,500,150
"1156",7,170,68,68264,"01860000","003495069",68264005,1,41190400,1,30,500,15
"1157",7,170,68,68264,"01890000","083002807",68264006,18,41180201,1,180,400,72
"1158",7,170,68,68264,"01890000","083002807",68264006,28,41190300,1,180,400,72
"1159",7,170,68,68264,"01890001","060030851",68264006,2,41180201,1,180,4,0.72
"1160",7,170,68,68264,"01970000","083003031",68264006,18,41190300,1,8,500,4
"1161",7,170,68,68264,"01970001","060030870",68264006,1,41190300,1,120,3,0.36
"1162",7,170,68,68264,"02050000","089000729",68264004,18,41190300,1,100,500,50
"1163",7,170,68,68264,"02050000","089000729",68264004,28,41190700,1,20,500,10
"1164",7,170,68,68264,"02110000","089000699",68264004,18,41180201,1,50,250,12.5
"1165",7,170,68,68264,"02180000","089001834",68264004,18,41180201,1,200,500,100
"1166",7,170,68,68264,"02180000","089001834",68264004,28,41190300,1,200,500,100
"1167",7,170,68,68264,"02190000","003003051",68264004,1,41180201,0,0,0,0
"1168",7,170,68,68264,"02190000","003003051",68264004,2,41190300,1,100,250,25
"1169",7,170,68,68264,"02230000","083494911",68264005,18,41180201,1,150,250,37.5
"1170",7,170,68,68264,"02230000","083494911",68264005,28,41190300,1,150,250,37.5
"1171",7,170,68,68264,"02270000","089001904",68264004,18,41180201,1,250,500,125
"1172",7,170,68,68264,"02270000","089001904",68264004,28,41190300,1,250,500,125
"1173",7,170,68,68264,"02350000","003003159",68264004,1,41180201,1,100,2509,250.9
"1174",7,170,68,68264,"02500000","089001892",68264004,18,41190300,0,0,0,0
"1175",7,170,68,68264,"02570000","001834922",68264006,1,41180201,1,500,1000,500
"1176",7,170,68,68264,"02570000","001834922",68264006,2,41190300,1,500,100,50
"1177",7,170,68,68264,"02780000","003002820",68264006,1,41180201,1,75,500,37.5
"1178",7,170,68,68264,"02780000","003002820",68264006,2,41190300,1,75,500,37.5
"1179",7,170,68,68264,"02810000","089000709",68264004,18,41180201,1,200,250,50
"1180",7,170,68,68264,"03200000","003002887",68264004,1,41180201,1,700,1,0.7
"1181",7,170,68,68264,"03260000","003002855",68264004,1,41190300,1,200,500,100
"1182",7,170,68,68264,"03280000","003003015",68264004,1,41180201,1,1500,500,750
"1183",7,170,68,68264,"03290000","003002904",68264003,1,41180201,1,100,500,50
"1184",7,170,68,68264,"03330000","003002884",68264004,1,41180201,1,100,500,50
"1185",7,170,68,68264,"03330000","003002884",68264004,2,41190400,1,100,320,32
"1186",7,170,68,68264,"03420000","003003156",68264004,1,41190300,2,400,500,400
"1187",7,170,68,68264,"03420000","003003156",68264004,2,41190500,2,400,500,400
"1188",7,170,68,68264,"03430000","083003154",68264003,18,41180201,1,8000,500,4000
"1189",7,170,68,68264,"03470000","003016718",68264002,1,41190200,2,500,500,500
"1190",7,170,68,68264,"03810000","003003198",68264006,1,41180201,1,180,125,22.5
"1191",7,170,68,68264,"03840000","083002913",68264003,18,41191000,2,500,500,500
"1192",7,170,68,68264,"03920000","003003084",68264003,1,41190400,2,25,12,0.6
"1193",7,170,68,68264,"04340000","083002908",68264003,18,41180201,1,50,250,12.5
"1194",7,170,68,68264,"04710000","083003050",68264003,18,41180201,1,40,250,10
"1195",7,170,68,68266,"00100000","003010031",68266005,1,41180201,0,0,0,0
"1196",7,170,68,68266,"00350000","003016020",68266001,1,41180201,1,30,1000,30
"1197",7,170,68,68266,"00350000","003016020",68266001,2,41190300,1,30,1000,30
"1198",7,170,68,68266,"00700000","003016030",68266009,1,41191000,1,100,1000,100
"1199",7,170,68,68266,"00790000","003010100",68266003,1,41180201,2,200,500,200
"1200",7,170,68,68266,"00870000","003016306",68266008,1,41120199,0,0,0,0
"1201",7,170,68,68266,"00900000","003016004",68266009,1,41190400,1,300,550,165
"1202",7,170,68,68266,"01180000","083016811",68266004,18,41190200,2,240,250,120
"1203",7,170,68,68271,"00220000","083038540",68271004,18,41190400,1,150,120,18
"1204",7,170,68,68271,"00240000","083038721",68271013,18,41190400,1,1500,350,525
"1205",7,170,68,68271,"00270000","083038419",68271004,18,41190400,0,0,0,0
"1206",7,170,68,68271,"00320000","083038425",68271029,18,41199900,1,50,250,12.5
"1207",7,170,68,68271,"00560000","083038765",68271013,18,41180201,2,100,250,50
"1208",7,170,68,68271,"00600000","083038537",68271004,18,41190400,1,150,350,52.5
"1209",7,170,68,68271,"00690000","083038707",68271013,18,41190500,1,50,2500,125
"1210",7,170,68,68271,"00710000","083038533",68271004,18,41199900,0,0,0,0
"1211",7,170,68,68271,"00760000","083038624",68271003,18,41180201,2,300,300,180
"1212",7,170,68,68271,"00760000","083038624",68271003,28,41199900,2,300,300,180
"1213",7,170,68,68271,"01160000","083038517",68271004,18,41199900,0,0,0,0
"1214",7,170,68,68271,"01590000","083038519",68271004,18,41199900,3,300,500,450
"1215",7,170,68,68271,"76010000","083038462",68271009,18,41190700,10,200,300,600
"1216",7,170,68,68276,"00086949","022727632",68276004,1,41190200,2,1000,10,20
"1217",7,170,68,68276,"00100001","022550690",68276006,2,41190600,4,2000,5,40
"1218",7,170,68,68276,"01230001","022346263",68276008,1,41190200,1,20,10,0.2
"1219",7,170,68,68296,"00010000","083016603",68296008,18,41180201,1,100,500,50
"1220",7,170,68,68296,"00060000","083038018",68296008,18,41190300,1,500,450,225
"1221",7,170,68,68296,"00080000","083038091",68296011,18,41190300,2,1750,2000,7000
"1222",7,170,68,68296,"00080000","083038091",68296011,28,41190600,2,1750,1000,3500
"1223",7,170,68,68296,"00470000","083039592",68296009,18,41180201,0,0,0,0
"1224",7,170,68,68296,"00470000","083039592",68296009,28,41190300,0,0,0,0
"1225",7,170,68,68296,"00580000","083038097",68296011,18,41199900,0,0,0,0
"1226",7,170,68,68296,"00710000","083038224",68296014,18,41190300,2,900,1000,1800
"1227",7,170,68,68296,"00720000","083038355",68296009,18,41180201,0,0,0,0
"1228",7,170,68,68296,"00720000","083038355",68296009,28,41190300,0,0,0,0
"1229",7,170,68,68296,"00830000","083038031",68296007,18,41190300,1,100,500,50
"1230",7,170,68,68296,"00860000","083042480",68296006,18,41190300,2,200,500,200
"1231",7,170,68,68296,"00900000","083038358",68296009,18,41190300,0,0,0,0
"1232",7,170,68,68296,"00900000","083038358",68296009,28,41190500,0,0,0,0
"1233",7,170,68,68296,"01190000","083042758",68296001,18,41190300,1,60,500,30
"1234",7,170,68,68296,"01320000","083016601",68296008,18,41190300,2,50,500,50
"1235",7,170,68,68296,"01350000","083042744",68296016,18,41180201,1,1,500,0.5
"1236",7,170,68,68296,"01350000","083042744",68296016,28,41190300,1,1,1000,1
"1237",7,170,68,68296,"01460000","083016604",68296008,18,41190300,2,300,500,300
"1238",7,170,68,68296,"01500000","083016602",68296008,18,41190300,2,200,1000,400
"1239",7,170,68,68296,"01560000","083055258",68296010,18,41199900,1,100,500,50
"1240",7,170,68,68296,"01720000","083038126",68296011,18,41190300,2,300,500,300
"1241",7,170,68,68296,"01990000","083038147",68296012,18,41190300,1,300,500,150
"1242",7,170,68,68296,"02020000","083038139",68296012,18,41190300,4,4000,500,8000
"1243",7,170,68,68296,"02030000","083038138",68296012,18,41190300,1,150,750,112.5
"1244",7,170,68,68296,"02120000","083038166",68296012,18,41190300,1,100,1000,100
"1245",7,170,68,68296,"02400000","083038124",68296011,18,41190300,1,200,500,100
"1246",7,170,68,68298,"00030000","082069212",68298014,18,41180201,1,20,100,2
"1247",7,170,68,68298,"00060000","083047798",68298008,18,41190300,1,100,250,25
"1248",7,170,68,68298,"00090000","083047631",68298020,18,41190400,1,50,250,12.5
"1249",7,170,68,68298,"00090000","083059642",68298010,18,41190500,1,30,2,0.06
"1250",7,170,68,68298,"00150000","081475097",68298017,18,41190500,2,100,500,100
"1251",7,170,68,68298,"00160000","082069214",68298014,18,41190300,1,50,100,5
"1252",7,170,68,68298,"00170000","083047628",68298020,18,41190400,1,16,250,4
"1253",7,170,68,68298,"00220000","083059972",68298019,18,41190500,1,100,500,50
"1254",7,170,68,68298,"00220000","083496239",68298006,18,41190400,5,2600,250,3250
"1255",7,170,68,68298,"00230000","083047724",68298020,18,41180201,1,100,500,50
"1256",7,170,68,68298,"00300000","083047786",68298020,18,41190300,1,200,500,100
"1257",7,170,68,68298,"00330000","083059678",68298012,18,41120199,0,0,0,0
"1258",7,170,68,68298,"00350000","081184673",68298001,18,41190500,1,1,500,0.5
"1259",7,170,68,68298,"00390000","083059653",68298008,18,41190400,1,100,500,50
"1260",7,170,68,68298,"00440000","083047674",68298020,18,41180201,1,200,750,150
"1261",7,170,68,68298,"00440000","083047674",68298020,28,41190300,1,100,750,75
"1262",7,170,68,68298,"00450000","083047625",68298020,18,41180201,1,600,500,300
"1263",7,170,68,68298,"00510000","083059706",68298016,18,41190400,2,300,500,300
"1264",7,170,68,68298,"00520000","081979428",68298014,18,41180201,0,0,0,0
"1265",7,170,68,68298,"00610000","083496167",68298005,18,41190400,0,0,0,0
"1266",7,170,68,68298,"00650000","083047807",68298008,18,41180201,1,50,500,25
"1267",7,170,68,68298,"00670000","083047802",68298008,18,41180201,1,50,500,25
"1268",7,170,68,68298,"00670000","083047802",68298008,28,41190300,1,50,500,25
"1269",7,170,68,68298,"00680000","081128415",68298016,18,41199900,0,0,0,0
"1270",7,170,68,68298,"00690000","083047627",68298020,18,41190400,1,20,250,5
"1271",7,170,68,68298,"00710000","083047647",68298020,18,41190400,1,100,500,50
"1272",7,170,68,68298,"00730000","081209363",68298014,18,41190400,0,0,0,0
"1273",7,170,68,68298,"00740000","083047877",68298013,18,41180201,0,0,0,0
"1274",7,170,68,68298,"00740000","083047877",68298013,28,41190300,5,100,3000,1500
"1275",7,170,68,68298,"00740000","083047877",68298013,38,41190600,0,0,0,0
"1276",7,170,68,68298,"00780000","082069268",68298006,18,41180201,1,1,250,0.25
"1277",7,170,68,68298,"00810000","083496149",68298010,18,41180201,3,15,500,22.5
"1278",7,170,68,68298,"00840000","082273169",68298014,18,41190300,0,0,0,0
"1279",7,170,68,68298,"00910000","083059650",68298010,18,41190400,1,600,500,300
"1280",7,170,68,68298,"00910000","083059650",68298010,28,41190500,1,400,500,200
"1281",7,170,68,68298,"00940000","083059855",68298012,18,41180201,1,1,1,0.001
"1282",7,170,68,68298,"01010000","083059862",68298012,18,41180201,1,100,300,30
"1283",7,170,68,68298,"01010000","083059862",68298012,28,41190300,1,100,300,30
"1284",7,170,68,68298,"01020000","083059751",68298012,18,41190300,1,2000,1,2
"1285",7,170,68,68298,"01020000","083059812",68298012,18,41180201,1,100,500,50
"1286",7,170,68,68298,"01080000","083059863",68298012,18,41190300,5,100,500,250
"1287",7,170,68,68298,"01080000","083059863",68298012,28,41190700,5,100,500,250
"1288",7,170,68,68298,"01100000","081979369",68298014,18,41180201,1,50,250,12.5
"1289",7,170,68,68298,"01170000","083047902",68298008,18,41180201,0,0,0,0
"1290",7,170,68,68298,"01170000","083047902",68298008,28,41190300,0,0,0,0
"1291",7,170,68,68298,"01550000","083059760",68298010,18,41190300,1,1,500,0.5
"1292",7,170,68,68298,"01550000","083059760",68298010,28,41190400,1,1,500,0.5
"1293",7,170,68,68298,"01590000","083059792",68298013,18,41190300,1,30,500,15
"1294",7,170,68,68298,"01670000","081341171",68298008,18,41190400,0,0,0,0
"1295",7,170,68,68298,"01670000","083059735",68298010,18,41120199,0,0,0,0
"1296",7,170,68,68298,"01670000","083059735",68298010,28,41190400,1,200,250,50
"1297",7,170,68,68298,"01810000","082407467",68298009,18,41190500,1,50,250,12.5
"1298",7,170,68,68298,"01910000","081979318",68298001,18,41190400,5,80,200,80
"1299",7,170,68,68298,"01910000","081979318",68298001,28,41190500,5,150,200,150
"1300",7,170,68,68298,"02100000","083047738",68298008,18,41190400,1,300,350,105
"1301",7,170,68,68298,"02150000","083047782",68298008,18,41180201,1,200,250,50
"1302",7,170,68,68298,"02190000","083047788",68298008,18,41180201,1,50,500,25
"1303",7,170,68,68298,"02780000","082195110",68298010,18,41190400,0,0,0,0
"1304",7,170,68,68307,"00020000","083042082",68307002,18,41190300,3,500,500,750
"1305",7,170,68,68307,"00090001","060445060",68307003,1,41190300,6,100,5,3
"1306",7,170,68,68307,"00140000","083051741",68307008,18,41190300,2,100,400,80
"1307",7,170,68,68307,"00140001","060031542",68307008,1,41190300,6,100,0.02,0.012
"1308",7,170,68,68307,"00150000","083051745",68307008,18,41190300,2,1,250,0.5
"1309",7,170,68,68307,"00150000","083051745",68307008,28,41191000,2,1,250,0.5
"1310",7,170,68,68307,"00180000","083051677",68307008,18,41180201,1,1000,250,250
"1311",7,170,68,68307,"00180000","083051677",68307008,28,41190300,1,1000,1000,1000
"1312",7,170,68,68307,"00180000","083051677",68307008,38,41190600,1,1000,500,500
"1313",7,170,68,68307,"00250000","083054822",68307010,18,41199900,2,10,2000,40
"1314",7,170,68,68307,"00250001","060034399",68307010,1,41180201,0,0,0,0
"1315",7,170,68,68307,"00380001","060031807",68307008,1,41190300,2,200,10,4
"1316",7,170,68,68307,"00430001","060444112",68307013,1,41190300,3,600,5,9
"1317",7,170,68,68307,"00470657","060445075",68307003,2,41190600,1,25,5,0.125
"1318",7,170,68,68307,"00471161","060445081",68307003,1,41190300,3,2000,5,30
"1319",7,170,68,68307,"00640000","083042385",68307012,18,41190300,1,5000,2000,10000
"1320",7,170,68,68307,"00940000","083054855",68307010,18,41180201,1,250,200,50
"1321",7,170,68,68307,"00940000","083054855",68307010,28,41190300,1,250,200,50
"1322",7,170,68,68307,"00940001","060034410",68307010,1,41190300,1,250,2,0.5
"1323",7,170,68,68307,"01010001","060031910",68307012,1,41190300,1,1200,17.5,21
"1324",7,170,68,68307,"01739891","060445097",68307003,1,41190300,11,250,2.5,6.875
"1325",7,170,68,68307,"01960001","060032670",68307003,1,41190300,1,1,3.5,0.0035
"1326",7,170,68,68307,"01970000","083051919",68307002,18,41190300,2,500,500,500
"1327",7,170,68,68307,"02900000","083051790",68307013,18,41190300,4,300,1000,1200
"1328",7,170,68,68307,"03030000","083054845",68307008,18,41190300,1,1,1000,1
"1329",7,170,68,68307,"03030000","083054845",68307008,28,41190600,1,1,1000,1
"1330",7,170,68,68307,"03030000","083054845",68307008,38,41191000,2,2,2000,8
"1331",7,170,68,68307,"03080000","083051895",68307008,18,41190300,1,10,1000,10
"1332",7,170,68,68307,"03080000","083051895",68307008,28,41190600,1,10,1000,10
"1333",7,170,68,68307,"03150000","083051773",68307008,18,41190300,2,40,500,40
"1334",7,170,68,68307,"03150001","060031540",68307008,1,41190300,2,40,5,0.4
"1335",7,170,68,68307,"03290001","060032439",68307013,1,41190100,1,3000,5,15
"1336",7,170,68,68307,"03590001","060034835",68307012,1,41190100,0,0,0,0
"1337",7,170,68,68307,"03600001","060034834",68307012,1,41190300,0,0,0,0
"1338",7,170,68,68307,"03710001","060034836",68307012,1,41190100,0,0,0,0
"1339",7,170,68,68307,"03830000","083054814",68307008,18,41180201,1,500,500,250
"1340",7,170,68,68307,"03830000","083054814",68307008,28,41190300,1,500,500,250
"1341",7,170,68,68307,"03890001","060031825",68307008,1,41190400,6,20,3.5,0.42
"1342",7,170,68,68307,"04230001","060032574",68307013,1,41190300,8,500,0.01,0.04
"1343",7,170,68,68307,"07890001","060034859",68307012,1,41190400,6,20,3.5,0.42
"1344",7,170,68,68320,"00020000","002038780",68320006,1,41190300,0,0,0,0
"1345",7,170,68,68320,"00020000","002038780",68320006,2,41190400,0,0,0,0
"1346",7,170,68,68320,"00040000","001327879",68320006,1,41190300,2,200,1000,400
"1347",7,170,68,68320,"00040000","001327879",68320006,2,41199900,2,200,150,60
"1348",7,170,68,68320,"00070000","001894485",68320014,1,41190300,1,150,500,75
"1349",7,170,68,68320,"00140000","003034596",68320010,1,41190300,1,300,1000,300
"1350",7,170,68,68320,"00170000","003505764",68320013,1,41180201,2,200,500,200
"1351",7,170,68,68320,"00200000","003040174",68320008,1,41191000,2,700,500,700
"1352",7,170,68,68320,"00210001","060035763",68320012,1,41190300,1,500,5,2.5
"1353",7,170,68,68320,"00230000","003047580",68320005,1,41180201,1,150,500,75
"1354",7,170,68,68320,"00270000","003505840",68320009,1,41190300,1,200,250,50
"1355",7,170,68,68320,"00280000","001543527",68320013,1,41180201,1,300,500,150
"1356",7,170,68,68320,"00290000","003505951",68320011,1,41190300,1,150,500,75
"1357",7,170,68,68320,"00320000","001894471",68320014,1,41199900,1,100,500,50
"1358",7,170,68,68320,"00320000","003047505",68320005,1,41190300,1,20,1000,20
"1359",7,170,68,68320,"00390000","003034615",68320004,1,41190300,1,200,450,90
"1360",7,170,68,68320,"00460000","003034476",68320002,1,41190300,1,200,1000,200
"1361",7,170,68,68320,"00490000","003047446",68320007,1,41199900,1,100,500,50
"1362",7,170,68,68320,"00520000","003505567",68320011,1,41180201,1,100,500,50
"1363",7,170,68,68320,"00520000","003505679",68320011,1,41180201,1,100,500,50
"1364",7,170,68,68320,"00540000","003505796",68320013,1,41190300,1,200,1500,300
"1365",7,170,68,68320,"00560000","001327878",68320006,1,41180201,2,100,500,100
"1366",7,170,68,68320,"00600000","003505857",68320011,1,41180201,5,5,250,6.25
"1367",7,170,68,68320,"00640000","003040989",68320010,1,41190300,1,35,500,17.5
"1368",7,170,68,68320,"00640000","003040989",68320010,2,41190400,1,35,500,17.5
"1369",7,170,68,68320,"00650000","003047546",68320007,1,41190300,2,200,500,200
"1370",7,170,68,68320,"00670000","003047548",68320007,1,41180201,1,50,500,25
"1371",7,170,68,68320,"00690000","003505702",68320011,1,41190400,1,300,500,150
"1372",7,170,68,68320,"00720000","003034574",68320004,1,41190300,1,300,750,225
"1373",7,170,68,68320,"00720000","003047238",68500021,1,41190300,1,150,500,75
"1374",7,170,68,68320,"00720000","003047238",68500021,2,41199900,1,150,500,75
"1375",7,170,68,68320,"00730000","003040100",68320010,1,41190300,0,0,0,0
"1376",7,170,68,68320,"00730000","003040100",68320010,2,41190700,1,900,500,450
"1377",7,170,68,68320,"00730000","003040100",68320010,3,41191000,0,0,0,0
"1378",7,170,68,68320,"00730000","003040993",68320010,1,41190300,0,0,0,0
"1379",7,170,68,68320,"00730000","003040993",68320010,2,41190400,0,0,0,0
"1380",7,170,68,68320,"00740000","002115584",68770015,1,41180201,1,700,500,350
"1381",7,170,68,68320,"00740000","003505619",68320011,1,41190300,1,200,250,50
"1382",7,170,68,68320,"00750000","001799854",68320014,1,41180201,1,200,300,60
"1383",7,170,68,68320,"00750000","003505775",68320013,1,41180201,1,500,500,250
"1384",7,170,68,68320,"00770000","001543530",68320013,1,41180201,2,1000,600,1200
"1385",7,170,68,68320,"00770000","002038771",68320011,1,41180201,1,50,500,25
"1386",7,170,68,68320,"00850000","003047573",68320005,1,41180201,1,200,500,100
"1387",7,170,68,68320,"00890000","003034712",68320002,1,41190400,1,300,1000,300
"1388",7,170,68,68320,"00890000","003040151",68320004,1,41190300,0,0,0,0
"1389",7,170,68,68320,"00890000","003040151",68320004,2,41190700,0,0,0,0
"1390",7,170,68,68320,"00890001","060035208",68320012,1,42140100,1,100,5,0.5
"1391",7,170,68,68320,"00910000","002115678",68320006,1,41190300,1,200,500,100
"1392",7,170,68,68320,"00910001","060035188",68320012,1,41190300,1,70,15,1.05
"1393",7,170,68,68320,"01020000","003505730",68320011,1,41191000,1,1000,2500,2500
"1394",7,170,68,68320,"01060001","060034983",68320012,2,41190300,1,100,5,0.5
"1395",7,170,68,68320,"01070000","003034534",68320001,1,41190300,1,500,500,250
"1396",7,170,68,68320,"01140000","002115654",68770015,1,41180201,1,1000,250,250
"1397",7,170,68,68320,"01150001","060035198",68320012,1,41190100,1,1500,7,10.5
"1398",7,170,68,68320,"01200001","060035045",68320008,1,41190300,1,100,5,0.5
"1399",7,170,68,68320,"01210000","003034530",68320010,1,41190300,1,200,750,150
"1400",7,170,68,68320,"01210000","003034530",68320010,2,41190700,1,200,750,150
"1401",7,170,68,68320,"01230000","003505846",68320011,1,41180201,2,200,450,180
"1402",7,170,68,68320,"01230000","003505846",68320011,2,41190300,2,400,500,400
"1403",7,170,68,68320,"01260000","003040840",68320002,1,41190300,2,500,500,500
"1404",7,170,68,68320,"01260000","003040840",68320002,2,41190400,2,500,500,500
"1405",7,170,68,68320,"01270000","003040231",68320008,1,41191000,1,150,450,67.5
"1406",7,170,68,68320,"01280000","003034608",68320010,1,41190300,2,300,500,300
"1407",7,170,68,68320,"01280000","003040147",68320008,1,41190400,1,80,500,40
"1408",7,170,68,68320,"01340000","003040106",68320008,1,41190400,1,50,500,25
"1409",7,170,68,68320,"01340000","003505985",68320009,1,41180201,1,500,500,250
"1410",7,170,68,68320,"01340000","003505985",68320009,2,41190700,1,200,500,100
"1411",7,170,68,68320,"01360000","003040336",68320008,1,41190700,1,100,500,50
"1412",7,170,68,68320,"01400000","003505980",68320009,1,41190300,1,1300,500,650
"1413",7,170,68,68320,"01410000","003505719",68320011,1,41191000,1,200,375,75
"1414",7,170,68,68320,"01430000","003505743",68320011,1,41191000,2,600,1000,1200
"1415",7,170,68,68320,"01470000","003040903",68320002,1,41190400,1,150,500,75
"1416",7,170,68,68320,"01470000","003047329",68320007,1,41190300,0,0,0,0
"1417",7,170,68,68320,"01470000","003047329",68320007,2,41191000,0,0,0,0
"1418",7,170,68,68320,"01500000","003505961",68320009,1,41180201,1,50,250,12.5
"1419",7,170,68,68320,"01500000","003505961",68320009,2,41190300,1,100,250,25
"1420",7,170,68,68320,"01600000","003505771",68320013,1,41180201,3,1000,1500,4500
"1421",7,170,68,68320,"01600000","003505771",68320013,2,41190300,3,1000,1500,4500
"1422",7,170,68,68320,"01710000","003040848",68320002,1,41190400,1,150,500,75
"1423",7,170,68,68320,"01800000","003047340",68320007,1,41190300,1,500,1000,500
"1424",7,170,68,68320,"01900000","003505818",68320009,1,41190300,1,300,1000,300
"1425",7,170,68,68320,"01920000","003505820",68770015,1,41190400,1,500,500,250
"1426",7,170,68,68320,"01930000","003505706",68770015,1,41180201,1,600,1000,600
"1427",7,170,68,68320,"01930000","003505706",68770015,2,41190300,1,600,1000,600
"1428",7,170,68,68320,"01940000","003040148",68320008,1,41180201,1,60,1000,60
"1429",7,170,68,68320,"01970000","003047440",68320007,1,41190300,1,100,500,50
"1430",7,170,68,68320,"02080000","003047435",68500021,1,41190300,0,0,0,0
"1431",7,170,68,68320,"02080000","003047435",68500021,2,41190400,0,0,0,0
"1432",7,170,68,68320,"02160000","003034460",68320002,1,41180201,12,300,400,1440
"1433",7,170,68,68320,"02160000","003034460",68320002,2,41190300,9,300,400,1080
"1434",7,170,68,68320,"03420000","003040816",68320002,1,41190400,2,200,400,160
"1435",7,170,68,68322,"00010000","003048686",68322002,1,41180201,1,120000,250,30000
"1436",7,170,68,68322,"00010000","003048686",68322002,2,41190300,0,0,0,0
"1437",7,170,68,68322,"00040000","003033511",68322006,1,41190300,2,300,1500,900
"1438",7,170,68,68322,"00090000","083033371",68322006,18,41180201,1,250,500,125
"1439",7,170,68,68322,"00090000","083033371",68322006,28,41190300,1,250,750,187.5
"1440",7,170,68,68322,"00100000","003048527",68322001,1,41180201,1,100,500,50
"1441",7,170,68,68322,"00100000","003048527",68322001,2,41190300,1,600,500,300
"1442",7,170,68,68322,"00170000","003048582",68322002,1,41190300,12,1000,500,6000
"1443",7,170,68,68322,"00210000","003048574",68322002,1,41190300,1,2000,600,1200
"1444",7,170,68,68322,"00250000","003048684",68322002,1,41180201,2,5000,500,5000
"1445",7,170,68,68322,"00250000","003048684",68322002,2,41190300,2,5000,500,5000
"1446",7,170,68,68322,"00360000","003048429",68322001,1,41180201,2,600,500,600
"1447",7,170,68,68322,"00360000","003048429",68322001,2,41190300,2,600,500,600
"1448",7,170,68,68322,"00370000","083048432",68322001,18,41180201,1,400,2500,1000
"1449",7,170,68,68322,"00370000","083048432",68322001,28,41190300,1,400,2500,1000
"1450",7,170,68,68322,"00380000","003048456",68209005,1,41190300,3,15000,500,22500
"1451",7,170,68,68322,"00380000","003048456",68209005,2,41191000,3,15000,500,22500
"1452",7,170,68,68322,"00420000","007033315",68322006,1,41180201,0,0,0,0
"1453",7,170,68,68322,"00430000","083048601",68322002,18,41180201,2,10000,450,9000
"1454",7,170,68,68322,"00430000","083048601",68322002,28,41190300,2,10000,750,15000
"1455",7,170,68,68322,"00440000","083033369",68322006,18,41180201,1,5000,500,2500
"1456",7,170,68,68322,"00440000","083033369",68322006,28,41190300,1,5000,1000,5000
"1457",7,170,68,68322,"00460000","083048462",68209005,18,41180201,0,0,0,0
"1458",7,170,68,68322,"00460000","083048462",68209005,28,41190300,0,0,0,0
"1459",7,170,68,68322,"00550000","083048669",68322006,18,41180201,2,500,500,500
"1460",7,170,68,68322,"00550000","083048669",68322006,28,41190300,2,500,500,500
"1461",7,170,68,68322,"00570000","083033322",68322006,18,41190300,1,150,750,112.5
"1462",7,170,68,68322,"00660000","003048457",68209005,1,41190700,1,100,500,50
"1463",7,170,68,68322,"00660000","003048457",68209005,2,41199900,1,100,500,50
"1464",7,170,68,68322,"00670000","083033374",68322006,18,41180201,1,500,750,375
"1465",7,170,68,68322,"00670000","083033374",68322006,28,41190300,1,4000,1000,4000
"1466",7,170,68,68322,"00700000","083033278",68322006,18,41180201,1,1000,500,500
"1467",7,170,68,68322,"00700000","083033278",68322006,28,41190300,1,1000,500,500
"1468",7,170,68,68322,"00700000","083033278",68322006,38,41190700,1,1000,500,500
"1469",7,170,68,68322,"00720000","083033414",68322006,18,41180201,1,100,500,50
"1470",7,170,68,68322,"00720000","083033414",68322006,28,41190300,1,100,500,50
"1471",7,170,68,68322,"00730000","003048519",68322001,1,41190300,1,400,500,200
"1472",7,170,68,68322,"00730000","003048519",68322001,2,41199900,1,400,500,200
"1473",7,170,68,68322,"00800000","003048586",68322002,1,41190300,1,800,500,400
"1474",7,170,68,68322,"00840000","083048644",68322002,18,41180201,1,500,500,250
"1475",7,170,68,68322,"00840000","083048644",68322002,28,41190300,1,1000,500,500
"1476",7,170,68,68322,"00860000","003033446",68322001,1,41190300,1,200,500,100
"1477",7,170,68,68322,"00860000","003033446",68322001,2,41191000,2,1800,500,1800
"1478",7,170,68,68322,"00870000","003033297",68322006,1,41180201,1,500,500,250
"1479",7,170,68,68322,"00870000","003033297",68322006,2,41190300,1,1500,1000,1500
"1480",7,170,68,68322,"00870000","083048579",68322002,18,41190300,1,1800,500,900
"1481",7,170,68,68322,"00950000","003048499",68322001,1,41190300,1,5000,500,2500
"1482",7,170,68,68322,"00970000","003048494",68322001,1,41190300,2,10000,560,11200
"1483",7,170,68,68322,"00970000","003048494",68322001,2,41191000,1,1000,1000,1000
"1484",7,170,68,68322,"00980000","083048518",68322001,18,41180201,4,30000,500,60000
"1485",7,170,68,68322,"00980000","083048518",68322001,28,41190300,8,5000,750,30000
"1486",7,170,68,68322,"01000000","003048504",68209005,1,41190300,2,5000,750,7500
"1487",7,170,68,68322,"01000000","003048504",68209005,2,41191000,2,5000,500,5000
"1488",7,170,68,68322,"01040000","083048629",68322001,18,41180201,1,500,1000,500
"1489",7,170,68,68322,"01040000","083048629",68322001,28,41190300,1,500,1000,500
"1490",7,170,68,68322,"01040000","083048789",68322006,18,41180201,2,150,500,150
"1491",7,170,68,68322,"01040000","083048789",68322006,28,41190300,2,150,500,150
"1492",7,170,68,68322,"01060000","083048596",68322001,18,41180201,2,4000,500,4000
"1493",7,170,68,68322,"01060000","083048596",68322001,28,41190300,2,4000,1000,8000
"1494",7,170,68,68322,"01070000","003048653",68322001,1,41190300,1,1500,500,750
"1495",7,170,68,68322,"01070000","003048653",68322001,2,41191000,1,1500,500,750
"1496",7,170,68,68322,"01170000","003048608",68322002,1,41180201,1,3000,450,1350
"1497",7,170,68,68322,"01170000","003048608",68322002,2,41190300,1,30000,1000,30000
"1498",7,170,68,68322,"01170000","003048608",68322002,3,41190600,1,30000,400,12000
"1499",7,170,68,68322,"01450000","003048576",68322002,1,41190300,1,1000,500,500
"1500",7,170,68,68322,"01460000","083048620",68322002,18,41180201,1,100,400,40
"1501",7,170,68,68322,"01460000","083048620",68322002,28,41190300,1,100,400,40
"1502",7,170,68,68322,"01590000","003048500",68322001,1,41190300,1,6000,1000,6000
"1503",7,170,68,68322,"01630000","003048652",68322001,1,41190400,1,250,500,125
"1504",7,170,68,68324,"00450000","083034954",68324007,18,41190400,1,150,750,112.5
"1505",7,170,68,68324,"00910000","083035047",68324018,18,41199900,9,300,1,2.7
"1506",7,170,68,68324,"01000000","003034920",68324007,1,41180201,1,400,500,200
"1507",7,170,68,68324,"01000000","003034920",68324007,2,41190300,1,400,500,200
"1508",7,170,68,68324,"01370000","003035696",68324008,1,41199900,0,0,0,0
"1509",7,170,68,68324,"01680000","083035151",68324018,18,41180201,0,0,0,0
"1510",7,170,68,68324,"01730000","003034860",68324006,1,41190300,1,25,500,12.5
"1511",7,170,68,68324,"01800000","003034839",68324007,1,41180201,1,200,12,2.4
"1512",7,170,68,68327,"00010001","022339721",68327002,1,41190700,1,35,0.06,0.0021
"1513",7,170,68,68327,"00480000","083035936",68327004,18,41189900,0,0,0,0
"1514",7,170,68,68327,"00700001","022339085",68327003,2,41199900,2,250,0.02,0.01
"1515",7,170,68,68327,"00780001","022338621",68327003,1,41190300,1,400,5,2
"1516",7,170,68,68327,"01590001","022339115",68327003,2,41190300,1,200,4,0.8
"1517",7,170,68,68327,"03990001","022171132",68327001,1,41190300,1,50,0.03,0.0015
"1518",7,170,68,68344,"00040000","003037309",68344004,1,41190300,0,0,0,0
"1519",7,170,68,68344,"00090000","003043757",68344002,1,41180201,3,5,40,0.6
"1520",7,170,68,68344,"00120000","003037273",68344009,1,41120199,0,0,0,0
"1521",7,170,68,68344,"00270000","003043572",68344003,1,41190300,2,100,500,100
"1522",7,170,68,68344,"00360000","003037218",68344999,1,41190300,1,100,500,50
"1523",7,170,68,68344,"00360000","003037218",68344999,2,41190400,1,100,500,50
"1524",7,170,68,68344,"00360000","003037218",68344999,3,41190700,1,150,500,75
"1525",7,170,68,68344,"00420000","003043760",68344002,1,41180201,1,5000,250,1250
"1526",7,170,68,68344,"00430000","003037409",68344003,1,41180201,1,1000,500,500
"1527",7,170,68,68344,"00430000","003037409",68344003,2,41190300,1,1000,500,500
"1528",7,170,68,68344,"00430000","003037409",68344003,3,41190700,1,500,500,250
"1529",7,170,68,68344,"00490000","003043607",68344001,1,41190400,8,200,400,640
"1530",7,170,68,68344,"00560000","003043574",68344006,1,41190300,1,500,650,325
"1531",7,170,68,68344,"00590000","003043575",68344006,1,41190300,1,300,150,45
"1532",7,170,68,68344,"00620000","003037254",68344001,1,41190300,1,1000,500,500
"1533",7,170,68,68344,"00620000","003037254",68344001,2,41191000,1,1000,500,500
"1534",7,170,68,68344,"00660000","003043758",68344002,1,41180201,1,150,250,37.5
"1535",7,170,68,68344,"00800000","003043640",68344001,1,41190300,1,500,1000,500
"1536",7,170,68,68344,"00800000","003043640",68344001,2,41190700,1,500,1000,500
"1537",7,170,68,68344,"00850000","003037408",68344006,1,41190300,1,200,750,150
"1538",7,170,68,68344,"00860000","003037416",68344006,1,41190300,1,300,1000,300
"1539",7,170,68,68344,"00860000","003037416",68344006,2,41190700,1,200,1000,200
"1540",7,170,68,68344,"00890000","003043264",68344001,1,41180201,1,100,500,50
"1541",7,170,68,68344,"00910000","003043459",68344005,1,41190300,1,200,250,50
"1542",7,170,68,68344,"01130000","003037235",68344007,1,41180201,1,200,500,100
"1543",7,170,68,68344,"01460000","003043763",68344002,1,41180201,6,1,400,2.4
"1544",7,170,68,68344,"01920000","003043548",68344003,1,41190300,1,150,1000,150
"1545",7,170,68,68344,"02660000","003037228",68344007,1,41190300,1,1800,500,900
"1546",7,170,68,68368,"00170000","003056149",68368005,1,41190400,11,400,500,2200
"1547",7,170,68,68368,"00230000","003056120",68368005,1,41190400,1,400,400,160
"1548",7,170,68,68368,"00640000","003054644",68368010,1,41180201,1,200,500,100
"1549",7,170,68,68368,"00640000","003054644",68368010,2,41190400,1,200,500,100
"1550",7,170,68,68368,"00860000","003054585",68368005,1,41180201,1,200,300,60
"1551",7,170,68,68368,"01340000","003056353",68368006,1,41190400,1,300,1,0.3
"1552",7,170,68,68368,"02110000","003056241",68368002,1,41180201,0,0,0,0
"1553",7,170,68,68368,"02360000","003054480",68368011,1,41180201,2,100,300,60
"1554",7,170,68,68368,"02710000","003054420",68368004,1,41199900,0,0,0,0
"1555",7,170,68,68370,"00080000","089001975",68370003,18,41189900,0,0,0,0
"1556",7,170,68,68370,"00080000","089001975",68370003,28,41190300,1,200,500,100
"1557",7,170,68,68370,"00080000","089002071",68370005,18,41190400,1,800,500,400
"1558",7,170,68,68370,"00095967","060036620",68370003,1,41190300,6,300,0.1,0.18
"1559",7,170,68,68370,"00410000","089002091",68370005,18,41190300,1,4500,1500,6750
"1560",7,170,68,68370,"00410000","089002091",68370005,28,41190400,1,4500,500,2250
"1561",7,170,68,68370,"00670000","089001948",68370003,18,41190300,1,600,1000,600
"1562",7,170,68,68370,"00900000","089001972",68370003,18,41190300,1,400,500,200
"1563",7,170,68,68377,"00010000","083058747",68377008,18,41190300,2,250,500,250
"1564",7,170,68,68377,"00130001","060036168",68377018,1,41190100,0,0,0,0
"1565",7,170,68,68377,"00250000","083058447",68377034,18,41190300,1,500,500,250
"1566",7,170,68,68377,"00250000","083065402",68377022,18,41180201,2,1000,500,1000
"1567",7,170,68,68377,"00250000","083065402",68377022,28,41190300,0,0,0,0
"1568",7,170,68,68377,"00300000","003058483",68377023,1,41190200,0,0,0,0
"1569",7,170,68,68377,"00300000","083494614",68377004,18,41190300,1,400,500,200
"1570",7,170,68,68377,"00330000","003505593",68377021,1,41120199,0,0,0,0
"1571",7,170,68,68377,"00330000","083494617",68377004,18,41190300,0,0,0,0
"1572",7,170,68,68377,"00380000","083065351",68271005,18,41199900,2,800,300,480
"1573",7,170,68,68377,"00410000","083058794",68271005,18,41180201,2,200,500,200
"1574",7,170,68,68377,"00510000","083058175",68377999,18,41190200,3,35,1500,157.5
"1575",7,170,68,68377,"00700000","083494752",68377004,18,41199900,2,1000,500,1000
"1576",7,170,68,68377,"00750000","003058257",68377035,1,41190200,0,0,0,0
"1577",7,170,68,68377,"00790000","003494722",68377031,1,41189900,0,0,0,0
"1578",7,170,68,68377,"00810000","083065270",68377004,18,41190300,2,200,200,80
"1579",7,170,68,68377,"00850000","003058659",68377023,1,41190500,4,400,250,400
"1580",7,170,68,68377,"00890000","083065426",68377017,18,41180201,0,0,0,0
"1581",7,170,68,68377,"00900000","003494727",68377004,1,41190300,0,0,0,0
"1582",7,170,68,68377,"00980000","003058443",68377035,1,41190500,1,80,500,40
"1583",7,170,68,68377,"01020000","083058618",68377027,18,41190500,0,0,0,0
"1584",7,170,68,68377,"01050000","083494573",68377022,18,41189900,0,0,0,0
"1585",7,170,68,68377,"01090000","083058730",68377030,18,41191000,0,0,0,0
"1586",7,170,68,68377,"01090001","060036155",68377030,1,41190100,0,0,0,0
"1587",7,170,68,68377,"01150000","003065350",68377031,1,41190300,2,500,400,400
"1588",7,170,68,68377,"01170000","083494729",68377031,18,41190300,0,0,0,0
"1589",7,170,68,68377,"01210000","083058691",68377031,18,41199900,0,0,0,0
"1590",7,170,68,68377,"01360000","003058751",68377023,1,41199900,0,0,0,0
"1591",7,170,68,68377,"01500001","060036194",68377030,1,41190400,1,1000,5,5
"1592",7,170,68,68377,"01580000","003058746",68377026,1,41180201,0,0,0,0
"1593",7,170,68,68377,"01580000","003058746",68377026,2,41190300,2,1000,300,600
"1594",7,170,68,68377,"01580000","003058746",68377026,3,41191000,0,0,0,0
"1595",7,170,68,68377,"01590001","060036428",68377002,1,41190500,0,0,0,0
"1596",7,170,68,68377,"01680000","083058264",68377034,18,41190500,1,10,750,7.5
"1597",7,170,68,68377,"01830000","003058608",68377023,1,41120108,0,0,0,0
"1598",7,170,68,68377,"01830000","003058608",68377023,2,41190500,2,20,1250,50
"1599",7,170,68,68377,"01860000","083058494",68377012,18,41190500,1,80,4000,320
"1600",7,170,68,68377,"01870000","083058558",68377012,18,41190500,0,0,0,0
"1601",7,170,68,68377,"01900000","083058259",68377012,18,41190500,0,0,0,0
"1602",7,170,68,68377,"02210000","083058486",68377035,18,41190500,0,0,0,0
"1603",7,170,68,68377,"02230000","083058552",68377035,18,41190500,1,100,500,50
"1604",7,170,68,68377,"02370000","003058621",68377027,1,41180201,2,5000,250,2500
"1605",7,170,68,68377,"02420000","083065292",68377017,18,41180201,1,3000,250,750
"1606",7,170,68,68377,"02420000","083065292",68377017,28,41190500,0,0,0,0
"1607",7,170,68,68377,"02640000","083065370",68271005,18,41180201,2,250,300,150
"1608",7,170,68,68377,"02770000","083494730",68377017,18,41190300,2,900,700,1260
"1609",7,170,68,68377,"02780000","003494731",68377017,1,41190300,2,300,500,300
"1610",7,170,68,68377,"02780000","083494735",68377017,18,41180201,0,0,0,0
"1611",7,170,68,68377,"02950001","060036166",68377018,NA,NA,0,0,0,0
"1612",7,170,68,68377,"03100000","083058081",68377012,18,41190500,1,350,500,175
"1613",7,170,68,68377,"03860001","060036325",68377013,1,41190100,2,10000,2.5,50
"1614",7,170,68,68377,"04170000","083058080",68377006,18,41190500,0,0,0,0
"1615",7,170,68,68385,"00060000","003002491",68385030,1,41190300,2,1000,1000,2000
"1616",7,170,68,68385,"00130000","003051442",68385033,1,41190300,1,150,250,37.5
"1617",7,170,68,68385,"00130000","003054309",68385001,1,41190300,1,100,500,50
"1618",7,170,68,68385,"00130000","003584384",68385044,1,41190300,3,250,500,375
"1619",7,170,68,68385,"00130000","003584384",68385044,2,41191000,11,250,500,1375
"1620",7,170,68,68385,"00160000","083054136",68385007,18,41180201,8,3,250,6
"1621",7,170,68,68385,"00190000","083054137",68385007,18,41190300,0,0,0,0
"1622",7,170,68,68385,"00210000","003051208",68385053,1,41190300,2,250,1,0.5
"1623",7,170,68,68385,"00210000","083051332",68385007,18,41190300,1,200,500,100
"1624",7,170,68,68385,"00220000","001232046",68385063,1,41190500,1,200,200,40
"1625",7,170,68,68385,"00220000","001232046",68385063,2,41199900,1,300,300,90
"1626",7,170,68,68385,"00220000","083054164",68385009,18,41199900,0,0,0,0
"1627",7,170,68,68385,"00226301","060035852",68385009,1,41180201,9,500,0.01,0.045
"1628",7,170,68,68385,"00300000","001232129",68385015,1,41120101,0,0,0,0
"1629",7,170,68,68385,"00300000","001232129",68385015,2,41190300,2,700,500,700
"1630",7,170,68,68385,"00300000","001232129",68385015,3,41199900,2,300,500,300
"1631",7,170,68,68385,"00310000","003018285",68385037,1,41190300,3,1500,500,2250
"1632",7,170,68,68385,"00310000","003051247",68385036,1,41190300,0,0,0,0
"1633",7,170,68,68385,"00320000","003054255",68385009,1,41190300,12,2000,500,12000
"1634",7,170,68,68385,"00320000","003054255",68385009,2,41190400,11,500,375,2062.5
"1635",7,170,68,68385,"00360000","003054073",68385009,1,41190300,8,100,500,400
"1636",7,170,68,68385,"00360000","003054073",68385009,2,41190400,12,100,500,600
"1637",7,170,68,68385,"00370000","003051416",68385034,1,41180201,0,0,0,0
"1638",7,170,68,68385,"00370000","003051416",68385034,2,41190300,0,0,0,0
"1639",7,170,68,68385,"00370000","003051416",68385034,3,41190700,0,0,0,0
"1640",7,170,68,68385,"00370000","083051261",68385052,18,41190300,2,100,500,100
"1641",7,170,68,68385,"00380000","003054326",68385009,1,41190300,2,1000,500,1000
"1642",7,170,68,68385,"00380000","003054326",68385009,2,41190400,2,1000,500,1000
"1643",7,170,68,68385,"00520000","003054010",68385034,1,41190300,0,0,0,0
"1644",7,170,68,68385,"00520000","083054141",68385007,18,41180201,1,2,250,0.5
"1645",7,170,68,68385,"00630001","060036067",68385002,2,41190100,2,400,5,4
"1646",7,170,68,68385,"00660000","003051269",68385035,1,41199900,4,100,34,13.6
"1647",7,170,68,68385,"00820000","003018107",68385037,1,41190300,1,5000,650,3250
"1648",7,170,68,68385,"00910000","083051377",68385003,18,41190300,0,0,0,0
"1649",7,170,68,68385,"00990000","003054135",68385008,1,41180201,0,0,0,0
"1650",7,170,68,68385,"00990000","003054135",68385008,2,41190300,2,300,500,300
"1651",7,170,68,68385,"01030000","083051286",68385003,18,41120199,0,0,0,0
"1652",7,170,68,68385,"01030000","083051286",68385003,28,41190300,0,0,0,0
"1653",7,170,68,68385,"01040000","083051349",68385052,18,41190300,2,300,375,225
"1654",7,170,68,68385,"01070000","003054058",68385008,1,41190300,5,4000,2,40
"1655",7,170,68,68385,"01080000","001232014",68861048,1,41190300,1,800,25,20
"1656",7,170,68,68385,"01080000","003054098",68385027,1,41190300,6,600,500,1800
"1657",7,170,68,68385,"01090000","083051353",68385027,18,41180201,8,50,250,100
"1658",7,170,68,68385,"01130000","003051583",68385034,1,41190300,5,200,500,500
"1659",7,170,68,68385,"01130000","003051583",68385034,2,41190400,11,200,1000,2200
"1660",7,170,68,68385,"01170000","003051432",68385034,1,41190300,2,2,250,1
"1661",7,170,68,68385,"01190000","003051287",68385003,1,41190300,6,1500,250,2250
"1662",7,170,68,68385,"01220000","003054007",68385027,1,41180201,1,400,1,0.4
"1663",7,170,68,68385,"01220000","003054007",68385027,2,41190300,1,400,1,0.4
"1664",7,170,68,68385,"01310000","003051317",68385003,1,41190300,2,2000,1000,4000
"1665",7,170,68,68385,"01440000","003051531",68385034,1,41190400,8,15,350,42
"1666",7,170,68,68385,"01500000","001232116",68385011,1,41190300,0,0,0,0
"1667",7,170,68,68385,"01610000","003050306",68385046,1,41190300,11,1500,500,8250
"1668",7,170,68,68385,"02080000","003051216",68385035,1,41180201,1,300,500,150
"1669",7,170,68,68385,"02080000","003051216",68385035,2,41189900,1,200,500,100
"1670",7,170,68,68385,"02080000","003051216",68385035,3,41190300,1,30,400,12
"1671",7,170,68,68397,"00060000","003044328",68179005,1,41190300,2,250,500,250
"1672",7,170,68,68397,"00590000","089002601",68397006,18,41190400,1,500,500,250
"1673",7,170,68,68397,"00630000","082183008",68397012,18,41180201,1,100,500,50
"1674",7,170,68,68397,"00630000","082183008",68397012,28,41190300,1,100,500,50
"1675",7,170,68,68397,"00660000","083044167",68397005,18,41180201,1,50,500,25
"1676",7,170,68,68397,"00700000","083057753",68397002,18,41180201,1,300,500,150
"1677",7,170,68,68397,"00700000","083057753",68397002,28,41190300,1,300,500,150
"1678",7,170,68,68397,"00710000","003057757",68397002,1,41180201,2,10,500,10
"1679",7,170,68,68397,"00900000","083024892",68397020,18,41180201,1,80,500,40
"1680",7,170,68,68397,"01020000","003024865",68397020,1,41180201,0,0,0,0
"1681",7,170,68,68397,"01460000","083052026",68397009,18,41190300,2,50,500,50
"1682",7,170,68,68397,"01810001","000909580",68397017,2,41190400,0,0,0,0
"1683",7,170,68,68397,"02260000","083023797",68397020,18,41190300,2,200,500,200
"1684",7,170,68,68397,"02360000","002129655",68397015,1,41180201,1,500,500,250
"1685",7,170,68,68397,"02360000","002129655",68397015,2,41190300,1,500,500,250
"1686",7,170,68,68397,"02500000","083052351",68397013,18,41190300,1,50,420,21
"1687",7,170,68,68397,"02650000","089002590",68397006,18,41180201,2,300,500,300
"1688",7,170,68,68397,"02780000","083057739",68397002,18,41190300,1,200,700,140
"1689",7,170,68,68397,"03370000","003058379",68397001,1,41190300,2,2000,500,2000
"1690",7,170,68,68397,"03370000","003058379",68397001,2,41190400,2,2000,500,2000
"1691",7,170,68,68406,"00080000","002397272",68406005,1,41190300,1,700,500,350
"1692",7,170,68,68406,"00080000","002397272",68406005,2,41190700,1,100,750,75
"1693",7,170,68,68406,"00100000","003053369",68406013,1,41180201,7,102,5,3.57
"1694",7,170,68,68406,"00150000","003050888",68406002,1,41190300,2,500,500,500
"1695",7,170,68,68406,"00160000","003285289",68406006,1,41190300,1,200,1000,200
"1696",7,170,68,68406,"00160000","003285289",68406006,2,41191000,1,200,500,100
"1697",7,170,68,68406,"00380000","001654541",68406013,1,41199900,0,0,0,0
"1698",7,170,68,68406,"00440000","003053372",68406026,1,41180201,1,400,700,280
"1699",7,170,68,68406,"01210000","009994400",68406053,1,41180201,1,100,500,50
"1700",7,170,68,68406,"01270000","002397447",68406042,1,41190300,1,100,500,50
"1701",7,170,68,68406,"01360000","002008967",68406021,1,41190300,0,0,0,0
"1702",7,170,68,68406,"01600000","003285491",68406003,1,41190300,1,300,500,150
"1703",7,170,68,68406,"01810000","003051026",68406035,1,41191000,0,0,0,0
"1704",7,170,68,68406,"01890001","022339769",68406036,1,41190300,11,100,2,2.2
"1705",7,170,68,68406,"02110000","003051115",68406054,1,41180201,1,800,500,400
"1706",7,170,68,68406,"02270001","022338318",68406019,1,42140100,2,30,5,0.3
"1707",7,170,68,68406,"02290000","003051181",68406054,1,41190300,1,200,500,100
"1708",7,170,68,68406,"02290000","003051181",68406054,2,41190400,1,200,500,100
"1709",7,170,68,68406,"03270000","003050427",68406030,1,41190300,12,300,1,3.6
"1710",7,170,68,68406,"03270000","003050427",68406030,2,41190600,3,300,1,0.9
"1711",7,170,68,68406,"03720000","003051024",68406051,1,41190400,2,2000,500,2000
"1712",7,170,68,68406,"05630000","002257680",68406019,1,41190300,0,0,0,0
"1713",7,170,68,68406,"05630000","002257680",68406019,2,41191000,0,0,0,0
"1714",7,170,68,68406,"05700000","003053243",68406032,1,41190300,0,0,0,0
"1715",7,170,68,68406,"05700000","003053243",68406032,2,41191000,0,0,0,0
"1716",7,170,68,68406,"05780000","003285223",68406009,1,41190300,1,1000,1,1
"1717",7,170,68,68406,"05780000","003285223",68406009,2,41190400,1,400,1,0.4
"1718",7,170,68,68406,"05780000","003285223",68406009,3,41191000,1,600,1,0.6
"1719",7,170,68,68418,"00080000","083042892",68418004,18,41190300,0,0,0,0
"1720",7,170,68,68418,"00080000","083042892",68418004,28,41190700,0,0,0,0
"1721",7,170,68,68418,"00140001","060036437",68418019,1,41190300,1,500,10,5
"1722",7,170,68,68418,"00210000","083036219",68418015,18,41191000,1,1,1,0.001
"1723",7,170,68,68418,"00320000","083036186",68418025,18,41180201,0,0,0,0
"1724",7,170,68,68418,"00320000","083036233",68418026,18,41190600,1,500,3,1.5
"1725",7,170,68,68418,"00320000","083036233",68418026,28,41191000,1,1000,3,3
"1726",7,170,68,68418,"00320000","083036233",68418026,38,41199900,1,300,3,0.9
"1727",7,170,68,68418,"00320000","083036235",68418026,18,41190300,1,300,1,0.3
"1728",7,170,68,68418,"00320000","083036235",68418026,28,41191000,0,0,0,0
"1729",7,170,68,68418,"00340000","083036324",68418015,18,41190300,1,1,1,0.001
"1730",7,170,68,68418,"00340000","083036324",68418015,28,41190600,1,1,1,0.001
"1731",7,170,68,68418,"00340000","083036324",68418015,38,41191000,10,1500,250,3750
"1732",7,170,68,68418,"00390000","083042991",68418012,18,41180201,1,600,500,300
"1733",7,170,68,68418,"00390000","083042991",68418012,28,41190300,1,200,400,80
"1734",7,170,68,68418,"00460000","083042893",68418012,18,41190300,1,1500,500,750
"1735",7,170,68,68418,"00460000","083042893",68418012,28,41190600,1,300,500,150
"1736",7,170,68,68418,"00520000","083049590",68418004,18,41190300,2,206,250,103
"1737",7,170,68,68418,"00520000","083049590",68418004,28,41190600,2,200,250,100
"1738",7,170,68,68418,"00640000","083042847",68418008,18,41190300,0,0,0,0
"1739",7,170,68,68418,"00640000","083042847",68418008,28,41190800,0,0,0,0
"1740",7,170,68,68418,"01740000","083049417",68418001,18,41190400,2,5000,2000,20000
"1741",7,170,68,68418,"01740000","083049417",68418001,28,41199900,2,5000,2000,20000
"1742",7,170,68,68418,"01810000","083043105",68418026,18,41190300,1,100,500,50
"1743",7,170,68,68418,"05710000","083043090",68418012,18,41190300,0,0,0,0
"1744",7,170,68,68418,"05710000","083043090",68418012,28,41190600,0,0,0,0
"1745",7,170,68,68418,"05710000","083043090",68418012,38,41190800,0,0,0,0
"1746",7,170,68,68418,"12760001","060035630",68418006,1,41180201,2,200,5,2
"1747",7,170,68,68418,"14480000","083036393",68418012,18,41190300,0,0,0,0
"1748",7,170,68,68418,"14480000","083036393",68418012,28,41190600,0,0,0,0
"1749",7,170,68,68418,"14480000","083036393",68418012,38,41190800,0,0,0,0
"1750",7,170,68,68418,"15285253","060037378",68418020,1,41180201,2,200,5,2
"1751",7,170,68,68418,"28030000","083053031",68418006,18,41190300,2,600,1,1.2
"1752",7,170,68,68418,"28030000","083053031",68418006,28,41191000,2,600,1,1.2
"1753",7,170,68,68418,"28030000","083053031",68418006,38,41199900,2,600,1,1.2
"1754",7,170,68,68418,"47510000","083049877",68418003,18,41190300,9,9,9,0.729
"1755",7,170,68,68425,"00740000","083033708",68425003,18,41180201,0,0,0,0
"1756",7,170,68,68425,"00740000","083033708",68425003,28,41190300,0,0,0,0
"1757",7,170,68,68425,"00740000","083033738",68425006,18,41191000,0,0,0,0
"1758",7,170,68,68425,"01260000","083033647",68425003,18,41199900,2,4000,500,4000
"1759",7,170,68,68425,"01270000","083033688",68425008,18,41120199,0,0,0,0
"1760",7,170,68,68425,"01410000","083033646",68425003,18,41199900,0,0,0,0
"1761",7,170,68,68425,"01480000","083033648",68425003,18,41189900,2,2000,700,2800
"1762",7,170,68,68425,"01560000","083033698",68425003,18,41190400,2,200,500,200
"1763",7,170,68,68425,"01670000","083034046",68425001,18,41190400,2,200,600,240
"1764",7,170,68,68425,"01760000","083033609",68425003,18,41190400,0,0,0,0
"1765",7,170,68,68425,"01970000","083033649",68425003,18,41190400,2,400,400,320
"1766",7,170,68,68425,"02320000","083033619",68425003,18,41199900,1,20,500,10
"1767",7,170,68,68425,"02680000","083033616",68425003,18,41199900,0,0,0,0
"1768",7,170,68,68425,"02680000","083033617",68425003,18,41199900,0,0,0,0
"1769",7,170,68,68432,"00130000","002479752",68432002,1,41190200,0,0,0,0
"1770",7,170,68,68432,"01980001","060443655",68432002,NA,NA,0,0,0,0
"1771",7,170,68,68444,"00090001","060039813",68444003,1,41190200,2,5000,2.5,25
"1772",7,170,68,68444,"00570001","060039726",68444022,1,41199900,1,600,4,2.4
"1773",7,170,68,68444,"00900000","083052939",68444005,18,41180201,1,600,400,240
"1774",7,170,68,68464,"00050001","060040433",68464011,1,41190300,1,250,7.5,1.875
"1775",7,170,68,68464,"00100000","003070616",68464001,1,41180201,1,150,400,60
"1776",7,170,68,68464,"00120000","009990411",68464019,1,41180201,0,0,0,0
"1777",7,170,68,68464,"00120000","083011593",68464026,18,41180201,0,0,0,0
"1778",7,170,68,68464,"00130000","009990408",68464019,1,41180201,0,0,0,0
"1779",7,170,68,68464,"00130001","060040331",68464014,1,41190300,2,2,4,0.016
"1780",7,170,68,68464,"00140000","003070645",68464015,1,41180201,12,75,1,0.9
"1781",7,170,68,68464,"00140000","003070645",68464015,2,41190300,5,75,1,0.375
"1782",7,170,68,68464,"00170000","003071087",68464015,1,41180201,0,0,0,0
"1783",7,170,68,68464,"00170000","003071087",68464015,2,41190300,0,0,0,0
"1784",7,170,68,68464,"00170000","003071087",68464015,3,41190700,0,0,0,0
"1785",7,170,68,68464,"00230000","003070671",68464002,1,41189900,1,150,250,37.5
"1786",7,170,68,68464,"00230000","003070671",68464002,2,41190300,1,150,250,37.5
"1787",7,170,68,68464,"00300000","083070633",68464001,18,41180300,8,150,250,300
"1788",7,170,68,68464,"00340000","083070425",68464007,18,41190400,0,0,0,0
"1789",7,170,68,68464,"00370000","083070562",68464023,18,41190300,2,250,1000,500
"1790",7,170,68,68464,"00380000","083011566",68464026,18,41180201,1,250,250,62.5
"1791",7,170,68,68464,"00390000","089990004",68464018,18,41180201,2,760,1000,1520
"1792",7,170,68,68464,"00400000","083070869",68464007,18,41180201,1,450,375,168.75
"1793",7,170,68,68464,"00430000","002354615",68464018,1,41180201,12,1000,700,8400
"1794",7,170,68,68464,"00440000","083070891",68464007,18,41190400,1,300,375,112.5
"1795",7,170,68,68464,"00490000","003052872",68464012,1,41190400,3,300,500,450
"1796",7,170,68,68464,"00530001","060037981",68464012,1,41190300,1,300,5,1.5
"1797",7,170,68,68464,"00640000","083070470",68464003,18,41190400,1,1500,350,525
"1798",7,170,68,68464,"00710001","060040427",68464011,2,41120199,0,0,0,0
"1799",7,170,68,68464,"00720000","003052891",68464012,1,41180201,2,1600,375,1200
"1800",7,170,68,68464,"00830000","003011474",68464004,1,41180201,6,250,1,1.5
"1801",7,170,68,68464,"00830000","007011474",68464004,1,41180201,3,250,1,0.75
"1802",7,170,68,68464,"00830000","007011474",68464004,2,41189900,5,250,1,1.25
"1803",7,170,68,68464,"00870000","003070483",68464003,1,41180201,1,150,400,60
"1804",7,170,68,68464,"00890001","060040446",68464011,1,41199900,1,100,5,0.5
"1805",7,170,68,68464,"00930000","003070572",68464001,1,41190400,11,6,250,16.5
"1806",7,170,68,68464,"00990000","003070485",68464003,1,41180201,1,6000,450,2700
"1807",7,170,68,68464,"01040000","003011452",68464004,1,41180201,0,0,0,0
"1808",7,170,68,68464,"01040000","089000264",68464018,18,41180201,0,0,0,0
"1809",7,170,68,68464,"01040000","089000264",68464018,28,41199900,0,0,0,0
"1810",7,170,68,68464,"01160000","003070571",68464001,1,41190400,3,30,500,45
"1811",7,170,68,68464,"01160001","060037923",68464001,1,41180201,6,30,5,0.9
"1812",7,170,68,68464,"01280000","089000442",68464018,18,41189900,2,1000,1000,2000
"1813",7,170,68,68464,"01280000","089000442",68464018,28,41190300,2,1000,1000,2000
"1814",7,170,68,68464,"01330000","003071131",68464007,1,41180201,1,300,500,150
"1815",7,170,68,68464,"01410000","003011391",68464006,1,41190400,1,1000,500,500
"1816",7,170,68,68464,"01430000","003070920",68464010,1,41199900,1,50,500,25
"1817",7,170,68,68464,"01460001","060039197",68464009,1,41190100,2,200,20,8
"1818",7,170,68,68464,"01800000","003070617",68464001,1,41190300,1,100,1,0.1
"1819",7,170,68,68464,"03584088","060040797",68464009,1,42220100,1,30,5,0.15
"1820",7,170,68,68464,"99990000","003070502",68464018,1,41180201,1,400,250,100
"1821",7,170,68,68468,"02310000","003080619",68468015,1,41190200,2,500,125,125
"1822",7,170,68,68468,"04020000","002252633",68468001,1,41190200,1,600,350,210
"1823",7,170,68,68468,"04850000","002252731",68468001,1,41190200,1,500,250,125
"1824",7,170,68,68498,"00020000","001135660",68498013,1,41180201,2,400,500,400
"1825",7,170,68,68498,"00020000","001135660",68498013,2,41190500,2,200,500,200
"1826",7,170,68,68498,"00030000","081208266",68498010,18,41180201,1,20,1,0.02
"1827",7,170,68,68498,"00050000","001135678",68498007,1,41180201,1,90,500,45
"1828",7,170,68,68498,"00050000","001135678",68498007,2,41190300,0,0,0,0
"1829",7,170,68,68498,"00100000","081135700",68498002,18,41180201,1,20,1,0.02
"1830",7,170,68,68498,"00100000","081135700",68498002,28,41190300,1,30,1,0.03
"1831",7,170,68,68498,"00120000","002457130",68498011,1,41190300,1,200,2,0.4
"1832",7,170,68,68498,"00140000","081135720",68498002,18,41180201,1,300,500,150
"1833",7,170,68,68498,"00160000","007135636",68498010,1,41180201,1,250,500,125
"1834",7,170,68,68498,"00160000","007135636",68498010,2,41190300,0,0,0,0
"1835",7,170,68,68498,"00160000","007135636",68498010,3,41191000,0,0,0,0
"1836",7,170,68,68498,"00210000","083087976",68498003,18,41180201,1,500,500,250
"1837",7,170,68,68498,"00210000","083087985",68498003,18,41180201,0,0,0,0
"1838",7,170,68,68498,"00330000","001128431",68498007,1,41120199,0,0,0,0
"1839",7,170,68,68498,"00350000","081208452",68498008,18,41180201,9,350,450,1417.5
"1840",7,170,68,68498,"00350000","081208452",68498008,28,41190300,6,320,450,864
"1841",7,170,68,68498,"00390000","081698698",68498010,18,41180201,2,100,250,50
"1842",7,170,68,68498,"00430000","003016671",68498004,1,41190300,1,50,500,25
"1843",7,170,68,68498,"00530000","089000734",68498002,18,41180201,1,200,500,100
"1844",7,170,68,68498,"00550000","081135640",68498010,18,41180201,1,500,500,250
"1845",7,170,68,68498,"00550000","081135640",68498010,28,41190300,1,500,700,350
"1846",7,170,68,68498,"00550000","081135640",68498010,38,41199900,1,1000,800,800
"1847",7,170,68,68498,"00590000","007119362",68498014,1,41191000,1,600,600,360
"1848",7,170,68,68498,"00600000","003016631",68167003,1,41120199,0,0,0,0
"1849",7,170,68,68498,"00730000","001135711",68498017,1,41191000,1,100,500,50
"1850",7,170,68,68498,"00740000","001432640",68498010,1,41190700,1,2000,500,1000
"1851",7,170,68,68498,"00840000","001128522",68498010,1,41120108,0,0,0,0
"1852",7,170,68,68498,"00840000","001128522",68498010,2,41180201,1,500,200,100
"1853",7,170,68,68498,"00840000","001128522",68498010,3,41190300,1,50,300,15
"1854",7,170,68,68498,"00880000","003087917",68498009,1,41191000,0,0,0,0
"1855",7,170,68,68498,"00900000","002457125",68498005,1,41180201,1,200,500,100
"1856",7,170,68,68498,"00940000","003016556",68498009,1,41190400,1,300,1500,450
"1857",7,170,68,68498,"01080000","003409367",68498018,1,41180201,1,200,500,100
"1858",7,170,68,68498,"01670000","003087748",68498014,1,41180201,1,100,500,50
"1859",7,170,68,68498,"02690000","002457132",68498001,1,41191000,1,100,300,30
"1860",7,170,68,68498,"99990000","003039221",68498006,1,41190300,10,100,500,500
"1861",7,170,68,68500,"00040000","083077032",68500016,18,41180201,2,750,750,1125
"1862",7,170,68,68500,"00040000","083077032",68500016,28,41190300,2,750,750,1125
"1863",7,170,68,68500,"00040000","083083128",68500004,18,41190300,1,400,500,200
"1864",7,170,68,68500,"00040000","083083128",68500004,28,41191000,1,1000,500,500
"1865",7,170,68,68500,"00050000","082208147",68500005,18,41180201,1,1000,258,258
"1866",7,170,68,68500,"00050000","083076913",68500016,18,41180201,1,2000,500,1000
"1867",7,170,68,68500,"00050000","083076913",68500016,28,41190300,1,1000,500,500
"1868",7,170,68,68500,"00070000","083076884",68500007,18,41190300,0,0,0,0
"1869",7,170,68,68500,"00080000","082183726",68500016,18,41180201,1,400,500,200
"1870",7,170,68,68500,"00080000","082183726",68500016,28,41190300,1,200,500,100
"1871",7,170,68,68500,"00160000","088043930",68500019,18,41180201,2,300,500,300
"1872",7,170,68,68500,"00180000","083076987",68500016,18,41180201,1,4000,15,60
"1873",7,170,68,68500,"00180000","083076987",68500016,28,41190300,1,8000,15,120
"1874",7,170,68,68500,"00180001","060039247",68500016,2,41190400,1,4000,15,60
"1875",7,170,68,68500,"00200000","083083107",68500015,18,41191000,1,50,500,25
"1876",7,170,68,68500,"00230000","083083157",68322006,18,41190300,0,0,0,0
"1877",7,170,68,68500,"00240000","082183799",68500004,18,41180201,1,700,500,350
"1878",7,170,68,68500,"00240000","082183799",68500004,28,41190300,1,200,500,100
"1879",7,170,68,68500,"00260000","083076810",68500008,18,41190300,1,100,500,50
"1880",7,170,68,68500,"00260000","083076810",68500008,28,41191000,1,800,380,304
"1881",7,170,68,68500,"00260000","083076842",68500008,18,41190300,0,0,0,0
"1882",7,170,68,68500,"00260000","083076842",68500008,28,41191000,0,0,0,0
"1883",7,170,68,68500,"00260000","083076860",68500008,18,41191000,1,100,1,0.1
"1884",7,170,68,68500,"00260001","060039255",68500008,1,41190400,1,100,2.5,0.25
"1885",7,170,68,68500,"00280000","083076872",68500008,18,41190300,5,30,500,75
"1886",7,170,68,68500,"00280000","083076872",68500008,28,41191000,2,60,250,30
"1887",7,170,68,68500,"00360000","083506526",68500013,18,41180201,2,400,500,400
"1888",7,170,68,68500,"00360000","083506526",68500013,28,41190300,2,300,500,300
"1889",7,170,68,68500,"00370000","083507113",68500019,18,41180201,1,300,600,180
"1890",7,170,68,68500,"00370000","083507113",68500019,28,41190300,1,300,600,180
"1891",7,170,68,68500,"00400000","083506706",68500013,18,41180201,1,400,1000,400
"1892",7,170,68,68500,"00400000","083506706",68500013,28,41190300,1,400,1000,400
"1893",7,170,68,68500,"00490000","083496742",68500012,18,41190300,1,150,500,75
"1894",7,170,68,68500,"00490000","083496742",68500012,28,41191000,1,150,500,75
"1895",7,170,68,68500,"00540000","082208318",68500003,18,41180201,1,100,400,40
"1896",7,170,68,68500,"00550000","083083019",68500022,18,41180201,0,0,0,0
"1897",7,170,68,68500,"00550000","083083019",68500022,28,41190300,0,0,0,0
"1898",7,170,68,68500,"00550000","083083019",68500022,38,41190800,0,0,0,0
"1899",7,170,68,68500,"00580000","083086644",68500013,18,41180201,1,600,500,300
"1900",7,170,68,68500,"00580000","083086644",68500013,28,41190300,1,100,500,50
"1901",7,170,68,68500,"00600000","083082875",68322001,18,41180201,1,10000,700,7000
"1902",7,170,68,68500,"00600000","083082875",68322001,28,41190300,1,2000,400,800
"1903",7,170,68,68500,"00600000","083083042",68500007,18,41180201,1,1500,500,750
"1904",7,170,68,68500,"00600000","083083042",68500007,28,41190300,1,1500,500,750
"1905",7,170,68,68500,"00610000","082183801",68500004,18,41180201,1,1400,500,700
"1906",7,170,68,68500,"00610000","082183801",68500004,28,41190300,1,800,1000,800
"1907",7,170,68,68500,"00620000","083083199",68500007,18,41180201,1,600,400,240
"1908",7,170,68,68500,"00620000","083083199",68500007,28,41190300,1,600,400,240
"1909",7,170,68,68500,"00640000","083076830",68500008,18,41190300,1,40,2000,80
"1910",7,170,68,68500,"00640000","083076830",68500008,28,41191000,1,40,2000,80
"1911",7,170,68,68500,"00720000","083086713",68500004,18,41180201,10,1,500,5
"1912",7,170,68,68500,"00720000","083086713",68500004,28,41190300,9,1,500,4.5
"1913",7,170,68,68500,"00750000","083076838",68500008,18,41190300,1,1000,500,500
"1914",7,170,68,68500,"00750000","083496782",68500011,18,41180201,1,300,500,150
"1915",7,170,68,68500,"00750000","083496782",68500011,28,41190700,1,400,500,200
"1916",7,170,68,68500,"00780000","083076955",68500016,18,41180201,6,100,500,300
"1917",7,170,68,68500,"00790000","083496764",68500025,18,41180201,0,0,0,0
"1918",7,170,68,68500,"00820000","083506579",68500013,18,41180201,1,1500,750,1125
"1919",7,170,68,68500,"00820000","083506579",68500013,28,41190300,1,1500,750,1125
"1920",7,170,68,68500,"00830000","083086784",68500019,18,41180201,1,150,450,67.5
"1921",7,170,68,68500,"00870000","081426628",68500017,18,41190300,1,100,400,40
"1922",7,170,68,68500,"00960000","083076916",68500022,18,41180201,1,1,1,0.001
"1923",7,170,68,68500,"00980000","081426618",68500027,18,41190300,1,100,500,50
"1924",7,170,68,68500,"00980000","083496714",68500025,18,41180201,3,300,400,360
"1925",7,170,68,68500,"00980000","083496714",68500025,28,41190300,0,0,0,0
"1926",7,170,68,68500,"00980000","083496725",68500025,18,41190400,2,5000,500,5000
"1927",7,170,68,68500,"00990000","081426626",68500027,18,41190400,5,1,500,2.5
"1928",7,170,68,68500,"01030000","083076948",68500023,18,41180201,1,150,300,45
"1929",7,170,68,68500,"01030000","083076948",68500023,28,41190300,1,150,300,45
"1930",7,170,68,68500,"01110000","081426711",68500027,18,41190400,1,100,500,50
"1931",7,170,68,68500,"01132265","060039256",68500008,1,41190400,1,100,2.5,0.25
"1932",7,170,68,68500,"01180000","082183854",68500027,18,41190300,1,200,500,100
"1933",7,170,68,68500,"01180000","082183854",68500027,28,41190400,1,150,500,75
"1934",7,170,68,68500,"01180000","082183854",68500027,38,41190700,1,100,500,50
"1935",7,170,68,68500,"01230000","083083005",68500024,18,41180201,0,0,0,0
"1936",7,170,68,68500,"01320000","083076949",68500023,18,41180201,1,1000,500,500
"1937",7,170,68,68500,"01320000","083076949",68500023,28,41190300,1,1000,500,500
"1938",7,170,68,68500,"01340000","083507110",68500019,18,41180201,2,500,500,500
"1939",7,170,68,68500,"01340000","083507110",68500019,28,41190300,2,500,500,500
"1940",7,170,68,68500,"01440000","082183638",68500017,18,41190600,6,1,1,0.006
"1941",7,170,68,68500,"01440000","082183638",68500017,28,41190700,6,1,1,0.006
"1942",7,170,68,68500,"01440000","082183638",68500017,38,41191000,6,1,1,0.006
"1943",7,170,68,68500,"01490000","083076991",68500016,18,41180201,2,600,450,540
"1944",7,170,68,68500,"01490000","083076991",68500016,28,41190300,2,600,500,600
"1945",7,170,68,68500,"01510000","083496689",68500025,18,41180201,1,500,1000,500
"1946",7,170,68,68500,"01510000","083496689",68500025,28,41190300,1,150,1500,225
"1947",7,170,68,68500,"01510000","083496690",68500025,18,41180201,1,250,500,125
"1948",7,170,68,68500,"01580000","083083035",68500025,18,41180201,2,700,750,1050
"1949",7,170,68,68500,"01580000","083083035",68500025,28,41190300,2,700,750,1050
"1950",7,170,68,68500,"01660000","083086645",68500025,18,41190300,1,200,500,100
"1951",7,170,68,68500,"01840000","083086617",68500015,18,41190300,1,2000,500,1000
"1952",7,170,68,68500,"01840000","083086617",68500015,28,41190700,1,1000,500,500
"1953",7,170,68,68500,"01840000","083086617",68500015,38,41199900,1,3000,500,1500
"1954",7,170,68,68500,"01890000","083496727",68500019,18,41180201,1,50,500,25
"1955",7,170,68,68500,"01890000","083496727",68500019,28,41190300,1,50,750,37.5
"1956",7,170,68,68500,"02030000","088800054",68500019,18,41180201,0,0,0,0
"1957",7,170,68,68500,"02030000","088800054",68500019,28,41190300,0,0,0,0
"1958",7,170,68,68500,"02070000","083043949",68500019,18,41180201,11,10000,15,1650
"1959",7,170,68,68500,"02070000","083043949",68500019,28,41190300,9,10000,15,1350
"1960",7,170,68,68500,"02070000","083043949",68500019,38,41190500,10,10000,15,1500
"1961",7,170,68,68500,"02130000","083082845",68500016,18,41190300,1,100,500,50
"1962",7,170,68,68500,"02230000","083076992",68500016,18,41180201,1,3000,500,1500
"1963",7,170,68,68500,"02230000","083076992",68500016,28,41190300,1,2000,500,1000
"1964",7,170,68,68500,"02260000","083076933",68500016,18,41180201,1,100,1000,100
"1965",7,170,68,68500,"02260000","083076933",68500016,28,41190300,1,100,1000,100
"1966",7,170,68,68500,"02290000","083086665",68500019,18,41190300,3,2500,1000,7500
"1967",7,170,68,68500,"02290000","083086665",68500019,28,41190600,0,0,0,0
"1968",7,170,68,68500,"02290000","083086665",68500019,38,41191000,0,0,0,0
"1969",7,170,68,68500,"02310000","083496720",68500025,18,41191000,1,500,400,200
"1970",7,170,68,68500,"02330000","083082811",68500016,18,41180201,2,2000,500,2000
"1971",7,170,68,68500,"02330001","060038406",68500016,1,41180201,2,2000,5,20
"1972",7,170,68,68500,"02360001","060039465",68322001,2,41190300,0,0,0,0
"1973",7,170,68,68500,"02440000","083506626",68500025,18,41189900,1,1,500,0.5
"1974",7,170,68,68500,"02440000","083506626",68500025,28,41190300,2,1,500,1
"1975",7,170,68,68500,"02440000","083506626",68500025,38,41191000,9,1,500,4.5
"1976",7,170,68,68502,"00220000","001892939",68502003,1,41190200,12,7000,350,29400
"1977",7,170,68,68502,"01059266","060038827",68502010,1,41190200,2,500,10,10
"1978",7,170,68,68502,"01450000","003080134",68502004,1,41180201,1,500,300,150
"1979",7,170,68,68502,"01460000","003080077",68502007,1,41180201,2,600,250,300
"1980",7,170,68,68502,"01460000","003080077",68502007,2,41190300,2,600,250,300
"1981",7,170,68,68502,"01470000","003080309",68502002,1,41189900,0,0,0,0
"1982",7,170,68,68502,"01480000","003080135",68502014,1,41180201,2,700,300,420
"1983",7,170,68,68502,"01480000","003080135",68502014,2,41190300,2,250,300,150
"1984",7,170,68,68502,"01840000","003080010",68502002,1,41180201,12,20,250,60
"1985",7,170,68,68522,"00070000","083073216",68522002,18,41190300,2,500,600,600
"1986",7,170,68,68522,"00070000","083073216",68522002,28,41191000,2,500,600,600
"1987",7,170,68,68522,"00080000","083073534",68522003,18,41190300,2,10,500,10
"1988",7,170,68,68522,"00120000","003073218",68522002,1,41190300,1,800,500,400
"1989",7,170,68,68522,"00180000","083073208",68522002,18,41190300,1,250,750,187.5
"1990",7,170,68,68522,"00220000","083073269",68522002,18,41190300,1,300,500,150
"1991",7,170,68,68522,"00220000","083073269",68522002,28,41190400,1,50,500,25
"1992",7,170,68,68522,"00230000","083073260",68522002,18,41190300,1,200,500,100
"1993",7,170,68,68522,"00290000","083073338",68522002,18,41190300,2,400,500,400
"1994",7,170,68,68522,"00290000","083073338",68522002,28,41190400,2,400,500,400
"1995",7,170,68,68522,"00290000","083073338",68522002,38,41190800,2,400,500,400
"1996",7,170,68,68522,"00300000","083073268",68522002,18,41190300,1,100,500,50
"1997",7,170,68,68522,"00340000","083073227",68522002,18,41190300,1,200,500,100
"1998",7,170,68,68522,"00400000","083073265",68522002,18,41190300,2,300,500,300
"1999",7,170,68,68522,"00420000","083073235",68522002,18,41190300,1,300,500,150
"2000",7,170,68,68522,"00450000","003073219",68522002,1,41190300,1,1200,500,600
"2001",7,170,68,68522,"00540000","083073226",68522002,18,41120108,0,0,0,0
"2002",7,170,68,68522,"00610000","083073308",68522002,18,41190300,1,2800,550,1540
"2003",7,170,68,68522,"00610000","083073308",68522002,28,41190400,1,200,550,110
"2004",7,170,68,68522,"00780000","083073201",68522004,18,41190300,1,400,500,200
"2005",7,170,68,68522,"01070000","083073295",68522002,18,41190300,2,1000,500,1000
"2006",7,170,68,68522,"01100000","083073275",68522002,18,41120199,0,0,0,0
"2007",7,170,68,68522,"01100000","083073275",68522002,28,41190400,1,100,500,50
"2008",7,170,68,68522,"01180000","083073278",68522002,18,41190300,1,150,500,75
"2009",7,170,68,68522,"01230000","083084472",68522001,18,41180201,2,500,500,500
"2010",7,170,68,68522,"01230000","083084472",68522001,28,41190300,2,500,500,500
"2011",7,170,68,68522,"01370000","083073229",68522002,18,41190300,1,250,500,125
"2012",7,170,68,68522,"01370000","083073229",68522002,28,41190400,1,50,500,25
"2013",7,170,68,68522,"01410000","083073254",68522002,18,41190300,1,350,1000,350
"2014",7,170,68,68522,"01410000","083073254",68522002,28,41190400,1,50,500,25
"2015",7,170,68,68522,"01570000","083084404",68522001,18,41180201,1,300,500,150
"2016",7,170,68,68522,"01620000","083084459",68522001,18,41199900,1,1,1,0.001
"2017",7,170,68,68522,"01640000","083077122",68522001,18,41180201,1,1200,500,600
"2018",7,170,68,68522,"01640000","083077122",68522001,28,41190300,1,1200,500,600
"2019",7,170,68,68522,"01650000","083084465",68522001,18,41190300,2,700,1000,1400
"2020",7,170,68,68522,"01800000","083077168",68522001,18,41190300,2,300,500,300
"2021",7,170,68,68522,"01810000","083084466",68522001,18,41190300,1,250,1000,250
"2022",7,170,68,68522,"01810000","083084466",68522001,28,41190500,1,250,1000,250
"2023",7,170,68,68522,"01830000","083073211",68755008,18,41190300,1,250,500,125
"2024",7,170,68,68522,"01830000","083084456",68522001,18,41190300,1,160,500,80
"2025",7,170,68,68522,"01850000","083077154",68522001,18,41190300,1,300,100,30
"2026",7,170,68,68522,"01850000","083077154",68522001,28,41190600,1,300,1000,300
"2027",7,170,68,68522,"01990000","003073222",68522002,1,41190300,2,100,500,100
"2028",7,170,68,68522,"02050000","083073276",68522002,18,41190300,1,800,500,400
"2029",7,170,68,68522,"02090000","083073250",68522002,18,41190300,2,50,500,50
"2030",7,170,68,68522,"02150000","083073283",68522002,18,41190300,1,300,500,150
"2031",7,170,68,68522,"02150000","083073283",68522002,28,41190400,1,50,500,25
"2032",7,170,68,68524,"00010000","083071623",68755006,18,41189900,1,300,100,30
"2033",7,170,68,68524,"00030000","083009827",68524003,18,41190300,8,750,500,3000
"2034",7,170,68,68524,"00030000","083009827",68524003,28,41190400,1,750,500,375
"2035",7,170,68,68524,"00100000","083009719",68524002,18,41189900,1,200,500,100
"2036",7,170,68,68524,"00120000","083009837",68524003,18,41190300,2,800,500,800
"2037",7,170,68,68524,"00120000","083071728",68524001,18,41190400,1,200,300,60
"2038",7,170,68,68524,"00120000","083084681",68524004,18,41120199,0,0,0,0
"2039",7,170,68,68524,"00130000","083009743",68524002,18,41199900,1,300,500,150
"2040",7,170,68,68524,"00160000","083009892",68524003,18,41190300,0,0,0,0
"2041",7,170,68,68524,"00160000","083071723",68524005,18,41190300,1,100,600,60
"2042",7,170,68,68524,"00170000","083084680",68524004,18,41120199,0,0,0,0
"2043",7,170,68,68524,"00230000","083006812",68524005,18,41190300,1,300,700,210
"2044",7,170,68,68524,"00260000","083084799",68524004,18,41120199,0,0,0,0
"2045",7,170,68,68524,"00310000","083009885",68524003,18,41190300,1,500,500,250
"2046",7,170,68,68524,"00330000","083009888",68524003,18,41190300,1,120,500,60
"2047",7,170,68,68524,"00340000","083006877",68524005,18,41190300,1,200,500,100
"2048",7,170,68,68524,"00380000","083009700",68524001,18,41190300,1,300,34,10.2
"2049",7,170,68,68524,"00390000","083071632",68524005,18,41190300,1,300,500,150
"2050",7,170,68,68524,"00400000","083071635",68524005,18,41180201,1,200,1,0.2
"2051",7,170,68,68524,"00450000","083006869",68524005,18,41190300,1,200,500,100
"2052",7,170,68,68524,"00500000","083009800",68524002,18,41190400,3,100,500,150
"2053",7,170,68,68524,"00530000","083084763",68524004,18,41190300,1,500,1000,500
"2054",7,170,68,68524,"00550000","083071722",68524005,18,41190300,0,0,0,0
"2055",7,170,68,68524,"00560000","083006809",68524005,18,41180201,1,350,500,175
"2056",7,170,68,68524,"00560000","083006809",68524005,28,41190300,1,350,500,175
"2057",7,170,68,68524,"00610000","083009921",68524003,18,41190300,1,300,500,150
"2058",7,170,68,68524,"00610000","083071776",68524001,18,41190300,1,100,500,50
"2059",7,170,68,68524,"00610000","083071776",68524001,28,41190400,1,100,500,50
"2060",7,170,68,68524,"00820000","083084679",68524004,18,41190300,1,50,1000,50
"2061",7,170,68,68524,"00840000","083071769",68524001,18,41190400,1,500,250,125
"2062",7,170,68,68524,"00850000","083084686",68524004,18,41190300,1,100,500,50
"2063",7,170,68,68524,"00850000","083084686",68524004,28,41190400,0,0,0,0
"2064",7,170,68,68524,"00860000","083071737",68524001,18,41190300,1,50,500,25
"2065",7,170,68,68524,"00860000","083071737",68524001,28,41190600,1,50,500,25
"2066",7,170,68,68524,"00860000","083071787",68524001,18,41190300,1,200,500,100
"2067",7,170,68,68524,"00860000","083071787",68524001,28,41191000,1,200,500,100
"2068",7,170,68,68524,"00870000","083084687",68524004,18,41190300,0,0,0,0
"2069",7,170,68,68524,"00870000","083084687",68524004,28,41190400,0,0,0,0
"2070",7,170,68,68524,"00880000","083009692",68524001,18,41190400,1,200,500,100
"2071",7,170,68,68524,"00880000","083009874",68524004,18,41190300,0,0,0,0
"2072",7,170,68,68524,"00880000","083009874",68524004,28,41190400,0,0,0,0
"2073",7,170,68,68524,"00880000","083009920",68524002,18,41190300,11,300,3,9.9
"2074",7,170,68,68524,"00900000","083084789",68524004,18,41190300,0,0,0,0
"2075",7,170,68,68524,"00900000","083084789",68524004,28,41190400,0,0,0,0
"2076",7,170,68,68524,"00920000","083009964",68524004,18,41190300,0,0,0,0
"2077",7,170,68,68524,"00920000","083009964",68524004,28,41190400,2,600,500,600
"2078",7,170,68,68524,"00930000","083084672",68524004,18,41190400,1,1000,1,1
"2079",7,170,68,68524,"00970000","083009970",68524003,18,41190300,1,2000,500,1000
"2080",7,170,68,68524,"01000000","083071602",68524005,18,41190300,1,250,600,150
"2081",7,170,68,68524,"01000000","083071602",68524005,28,41190700,0,0,0,0
"2082",7,170,68,68524,"01000000","083071602",68524005,38,41199900,0,0,0,0
"2083",7,170,68,68524,"01000000","083084676",68524004,18,41180201,2,200,300,120
"2084",7,170,68,68524,"01000000","083084676",68524004,28,41190300,2,200,500,200
"2085",7,170,68,68524,"01000000","083084676",68524004,38,41190500,1,500,1000,500
"2086",7,170,68,68524,"01010000","083071617",68524005,18,41190300,1,100,500,50
"2087",7,170,68,68524,"01030000","083071611",68524005,18,41189900,1,500,600,300
"2088",7,170,68,68524,"01140000","083009710",68524002,18,41190300,1,100,1000,100
"2089",7,170,68,68524,"01150000","083071783",68524001,18,41190300,6,700,1,4.2
"2090",7,170,68,68524,"01160000","083009867",68524003,18,41190300,1,50,500,25
"2091",7,170,68,68524,"01170000","083009958",68524002,18,41180201,3,500,500,750
"2092",7,170,68,68524,"01170000","083009958",68524002,28,41190300,0,0,0,0
"2093",7,170,68,68524,"01170000","083071621",68524005,18,41180201,1,150,1,0.15
"2094",7,170,68,68524,"01440000","083009931",68524003,18,41190300,1,10000,500,5000
"2095",7,170,68,68524,"01440000","083009931",68524003,28,41190800,1,5000,500,2500
"2096",7,170,68,68524,"01450000","083006819",68524005,18,41190300,1,2000,750,1500
"2097",7,170,68,68524,"01460000","083006868",68524005,18,41190300,0,0,0,0
"2098",7,170,68,68524,"02030000","083071742",68524001,18,41180201,1,250,500,125
"2099",7,170,68,68524,"02030000","083071742",68524001,28,41190300,1,250,500,125
"2100",7,170,68,68524,"02110000","083071690",68524001,18,41190400,1,100,250,25
"2101",7,170,68,68524,"02130000","083009728",68524001,18,41120199,0,0,0,0
"2102",7,170,68,68524,"02130000","083009728",68524001,28,41190400,1,50,500,25
"2103",7,170,68,68524,"02320000","083071768",68524001,18,41180201,1,500,350,175
"2104",7,170,68,68524,"02320000","083071768",68524001,28,41190300,1,500,400,200
"2105",7,170,68,68524,"03410000","083071791",68524001,18,41180201,1,150,750,112.5
"2106",7,170,68,68533,"00080000","003084531",68533006,1,41180201,1,100,500,50
"2107",7,170,68,68533,"00080000","003084531",68533006,2,41190700,1,100,500,50
"2108",7,170,68,68533,"00080000","003084659",68533006,1,41199900,1,50,500,25
"2109",7,170,68,68533,"00080000","009994862",68533001,1,41190400,1,500,300,150
"2110",7,170,68,68533,"00110000","009994834",68533001,1,41190300,1,150,500,75
"2111",7,170,68,68533,"00110000","009994834",68533001,2,41190400,1,250,500,125
"2112",7,170,68,68533,"00120000","009994833",68533001,1,41190300,1,250,500,125
"2113",7,170,68,68533,"00120000","009994833",68533001,2,41190400,1,20,500,10
"2114",7,170,68,68533,"00220000","003069972",68533004,1,41180201,2,485,1250,1212.5
"2115",7,170,68,68533,"00220000","003069972",68533004,2,41190300,2,500,1250,1250
"2116",7,170,68,68533,"00220000","003069972",68533004,3,41190700,2,15,1250,37.5
"2117",7,170,68,68533,"00220001","060040004",68533008,2,41190300,1,1500,5,7.5
"2118",7,170,68,68533,"00270000","003084563",68533006,1,41191000,1,1000,500,500
"2119",7,170,68,68533,"00270000","003084576",68533006,1,41191000,1,100,500,50
"2120",7,170,68,68533,"00280000","009994844",68533001,1,41190400,2,650,1500,1950
"2121",7,170,68,68533,"00290000","001465830",68533002,1,41190300,1,250,750,187.5
"2122",7,170,68,68533,"00290000","001465830",68533002,2,41190700,1,100,750,75
"2123",7,170,68,68533,"00290000","001465830",68533002,3,41191000,1,150,750,112.5
"2124",7,170,68,68533,"00300000","003084723",68533001,1,41180201,0,0,0,0
"2125",7,170,68,68533,"00320000","003084549",68533006,1,41180201,1,100,500,50
"2126",7,170,68,68533,"00360000","003084736",68533001,1,41180201,0,0,0,0
"2127",7,170,68,68533,"00390000","003084514",68533009,1,41120199,0,0,0,0
"2128",7,170,68,68533,"00450000","001465746",68533003,1,41190300,1,50,1000,50
"2129",7,170,68,68533,"00480000","009994925",68533009,1,41190700,1,100,500,50
"2130",7,170,68,68533,"00480000","009994925",68533009,2,41191000,1,150,500,75
"2131",7,170,68,68533,"00520000","009994927",68533007,1,41191000,1,400,1,0.4
"2132",7,170,68,68533,"00540000","003069975",68533004,1,41120103,0,0,0,0
"2133",7,170,68,68533,"00540000","003069975",68533004,2,41120199,0,0,0,0
"2134",7,170,68,68533,"00600000","009994826",68533001,1,41190300,1,300,1000,300
"2135",7,170,68,68533,"00600000","009994826",68533001,2,41190400,1,300,500,150
"2136",7,170,68,68533,"00610000","001465676",68533003,1,41180201,1,100,2,0.2
"2137",7,170,68,68533,"00630000","003084621",68533004,1,41190300,2,800,1,1.6
"2138",7,170,68,68533,"00630000","003084621",68533004,2,41199900,2,200,1,0.4
"2139",7,170,68,68533,"00650000","007084550",68533001,1,41180201,1,300,750,225
"2140",7,170,68,68533,"00660001","060040032",68533008,1,41199900,1,50,7.5,0.375
"2141",7,170,68,68533,"00670000","003084547",68533006,1,41180201,0,0,0,0
"2142",7,170,68,68533,"00680000","003084731",68533001,1,41191000,1,100,1,0.1
"2143",7,170,68,68533,"00700000","003084548",68533001,1,41191000,1,1000,5,5
"2144",7,170,68,68533,"00710000","003084574",68533001,1,41191000,0,0,0,0
"2145",7,170,68,68533,"00730000","009994264",68533005,1,41180201,2,300,500,300
"2146",7,170,68,68533,"00730000","009994264",68533005,2,41190300,2,300,500,300
"2147",7,170,68,68533,"00730001","060543663",68533005,2,41190300,2,300,5,3
"2148",7,170,68,68533,"00740000","003069971",68533004,1,41199900,1,65,500,32.5
"2149",7,170,68,68533,"00760000","001465732",68533003,1,41180201,1,250,1000,250
"2150",7,170,68,68533,"00760000","001465732",68533003,2,41190300,1,250,1000,250
"2151",7,170,68,68533,"00790001","060040416",68533005,1,41180201,1,200,7.5,1.5
"2152",7,170,68,68533,"00810000","003084489",68533006,1,41191000,1,200,500,100
"2153",7,170,68,68533,"00830001","060545070",68533005,1,41190300,1,350,5,1.75
"2154",7,170,68,68533,"00870000","009994948",68533008,1,41190300,0,0,0,0
"2155",7,170,68,68533,"00900000","003084706",68533007,1,41191000,0,0,0,0
"2156",7,170,68,68533,"00910001","060038397",68533005,1,41190300,1,100,5,0.5
"2157",7,170,68,68533,"00940001","060038280",68533008,3,41190600,1,1000,5,5
"2158",7,170,68,68533,"00950000","003084601",68533006,1,41191000,1,150,1,0.15
"2159",7,170,68,68533,"00990000","003084524",68533006,1,41190400,1,100,1,0.1
"2160",7,170,68,68533,"01090000","002355171",68533003,1,41180201,1,500,750,375
"2161",7,170,68,68533,"01090000","003084727",68533006,1,41190400,1,150,1,0.15
"2162",7,170,68,68533,"01100000","001465629",68533003,1,41190300,1,500,1000,500
"2163",7,170,68,68533,"01100000","001465629",68533003,2,41190700,1,200,1000,200
"2164",7,170,68,68533,"01100000","001465629",68533003,3,41191000,1,100,1000,100
"2165",7,170,68,68533,"01100000","001465659",68533003,1,41180201,1,500,750,375
"2166",7,170,68,68533,"01100000","001465659",68533003,2,41190300,1,500,750,375
"2167",7,170,68,68533,"01100000","001465659",68533003,3,41191000,1,500,750,375
"2168",7,170,68,68533,"01100000","003084559",68533006,1,41199900,0,0,0,0
"2169",7,170,68,68533,"01920000","001465712",68533003,1,41199900,0,0,0,0
"2170",7,170,68,68547,"00030000","003025252",68547021,1,41180201,2,250,500,250
"2171",7,170,68,68547,"00030000","003025252",68547021,2,41190300,2,250,500,250
"2172",7,170,68,68547,"00030000","003073082",68547044,1,41180201,1,1000,500,500
"2173",7,170,68,68547,"00030000","003073082",68547044,2,41190300,1,1000,500,500
"2174",7,170,68,68547,"00030000","003073082",68547044,3,41190600,1,1000,500,500
"2175",7,170,68,68547,"00070000","083072707",68547011,18,41190300,2,300,1000,600
"2176",7,170,68,68547,"00070000","083072707",68547011,28,41199900,4,500,100,200
"2177",7,170,68,68547,"00140000","003025377",68547021,1,41180201,2,150,250,75
"2178",7,170,68,68547,"00140000","003025377",68547021,2,41190300,2,50,200,20
"2179",7,170,68,68547,"00150000","003025447",68547042,1,41180201,3,62,500,93
"2180",7,170,68,68547,"00160000","003073124",68547021,1,41180201,3,600,400,720
"2181",7,170,68,68547,"00160000","003073124",68547021,2,41190300,3,400,400,480
"2182",7,170,68,68547,"00190000","003072405",68547029,1,41190300,9,1000,500,4500
"2183",7,170,68,68547,"00190000","003072405",68547029,2,41190600,6,1000,500,3000
"2184",7,170,68,68547,"00190000","003079207",68547048,1,41180201,1,400,750,300
"2185",7,170,68,68547,"00200000","003025373",68547041,1,41190300,5,100,500,250
"2186",7,170,68,68547,"00200000","003025373",68547041,2,41190400,11,1000,500,5500
"2187",7,170,68,68547,"00230001","060043682",68547041,1,41190300,2,1200,5,12
"2188",7,170,68,68547,"00360001","060045301",68547042,1,41120199,0,0,0,0
"2189",7,170,68,68547,"00410000","001454707",68547042,1,41199900,0,0,0,0
"2190",7,170,68,68547,"00420000","003079236",68547018,1,41190400,0,0,0,0
"2191",7,170,68,68547,"00430000","003039299",68547028,1,41190400,1,1,1,0.001
"2192",7,170,68,68547,"00430000","003072694",68547035,1,41120199,0,0,0,0
"2193",7,170,68,68547,"00440001","060047175",68547021,2,41199900,11,150,10,16.5
"2194",7,170,68,68547,"00480001","060047968",68547018,1,41190300,2,150,5,1.5
"2195",7,170,68,68547,"00490000","003079542",68547028,1,41180201,0,0,0,0
"2196",7,170,68,68547,"00530000","003025378",68547021,1,41180201,2,100,5,1
"2197",7,170,68,68547,"00530000","003025378",68547021,2,41190300,2,100,7,1.4
"2198",7,170,68,68547,"00540000","003025231",68547042,1,41190600,0,0,0,0
"2199",7,170,68,68547,"00550001","060046133",68547042,1,41190300,6,1000,5,30
"2200",7,170,68,68547,"00560000","003025214",68547042,1,41190300,2,500,750,750
"2201",7,170,68,68547,"00563551","060044643",68547042,1,41190300,2,500,7.5,7.5
"2202",7,170,68,68547,"00608272","060045304",68547042,1,41190300,1,200,5,1
"2203",7,170,68,68547,"00620001","060047294",68547038,1,41180201,0,0,0,0
"2204",7,170,68,68547,"00650000","083025329",68547042,18,41190300,1,500,400,200
"2205",7,170,68,68547,"00650000","083025329",68547042,28,41190400,1,500,400,200
"2206",7,170,68,68547,"00650001","060044634",68547042,2,41199900,1,500,4,2
"2207",7,170,68,68547,"00660000","083025217",68547999,18,41190300,1,50,500,25
"2208",7,170,68,68547,"00660000","083025217",68547999,28,41199900,9,50,500,225
"2209",7,170,68,68547,"00660000","083025368",68547042,18,41180201,1,300,750,225
"2210",7,170,68,68547,"00660000","083025368",68547042,28,41190300,1,300,750,225
"2211",7,170,68,68547,"00680000","083025322",68547042,18,41190300,2,1200,1000,2400
"2212",7,170,68,68547,"00680000","083025322",68547042,28,41190400,2,1200,1000,2400
"2213",7,170,68,68547,"00690001","060046511",68547021,4,41190400,1,9000,5,45
"2214",7,170,68,68547,"00760000","003025212",68547042,1,41190300,1,300,1000,300
"2215",7,170,68,68547,"00760001","060044665",68547042,1,41190300,1,300,10,3
"2216",7,170,68,68547,"00780000","003073135",68547008,1,41190200,0,0,0,0
"2217",7,170,68,68547,"00780000","083025317",68547042,18,41190300,3,150,1000,450
"2218",7,170,68,68547,"00780000","083025317",68547042,28,41190400,8,150,1000,1200
"2219",7,170,68,68547,"00790000","007039534",68547029,1,41180500,0,0,0,0
"2220",7,170,68,68547,"00820001","060045394",68547012,NA,NA,0,0,0,0
"2221",7,170,68,68547,"00940001","060046901",68547021,2,41190400,1,100,5,0.5
"2222",7,170,68,68547,"00970001","060042735",68547038,1,41190300,1,20,10,0.2
"2223",7,170,68,68547,"01010000","003049090",68547049,1,41190200,6,3000,330,5940
"2224",7,170,68,68547,"01040000","003072411",68547041,1,41190300,1,2000,15,30
"2225",7,170,68,68547,"01110000","003072523",68547021,1,41190300,0,0,0,0
"2226",7,170,68,68547,"01110000","003072523",68547021,2,41190600,0,0,0,0
"2227",7,170,68,68547,"01110000","003072523",68547021,3,41191000,0,0,0,0
"2228",7,170,68,68547,"01260001","060043680",68547041,3,41191000,1,1000,7.5,7.5
"2229",7,170,68,68547,"01270001","060041019",68547041,3,41191000,2,100,10,2
"2230",7,170,68,68547,"01450000","003072941",68547049,1,41190200,10,180000,400,720000
"2231",7,170,68,68547,"01460001","060041824",68547038,3,41190300,3,400,5,6
"2232",7,170,68,68547,"01510000","003079352",68547040,1,41190400,2,12500,500,12500
"2233",7,170,68,68547,"01740000","083079211",68547018,18,41190400,1,200,4000,800
"2234",7,170,68,68547,"01940001","060042933",68547048,1,41120199,0,0,0,0
"2235",7,170,68,68547,"02170001","060043344",68547021,3,41190600,1,2000,5,10
"2236",7,170,68,68547,"02260000","003025246",68547002,1,41180201,1,200,500,100
"2237",7,170,68,68547,"02450001","060045157",68547016,1,41190400,1,200,0.02,0.004
"2238",7,170,68,68547,"02460000","003039509",68307012,1,41180201,0,0,0,0
"2239",7,170,68,68547,"02460000","003039509",68307012,2,41190300,0,0,0,0
"2240",7,170,68,68547,"02460000","003039509",68307012,3,41190600,0,0,0,0
"2241",7,170,68,68547,"03050001","060044061",68547012,1,41190600,1,100,2,0.2
"2242",7,170,68,68547,"03660001","060043607",68547021,3,41191000,1,1300,5,6.5
"2243",7,170,68,68547,"03890000","003073155",68547028,1,41190400,0,0,0,0
"2244",7,170,68,68547,"04990001","060047866",68547018,1,41190100,3,500,3.8,5.7
"2245",7,170,68,68547,"05310001","060047199",68547021,1,41190100,1,2600,10,26
"2246",7,170,68,68547,"05570001","060046768",68547021,1,41190300,1,200,5,1
"2247",7,170,68,68547,"05860001","060044749",68547021,3,41190600,0,0,0,0
"2248",7,170,68,68547,"10730000","003039290",68547033,1,41180201,1,1,500,0.5
"2249",7,170,68,68547,"10960000","003025287",68547021,1,41191000,1,300,2000,600
"2250",7,170,68,68547,"10960000","003025288",68547021,1,41180201,1,1600,500,800
"2251",7,170,68,68547,"10960000","003025288",68547021,2,41190300,1,400,500,200
"2252",7,170,68,68547,"10960000","003025288",68547021,3,41191000,1,200,1000,200
"2253",7,170,68,68547,"10960000","003025383",68547021,1,41190300,2,1100,700,1540
"2254",7,170,68,68547,"10960000","003025383",68547021,2,41190400,3,1400,500,2100
"2255",7,170,68,68549,"00050001","060044693",68549002,2,41190300,1,500,2.5,1.25
"2256",7,170,68,68549,"00090001","060043845",68549002,2,41199900,3,300,5,4.5
"2257",7,170,68,68549,"00410001","060043091",68549003,2,41180201,1,100,5,0.5
"2258",7,170,68,68549,"00420000","083067803",68549001,18,41189900,0,0,0,0
"2259",7,170,68,68549,"00470000","083067941",68549001,18,41190400,1,100,500,50
"2260",7,170,68,68549,"00610000","083067859",68549004,18,41190300,1,200,500,100
"2261",7,170,68,68549,"00610000","083067859",68549004,28,41190500,1,200,500,100
"2262",7,170,68,68549,"00790001","060042727",68549007,1,41190300,2,200,5,2
"2263",7,170,68,68549,"00830000","001741976",68549006,1,41190400,2,200,250,100
"2264",7,170,68,68549,"00980001","060043724",68549007,1,41190300,2,40000,3.5,280
"2265",7,170,68,68549,"02000001","060042726",68549007,2,41120199,0,0,0,0
"2266",7,170,68,68572,"00130001","060044721",68572010,1,41180201,1,1500,5,7.5
"2267",7,170,68,68572,"00200000","003030165",68572022,1,41190300,1,24,250,6
"2268",7,170,68,68572,"00200000","003030165",68572022,2,41190400,1,24,250,6
"2269",7,170,68,68572,"00200001","060042076",68572022,1,41190300,1,48,2.5,0.12
"2270",7,170,68,68572,"00220000","003030017",68572022,1,41180201,2,350,250,175
"2271",7,170,68,68572,"00220000","003030167",68572022,1,41190300,2,1,250,0.5
"2272",7,170,68,68572,"00220000","003030167",68572022,2,41190400,2,100,250,50
"2273",7,170,68,68572,"00220000","003030167",68572022,3,41190600,2,100,250,50
"2274",7,170,68,68572,"00220001","060044928",68572022,2,41190600,2,50,2.5,0.25
"2275",7,170,68,68572,"00250001","060048167",68572013,1,41180201,1,50,2.5,0.125
"2276",7,170,68,68572,"00270000","003030382",68572013,1,41190400,1,50,500,25
"2277",7,170,68,68572,"00350000","003022598",68572022,1,41190400,1,400,500,200
"2278",7,170,68,68572,"00350000","003025988",68572022,1,41190400,1,400,500,200
"2279",7,170,68,68572,"00370000","003030175",68572022,1,41199900,6,4,250,6
"2280",7,170,68,68572,"00380000","003030557",68572025,1,41180201,0,0,0,0
"2281",7,170,68,68572,"00380001","060044897",68572025,1,41190400,1,200,2.5,0.5
"2282",7,170,68,68572,"00460000","001547248",68572023,1,41180201,1,200,250,50
"2283",7,170,68,68572,"00460001","060044724",68572010,2,41190600,1,1000,5,5
"2284",7,170,68,68572,"00560001","060048877",68572022,1,41199900,1,100,5,0.5
"2285",7,170,68,68572,"00610001","060048026",68572006,1,41190300,1,80,20,1.6
"2286",7,170,68,68572,"00750000","003025960",68572022,1,41190400,1,80,250,20
"2287",7,170,68,68572,"00750001","060044929",68572022,1,41190100,1,80,2.5,0.2
"2288",7,170,68,68572,"00770000","003030007",68572022,1,41180201,1,300,250,75
"2289",7,170,68,68572,"00780000","003025959",68572025,1,41180201,1,70,500,35
"2290",7,170,68,68572,"00850001","060045791",68572010,1,41190300,0,0,0,0
"2291",7,170,68,68572,"00910000","003030074",68572013,1,41190300,1,100,375,37.5
"2292",7,170,68,68572,"01060000","082350290",68572022,18,41189900,10,50,250,125
"2293",7,170,68,68572,"01070000","003030174",68572013,1,41180201,1,100,250,25
"2294",7,170,68,68572,"01070001","060046992",68572024,1,41190300,1,100,2.5,0.25
"2295",7,170,68,68572,"01090000","003030016",68572024,1,41190400,1,400,300,120
"2296",7,170,68,68572,"01110000","003030060",68572005,1,41180201,0,0,0,0
"2297",7,170,68,68572,"01180001","060044719",68572019,2,41190200,1,250,5,1.25
"2298",7,170,68,68572,"01210001","060048436",68572014,1,41190300,1,1500,0.3,0.45
"2299",7,170,68,68572,"01220001","060042107",68572012,1,41190100,1,100,5,0.5
"2300",7,170,68,68572,"01230001","060046831",68572014,1,41180201,0,0,0,0
"2301",7,170,68,68572,"01310000","003030422",68572022,1,41180201,1,200,250,50
"2302",7,170,68,68572,"01312453","060042662",68572013,1,41180201,1,200,2.5,0.5
"2303",7,170,68,68572,"01320000","003030135",68572022,1,41180201,1,1,5,0.005
"2304",7,170,68,68572,"01370001","060048485",68572010,1,41180201,2,500,5,5
"2305",7,170,68,68572,"01380000","003030329",68572013,1,41180201,2,25,250,12.5
"2306",7,170,68,68572,"01380000","003030408",68572024,1,41190300,1,40,350,14
"2307",7,170,68,68572,"01410000","003030159",68572022,1,41120199,0,0,0,0
"2308",7,170,68,68572,"01410000","003030159",68572022,2,41190400,1,125,500,62.5
"2309",7,170,68,68572,"01410001","060044910",68572022,1,41190100,1,12,5,0.06
"2310",7,170,68,68572,"01640000","003025965",68572022,1,41199900,2,400,250,200
"2311",7,170,68,68572,"01760001","060043928",68572014,NA,NA,0,0,0,0
"2312",7,170,68,68572,"01920000","003030218",68572025,1,41199900,1,20,500,10
"2313",7,170,68,68572,"02120000","003030349",68572025,1,41190400,1,100,1000,100
"2314",7,170,68,68572,"02310000","003030081",68572025,1,41199900,9,30,500,135
"2315",7,170,68,68572,"02360001","060044977",68572025,1,42140100,1,80,5,0.4
"2316",7,170,68,68572,"02650001","060047463",68572009,1,41180201,1,300,8,2.4
"2317",7,170,68,68572,"02770001","060045370",68572009,2,41180201,1,1000,5,5
"2318",7,170,68,68572,"02780001","060045368",68572009,2,41199900,1,400,3,1.2
"2319",7,170,68,68572,"02940001","060048675",68572009,1,41190300,1,500,3.7,1.85
"2320",7,170,68,68572,"03680001","060048685",68572009,2,41190300,1,2000,5,10
"2321",7,170,68,68572,"03930000","003030062",68572025,1,41190400,12,50,1000,600
"2322",7,170,68,68572,"03930000","003030062",68572025,2,41190500,4,50,1000,200
"2323",7,170,68,68572,"04230001","060045379",68572009,1,41180201,1,300,5,1.5
"2324",7,170,68,68572,"04610001","060044460",68572009,1,41190200,0,0,0,0
"2325",7,170,68,68572,"05340000","003030322",68572009,1,41190400,0,0,0,0
"2326",7,170,68,68572,"05640001","060042429",68572009,2,41190500,1,1,1.6,0.0016
"2327",7,170,68,68573,"00020000","083032599",68573016,18,41190600,1,50,500,25
"2328",7,170,68,68573,"00030000","083032560",68573008,18,41190300,2,500,500,500
"2329",7,170,68,68573,"00030000","083032560",68573008,28,41190400,2,500,500,500
"2330",7,170,68,68573,"00070000","083032606",68573016,18,41190300,2,500,500,500
"2331",7,170,68,68573,"00070000","083032606",68573016,28,41190600,1,200,500,100
"2332",7,170,68,68573,"00070000","083032606",68573016,38,41191000,2,400,500,400
"2333",7,170,68,68573,"00100000","083032682",68573001,18,41190300,2,1500,500,1500
"2334",7,170,68,68573,"00130000","083083562",68573011,18,41190300,0,0,0,0
"2335",7,170,68,68573,"00140000","083032700",68573005,18,41180201,0,0,0,0
"2336",7,170,68,68573,"00140000","083032700",68573005,28,41190300,0,0,0,0
"2337",7,170,68,68573,"00140000","083032700",68573005,38,41190700,0,0,0,0
"2338",7,170,68,68573,"00140000","083032735",68573009,18,41190300,1,300,15,4.5
"2339",7,170,68,68573,"00170000","083032479",68573006,18,41190300,2,600,500,600
"2340",7,170,68,68573,"00170000","083032487",68573004,18,41190300,1,2000,1,2
"2341",7,170,68,68573,"00190000","083032670",68573002,18,41180201,1,2000,1,2
"2342",7,170,68,68573,"00200000","083032458",68573013,18,41190300,10,300,1,3
"2343",7,170,68,68573,"00200000","083032523",68573013,18,41190300,2,200,500,200
"2344",7,170,68,68573,"00320000","083032519",68573016,18,41190300,2,400,500,400
"2345",7,170,68,68573,"00360000","083032532",68573008,18,41190300,2,500,1,1
"2346",7,170,68,68573,"00480000","083083480",68573005,18,41190300,2,300,1,0.6
"2347",7,170,68,68573,"00520000","083032567",68573012,18,41190300,1,500,500,250
"2348",7,170,68,68573,"00570000","083032438",68573007,18,41190300,1,500,500,250
"2349",7,170,68,68573,"00610000","083032402",68573007,18,41190300,2,500,500,500
"2350",7,170,68,68573,"00610000","083032402",68573007,28,41191000,1,300,500,150
"2351",7,170,68,68573,"00620000","083032534",68573012,18,41190300,2,5000,1,10
"2352",7,170,68,68573,"00670000","083032651",68573009,18,41190400,10,1,100,1
"2353",7,170,68,68573,"00720000","083032420",68573007,18,41190300,1,1500,500,750
"2354",7,170,68,68573,"00750000","083032453",68573007,18,41190300,1,2000,1,2
"2355",7,170,68,68575,"00440000","083031689",68575014,18,41190300,2,2500,1200,6000
"2356",7,170,68,68575,"00500000","083008371",68575001,18,41120199,0,0,0,0
"2357",7,170,68,68575,"01010000","083008103",68575002,18,41190300,2,2000,350,1400
"2358",7,170,68,68575,"01010000","083008103",68575002,28,41199900,3,1500,400,1800
"2359",7,170,68,68575,"01010000","083008104",68575002,18,41190300,1,1000,350,350
"2360",7,170,68,68575,"01010000","083008104",68575002,28,41190600,2,3000,500,3000
"2361",7,170,68,68575,"01010000","083008104",68575002,38,41199900,3,2500,400,3000
"2362",7,170,68,68575,"01020000","083008394",68575014,18,41190300,12,1200,500,7200
"2363",7,170,68,68575,"01230000","083008345",68575001,18,41190300,1,1000,500,500
"2364",7,170,68,68575,"01230000","083008345",68575001,28,41190400,1,1000,500,500
"2365",7,170,68,68575,"01410000","083008392",68575001,18,41190300,1,400,50,20
"2366",7,170,68,68575,"01500000","083008329",68575001,18,41190300,2,1250,500,1250
"2367",7,170,68,68575,"01530000","083008325",68575001,18,41190300,2,850,250,425
"2368",7,170,68,68575,"02220000","083008041",68575002,18,41190300,1,500,500,250
"2369",7,170,68,68575,"03370000","083008128",68575002,18,41190300,2,1200,500,1200
"2370",7,170,68,68575,"04380000","083008274",68575002,18,41120199,0,0,0,0
"2371",7,170,68,68575,"04380000","083008274",68575002,28,41190600,1,500,2,1
"2372",7,170,68,68575,"04380000","083008274",68575002,38,41191000,1,500,1,0.5
"2373",7,170,68,68615,"00010000","003413464",68615041,1,41180201,6,7000,1000,42000
"2374",7,170,68,68615,"00030000","003413579",68615004,1,41180201,0,0,0,0
"2375",7,170,68,68615,"00050000","003087370",68615018,1,41190300,1,400,1500,600
"2376",7,170,68,68615,"00060000","003079981",68615032,1,41180201,0,0,0,0
"2377",7,170,68,68615,"00060000","003413448",68615098,1,41180201,0,0,0,0
"2378",7,170,68,68615,"00060000","003413448",68615098,2,41190300,0,0,0,0
"2379",7,170,68,68615,"00080000","003087369",68615018,1,41190300,1,400,1500,600
"2380",7,170,68,68615,"00090000","003079710",68615059,1,41180201,1,500,1000,500
"2381",7,170,68,68615,"00090000","003079832",68615061,1,41180201,0,0,0,0
"2382",7,170,68,68615,"00090000","003079832",68615061,2,41190300,0,0,0,0
"2383",7,170,68,68615,"00090000","003087435",68615050,1,41190300,1,300,250,75
"2384",7,170,68,68615,"00096251","060041590",68615050,1,41190300,1,300,5,1.5
"2385",7,170,68,68615,"00100001","060041591",68615006,1,42140100,11,10000,5,550
"2386",7,170,68,68615,"00103233","060041593",68615006,1,41190300,6,1400,5,42
"2387",7,170,68,68615,"00120000","003079673",68615059,1,41120199,0,0,0,0
"2388",7,170,68,68615,"00150000","003079731",68615008,1,41180201,1,50,250,12.5
"2389",7,170,68,68615,"00160000","003070337",68615061,1,41190300,1,80,2,0.16
"2390",7,170,68,68615,"00170000","003070324",68615088,1,41190400,1,100,500,50
"2391",7,170,68,68615,"00200000","003087434",68615050,1,41190300,3,70,500,105
"2392",7,170,68,68615,"00200000","003087434",68615050,2,41191000,1,70,500,35
"2393",7,170,68,68615,"00200001","060042452",68615050,1,41190300,6,70,5,2.1
"2394",7,170,68,68615,"00240000","083070278",68615091,18,41199900,1,800,500,400
"2395",7,170,68,68615,"00264106","060447172",68615023,2,41120199,0,0,0,0
"2396",7,170,68,68615,"00270000","003079833",68615053,1,41190300,2,100,1500,300
"2397",7,170,68,68615,"00270000","083070279",68615091,18,41180201,10,10,2,0.2
"2398",7,170,68,68615,"00280000","083070254",68615091,18,41180201,2,800,500,800
"2399",7,170,68,68615,"00280000","083070254",68615091,28,41190300,2,200,500,200
"2400",7,170,68,68615,"00300000","083070281",68615036,18,41180201,1,100,1000,100
"2401",7,170,68,68615,"00310000","003079837",68615061,1,41190300,2,3000,1000,6000
"2402",7,170,68,68615,"00323021","060041520",68615034,1,41180201,1,8,0.01,8e-05
"2403",7,170,68,68615,"00330000","003413461",68615041,1,41180201,1,500,1000,500
"2404",7,170,68,68615,"00340000","003079879",68615018,1,41180201,6,300,500,900
"2405",7,170,68,68615,"00340000","003079879",68615018,2,41190300,6,300,500,900
"2406",7,170,68,68615,"00393095","060045453",68615007,1,41190500,0,0,0,0
"2407",7,170,68,68615,"00400001","060045457",68615007,1,41120199,0,0,0,0
"2408",7,170,68,68615,"00430000","001400760",54128046,1,41189900,2,500,500,500
"2409",7,170,68,68615,"00440000","001400522",54128046,1,41190300,1,200,500,100
"2410",7,170,68,68615,"00490000","003079949",68615008,1,41190300,0,0,0,0
"2411",7,170,68,68615,"00490000","003079949",68615008,2,41191000,0,0,0,0
"2412",7,170,68,68615,"00490000","009992701",68615062,1,41190400,3,500,500,750
"2413",7,170,68,68615,"00520000","001050999",68615084,1,41190300,1,500,500,250
"2414",7,170,68,68615,"00550000","003087403",68615036,1,41180201,9,200,1,1.8
"2415",7,170,68,68615,"00560000","003408523",68615040,1,41190300,1,50,500,25
"2416",7,170,68,68615,"00570000","003408406",68615053,1,41190300,4,100,500,200
"2417",7,170,68,68615,"00590000","003077888",68615042,1,41180201,1,150,1000,150
"2418",7,170,68,68615,"00590000","003077888",68615042,2,41190300,1,150,1000,150
"2419",7,170,68,68615,"00590000","003087333",68615080,1,41180201,12,2,2,0.048
"2420",7,170,68,68615,"00590000","003087333",68615080,2,41190300,10,1,3,0.03
"2421",7,170,68,68615,"00610000","002228638",68615051,1,41190800,2,200,250,100
"2422",7,170,68,68615,"00610000","009992630",68615066,1,41190300,6,300,500,900
"2423",7,170,68,68615,"00610000","009992630",68615066,2,41199900,3,300,500,450
"2424",7,170,68,68615,"00630000","003079950",68615008,1,41190300,0,0,0,0
"2425",7,170,68,68615,"00630000","003079950",68615008,2,41191000,0,0,0,0
"2426",7,170,68,68615,"00650000","003087234",68615007,1,41190300,0,0,0,0
"2427",7,170,68,68615,"00660000","003408526",68615028,1,41190300,0,0,0,0
"2428",7,170,68,68615,"00660000","003408526",68615028,2,41190600,0,0,0,0
"2429",7,170,68,68615,"00700000","003413550",68615041,1,41199900,2,450,1,0.9
"2430",7,170,68,68615,"00720000","003077715",68615036,1,41190300,2,900,400,720
"2431",7,170,68,68615,"00720000","003077715",68615036,2,41190400,2,200,400,160
"2432",7,170,68,68615,"00750000","003408561",68615040,1,41190300,0,0,0,0
"2433",7,170,68,68615,"00780000","003087208",68615091,1,41190300,1,150,1000,150
"2434",7,170,68,68615,"00810001","060046362",68615042,1,41120199,0,0,0,0
"2435",7,170,68,68615,"00870000","003408555",68615099,1,41190300,2,500,500,500
"2436",7,170,68,68615,"00870000","003408555",68615099,2,41191000,12,500,500,3000
"2437",7,170,68,68615,"00890000","003070233",68615045,1,41190300,0,0,0,0
"2438",7,170,68,68615,"00920000","003079767",68615008,1,41191000,0,0,0,0
"2439",7,170,68,68615,"00980000","003087437",68615008,1,41190300,8,200,1,1.6
"2440",7,170,68,68615,"00980000","003087437",68615008,2,41191000,10,200,1,2
"2441",7,170,68,68615,"01010000","009992707",68615084,1,41190400,0,0,0,0
"2442",7,170,68,68615,"01010000","009992707",68615084,2,41190600,0,0,0,0
"2443",7,170,68,68615,"01020000","003070351",68615029,1,41190300,1,100,500,50
"2444",7,170,68,68615,"01020000","003079976",68615032,1,41180201,0,0,0,0
"2445",7,170,68,68615,"01020000","003079976",68615032,2,41190300,0,0,0,0
"2446",7,170,68,68615,"01020000","003079976",68615032,3,41191000,0,0,0,0
"2447",7,170,68,68615,"01030000","003087436",68615024,1,41190300,4,200,11,8.8
"2448",7,170,68,68615,"01030000","003087436",68615024,2,41191000,2,100,1,0.2
"2449",7,170,68,68615,"01090000","003070104",68615079,1,41180201,1,500,500,250
"2450",7,170,68,68615,"01090000","003070104",68615079,2,41190300,1,500,500,250
"2451",7,170,68,68615,"01100001","060043505",68615007,1,41190300,0,0,0,0
"2452",7,170,68,68615,"01150000","003079977",68615032,1,41180201,1,300,500,150
"2453",7,170,68,68615,"01150000","003079977",68615032,2,41190300,1,300,500,150
"2454",7,170,68,68615,"01150000","003079977",68615032,3,41191000,0,0,0,0
"2455",7,170,68,68615,"01230000","003070340",68615061,1,41190400,1,80,125,10
"2456",7,170,68,68615,"01240000","003077729",68615059,1,41180201,8,1,500,4
"2457",7,170,68,68615,"01240000","003077729",68615059,2,41190300,10,1,500,5
"2458",7,170,68,68615,"01280001","060042357",68615007,1,41199900,10,200,5,10
"2459",7,170,68,68615,"01310000","001400515",54128046,1,41190300,1,8000,500,4000
"2460",7,170,68,68615,"01310000","001400515",54128046,2,41190400,1,5000,370,1850
"2461",7,170,68,68615,"01310000","001400515",54128046,3,41191000,1,2000,500,1000
"2462",7,170,68,68615,"01310000","003079744",68615059,1,41180201,1,400,500,200
"2463",7,170,68,68615,"01340000","003413528",68615041,1,41190300,0,0,0,0
"2464",7,170,68,68615,"01340000","003413528",68615041,2,41191000,0,0,0,0
"2465",7,170,68,68615,"01370000","001325209",68255001,1,41190300,1,2500,500,1250
"2466",7,170,68,68615,"01370000","001325209",68255001,2,41191000,1,2500,500,1250
"2467",7,170,68,68615,"01390000","003070052",68615029,1,41180201,1,500,500,250
"2468",7,170,68,68615,"01390000","003070052",68615029,2,41190300,1,400,500,200
"2469",7,170,68,68615,"01390000","003087240",68615088,1,41190300,1,15,1000,15
"2470",7,170,68,68615,"01410000","003408412",68615059,1,41190300,1,100,500,50
"2471",7,170,68,68615,"01420000","003077703",68615005,1,41180201,1,150,500,75
"2472",7,170,68,68615,"01450000","003079876",68615036,1,41190400,7,750,500,2625
"2473",7,170,68,68615,"01500000","003077688",68615043,1,41180201,1,200,500,100
"2474",7,170,68,68615,"01500000","003408413",68615059,1,41180201,7,45,1000,315
"2475",7,170,68,68615,"01550000","003413560",68615049,1,41199900,0,0,0,0
"2476",7,170,68,68615,"01640000","003079877",68615036,1,41180201,12,625,500,3750
"2477",7,170,68,68615,"01660000","003079756",68615036,1,41180201,1,80,500,40
"2478",7,170,68,68615,"01670000","003079965",68615036,1,41180201,8,500,1000,4000
"2479",7,170,68,68615,"01670000","003079965",68615036,2,41190300,9,500,1000,4500
"2480",7,170,68,68615,"01690000","003408725",68615004,1,41190400,2,200,250,100
"2481",7,170,68,68615,"01750000","003079752",68615036,1,41180201,6,200,1,1.2
"2482",7,170,68,68615,"01810000","003079975",68615036,1,41180201,1,500,30,15
"2483",7,170,68,68615,"01890000","003087248",68615999,1,41190300,2,500,500,500
"2484",7,170,68,68615,"01890000","003087248",68615999,2,41190600,2,500,500,500
"2485",7,170,68,68615,"01890000","003408433",68615043,1,41180201,1,1000,500,500
"2486",7,170,68,68615,"01910000","003408431",68615043,1,41180201,2,1000,500,1000
"2487",7,170,68,68615,"01960000","003079873",68615059,1,41180201,7,300,1000,2100
"2488",7,170,68,68615,"01960000","003079873",68615059,2,41190300,3,300,1000,900
"2489",7,170,68,68615,"02040000","003408410",68615059,1,41199900,0,0,0,0
"2490",7,170,68,68615,"02050000","003408450",68615067,1,41190300,1,200,1000,200
"2491",7,170,68,68615,"02100000","003408726",68615004,1,41190400,1,600,250,150
"2492",7,170,68,68615,"02130000","003079829",68615061,1,41180201,1,600,500,300
"2493",7,170,68,68615,"02130000","003079829",68615061,2,41189900,9,800,500,3600
"2494",7,170,68,68615,"02130000","003079829",68615061,3,41190300,9,600,500,2700
"2495",7,170,68,68615,"02220000","003070243",68615045,1,41190300,0,0,0,0
"2496",7,170,68,68615,"02260000","003079883",68615059,1,41190300,1,90,1000,90
"2497",7,170,68,68615,"02260000","003079883",68615059,2,41191000,4,199,1500,1194
"2498",7,170,68,68615,"02440000","003087414",68615036,1,41180201,8,50,1,0.4
"2499",7,170,68,68615,"02550000","009992821",68615043,1,41190400,2,200,600,240
"2500",7,170,68,68615,"02820000","003079700",68615094,1,41180201,1,1000,500,500
"2501",7,170,68,68615,"03510001","060041665",68615024,1,41199900,1,100,5.09,0.509
"2502",7,170,68,68615,"03520000","003079924",68615079,1,41190300,1,100,750,75
"2503",7,170,68,68615,"03520000","003079924",68615079,2,41190400,1,100,450,45
"2504",7,170,68,68615,"03597129","060041739",68615023,1,41190300,1,80,5,0.4
"2505",7,170,68,68615,"03620000","003077678",68615024,1,41180201,1,50,3,0.15
"2506",7,170,68,68615,"03620000","003077678",68615024,2,41190500,1,30,2,0.06
"2507",7,170,68,68615,"03640001","060046307",68615024,1,41190600,9,300,15,40.5
"2508",7,170,68,68615,"05740000","003077833",68615023,1,41190300,1,50,500,25
"2509",7,170,68,68615,"05740000","003077833",68615023,2,41190400,1,50,500,25
"2510",7,170,68,68615,"05740001","060446610",68615023,2,41190300,1,50,5,0.25
"2511",7,170,68,68615,"05880001","060041695",68615064,1,41190100,1,100,5,0.5
"2512",7,170,68,68615,"05910001","060046310",68615024,2,41180201,1,150,10,1.5
"2513",7,170,68,68615,"99990000","003079716",68615017,1,41191000,1,1200,500,600
"2514",7,170,68,68615,"99990000","003408575",68615085,1,41190300,2,3000,500,3000
"2515",7,170,68,68655,"00020000","083075165",68655054,18,41190300,2,3000,500,3000
"2516",7,170,68,68655,"00020000","083075177",68655054,18,41190300,2,300,750,450
"2517",7,170,68,68655,"00020000","083075178",68655054,18,41190300,3,6000,1000,18000
"2518",7,170,68,68655,"00030000","083071530",68655053,18,41190300,0,0,0,0
"2519",7,170,68,68655,"00040000","083071230",68655001,18,41190300,2,1000,750,1500
"2520",7,170,68,68655,"00040000","083071230",68655001,28,41190600,1,300,500,150
"2521",7,170,68,68655,"00040000","083071230",68655001,38,41199900,1,1000,500,500
"2522",7,170,68,68655,"00090000","083071221",68655028,18,41199900,0,0,0,0
"2523",7,170,68,68655,"00090000","083071426",68655030,18,41190300,2,100,250,50
"2524",7,170,68,68655,"00090000","083071426",68655030,28,41191000,2,100,250,50
"2525",7,170,68,68655,"00110000","083074816",68655054,18,41190300,2,300,650,390
"2526",7,170,68,68655,"00112877","060041156",68655054,1,41190300,2,300,6.5,3.9
"2527",7,170,68,68655,"00150000","083071206",68655001,18,41190300,1,1000,500,500
"2528",7,170,68,68655,"00150000","083087479",68655010,18,41190300,0,0,0,0
"2529",7,170,68,68655,"00150000","083087479",68655010,28,41190800,0,0,0,0
"2530",7,170,68,68655,"00150000","083087479",68655010,38,41190900,0,0,0,0
"2531",7,170,68,68655,"00170000","083071227",68655001,18,41190300,0,0,0,0
"2532",7,170,68,68655,"00290000","083071560",68655016,18,41190300,2,200,1000,400
"2533",7,170,68,68655,"00330001","060541706",68655043,1,41190100,1,250,5,1.25
"2534",7,170,68,68655,"00340000","083071562",68655042,18,41190300,1,500,500,250
"2535",7,170,68,68655,"00430000","083075187",68655052,18,41180201,1,1,250,0.25
"2536",7,170,68,68655,"00430000","083075187",68655052,28,41190300,1,1,500,0.5
"2537",7,170,68,68655,"00430000","083075187",68655052,38,41190600,1,1,500,0.5
"2538",7,170,68,68655,"00490000","081893514",68655003,18,41190300,1,1000,500,500
"2539",7,170,68,68655,"00500000","083075059",68655009,18,41190300,2,1500,500,1500
"2540",7,170,68,68655,"00540000","083074924",68655033,18,41190300,2,1000,500,1000
"2541",7,170,68,68655,"00540000","083075040",68655034,18,41190300,1,1000,1000,1000
"2542",7,170,68,68655,"00580000","083075130",68655009,18,41180201,1,1800,500,900
"2543",7,170,68,68655,"00580000","083075130",68655009,28,41190300,1,3000,500,1500
"2544",7,170,68,68655,"00580000","083075130",68655009,38,41190600,1,200,500,100
"2545",7,170,68,68655,"00870000","083075111",68655015,18,41190300,4,8,1,0.032
"2546",7,170,68,68655,"00900000","083071283",68655001,18,41190300,1,1000,500,500
"2547",7,170,68,68655,"00940000","081893483",68655028,18,41190300,1,70,2,0.14
"2548",7,170,68,68655,"01090000","009893338",68655017,1,41190100,1,30,2,0.06
"2549",7,170,68,68655,"01090000","009893338",68655017,2,41190300,2,300,2,1.2
"2550",7,170,68,68655,"01090000","081793338",68655017,18,41190300,0,0,0,0
"2551",7,170,68,68655,"01090000","081793338",68655017,28,41190600,0,0,0,0
"2552",7,170,68,68655,"01110000","009893550",68655049,1,41190100,4,5000,1,20
"2553",7,170,68,68655,"01260000","083074811",68655054,18,41180201,2,170,1000,340
"2554",7,170,68,68655,"01260000","083074811",68655054,28,41190300,2,170,1000,340
"2555",7,170,68,68655,"01550000","083075195",68655028,18,41180201,3,300,500,450
"2556",7,170,68,68655,"01550000","083075195",68655028,28,41190300,3,380,500,570
"2557",7,170,68,68655,"01570000","083075149",68655022,18,41190300,0,0,0,0
"2558",7,170,68,68655,"01570000","083075149",68655022,28,41190600,0,0,0,0
"2559",7,170,68,68655,"01590000","083071495",68655022,18,41180201,1,300,250,75
"2560",7,170,68,68655,"01640000","083087517",68655022,18,41190300,1,2500,500,1250
"2561",7,170,68,68655,"01810000","083075133",68655054,18,41180201,2,1000,500,1000
"2562",7,170,68,68655,"01810000","083075133",68655054,28,41190300,2,3000,500,3000
"2563",7,170,68,68655,"01810000","083075133",68655054,38,41190600,1,1000,500,500
"2564",7,170,68,68655,"01830000","083071568",68655054,18,41180201,2,2000,300,1200
"2565",7,170,68,68655,"01830000","083071568",68655054,28,41190400,2,2000,300,1200
"2566",7,170,68,68655,"01840000","083071518",68655054,18,41190300,2,1000,400,800
"2567",7,170,68,68655,"01840000","083071518",68655054,28,41190600,1,500,350,175
"2568",7,170,68,68655,"01860000","083071469",68655028,18,41190300,3,3000,500,4500
"2569",7,170,68,68655,"01860000","083071469",68655028,28,41190400,3,3000,500,4500
"2570",7,170,68,68655,"01860000","083071469",68655028,38,41190600,3,3000,500,4500
"2571",7,170,68,68655,"01970000","083071217",68655028,18,41190300,0,0,0,0
"2572",7,170,68,68655,"02010000","083074883",68655053,18,41190300,0,0,0,0
"2573",7,170,68,68655,"02020000","083071439",68655036,18,41190300,2,1500,500,1500
"2574",7,170,68,68655,"02070000","083071559",68655033,18,41120199,0,0,0,0
"2575",7,170,68,68655,"02070000","083071559",68655033,28,41190300,1,100,300,30
"2576",7,170,68,68655,"02170000","083075066",68655046,18,41189900,1,200,500,100
"2577",7,170,68,68655,"02170000","083075066",68655046,28,41190300,1,200,500,100
"2578",7,170,68,68655,"02260000","081893498",68655004,18,41180201,2,10,250,5
"2579",7,170,68,68655,"02260000","081893498",68655004,28,41189900,2,10,250,5
"2580",7,170,68,68655,"02260000","081893498",68655004,38,41190600,2,10,250,5
"2581",7,170,68,68655,"02260000","083071325",68655001,18,41190600,1,100,500,50
"2582",7,170,68,68655,"02320000","081893552",68655004,18,41190300,0,0,0,0
"2583",7,170,68,68655,"02340001","060041238",68655018,1,41190100,0,0,0,0
"2584",7,170,68,68655,"02380000","083074931",68655019,18,41190300,4,50,500,100
"2585",7,170,68,68655,"02530000","083071321",68655054,18,41190300,0,0,0,0
"2586",7,170,68,68655,"02530000","083071321",68655054,28,41190600,0,0,0,0
"2587",7,170,68,68655,"02570813","060042932",68655028,1,41190300,7,400,5,14
"2588",7,170,68,68655,"02730000","087893533",68655002,18,41180201,2,10000,250,5000
"2589",7,170,68,68655,"02730000","087893533",68655002,28,41190300,2,10000,250,5000
"2590",7,170,68,68655,"02770000","081893482",68655020,18,41190300,2,200,750,300
"2591",7,170,68,68655,"02770000","081893482",68655020,28,41190600,1,100,500,50
"2592",7,170,68,68655,"02890000","083074819",68655054,18,41190300,0,0,0,0
"2593",7,170,68,68655,"02890000","083074819",68655054,28,41190500,0,0,0,0
"2594",7,170,68,68655,"02890001","060041203",68655054,2,41190300,1,3000,5,15
"2595",7,170,68,68655,"03150000","083071397",68655052,18,41190300,1,300,250,75
"2596",7,170,68,68655,"03250000","083071482",68655042,18,41180201,0,0,0,0
"2597",7,170,68,68655,"03500001","060042489",68655028,1,41180201,3,500,0.01,0.015
"2598",7,170,68,68655,"03520000","083075193",68655028,18,41190300,0,0,0,0
"2599",7,170,68,68655,"03520001","060041297",68655028,1,41190300,0,0,0,0
"2600",7,170,68,68655,"04410000","083074855",68655030,18,41180100,0,0,0,0
"2601",7,170,68,68655,"04410000","083074855",68655030,28,41190300,0,0,0,0
"2602",7,170,68,68655,"05660000","081893428",68655049,18,41190300,2,2000,500,2000
"2603",7,170,68,68655,"05870000","082105193",68575009,18,41190300,2,200,500,200
"2604",7,170,68,68655,"05870000","082105193",68575009,28,41190600,2,200,500,200
"2605",7,170,68,68673,"01890000","003086839",68673005,1,41120199,0,0,0,0
"2606",7,170,68,68679,"00050000","003076224",68679013,1,41190300,1,150,125,18.75
"2607",7,170,68,68679,"00050000","003076224",68679013,2,41190400,1,400,125,50
"2608",7,170,68,68679,"00080000","001135899",68679010,1,41190300,2,130,450,117
"2609",7,170,68,68679,"00080000","003076170",68679013,1,41190300,1,100,125,12.5
"2610",7,170,68,68679,"00080000","003076170",68679013,2,41191000,1,100,125,12.5
"2611",7,170,68,68679,"00100000","001135810",68679010,1,41180201,0,0,0,0
"2612",7,170,68,68679,"00100000","002194863",68679008,1,41180201,1,50,500,25
"2613",7,170,68,68679,"00100000","002194863",68679008,2,41190300,1,50,500,25
"2614",7,170,68,68679,"00120000","003076222",68679013,1,41180100,0,0,0,0
"2615",7,170,68,68679,"00140000","003076204",68679006,1,41180201,2,50,250,25
"2616",7,170,68,68679,"00140000","003076204",68679006,2,41190300,2,200,500,200
"2617",7,170,68,68679,"00140000","003076204",68679006,3,41190500,2,50,250,25
"2618",7,170,68,68679,"00180000","003082155",68679026,1,41180201,1,30,1000,30
"2619",7,170,68,68679,"00180000","003082155",68679026,2,41190300,1,50,1000,50
"2620",7,170,68,68679,"00200000","003082026",68679012,1,41199900,0,0,0,0
"2621",7,170,68,68679,"00210000","001862575",68679010,1,41180201,0,0,0,0
"2622",7,170,68,68679,"00210000","001862575",68679010,2,41190300,0,0,0,0
"2623",7,170,68,68679,"00210000","003076211",68679006,1,41180201,1,50,125,6.25
"2624",7,170,68,68679,"00230000","001135802",68679010,1,41180201,1,1000,750,750
"2625",7,170,68,68679,"00230000","001135802",68679010,2,41190300,1,1000,750,750
"2626",7,170,68,68679,"00240000","003076201",68679013,1,41190300,1,200,500,100
"2627",7,170,68,68679,"00260000","003076183",68679014,1,41190300,0,0,0,0
"2628",7,170,68,68679,"00290000","003076227",68679008,1,41190400,9,9,5,0.405
"2629",7,170,68,68679,"00290000","003082297",68679019,1,41199900,6,50,480,144
"2630",7,170,68,68679,"00300000","003076336",68872005,1,41190300,2,200,250,100
"2631",7,170,68,68679,"00330000","003076267",68679008,1,41190300,0,0,0,0
"2632",7,170,68,68679,"00340000","003076162",68679014,1,41180201,1,300,500,150
"2633",7,170,68,68679,"00340000","003076189",68679012,1,41180201,11,800,2000,17600
"2634",7,170,68,68679,"00340000","003076189",68679012,2,41190300,6,700,1500,6300
"2635",7,170,68,68679,"00340000","003076276",68679014,1,41180201,2,25,500,25
"2636",7,170,68,68679,"00350000","003082278",68679025,1,41190400,1,20,800,16
"2637",7,170,68,68679,"00370000","003076298",68872005,1,41180201,1,100,150,15
"2638",7,170,68,68679,"00370000","003076298",68872005,2,41190300,1,150,150,22.5
"2639",7,170,68,68679,"00370001","060052028",68679025,1,41190100,1,100,5,0.5
"2640",7,170,68,68679,"00440000","003076007",68679018,1,41180201,0,0,0,0
"2641",7,170,68,68679,"00440000","003076007",68679018,2,41190600,0,0,0,0
"2642",7,170,68,68679,"00480000","003082058",68679015,1,41190300,5,1,12,0.06
"2643",7,170,68,68679,"00530000","002195191",68679020,1,41120199,0,0,0,0
"2644",7,170,68,68679,"00570000","002194963",68679017,1,41190300,12,70,500,420
"2645",7,170,68,68679,"00580001","060052025",68679025,1,41190300,2,2000,5,20
"2646",7,170,68,68679,"00600000","003076187",68679013,1,41199900,1,100,500,50
"2647",7,170,68,68679,"00620000","003082008",68679018,1,41190300,0,0,0,0
"2648",7,170,68,68679,"00660000","003076286",68679013,1,41190400,2,49,25,2.45
"2649",7,170,68,68679,"00660000","003076286",68679013,2,41191000,1,30,2,0.06
"2650",7,170,68,68679,"00660000","003076286",68679013,3,41199900,1,25,2,0.05
"2651",7,170,68,68679,"00700000","003076133",68679013,1,41199900,0,0,0,0
"2652",7,170,68,68679,"00740000","003082259",68679017,1,41180201,1,300,1200,360
"2653",7,170,68,68679,"00760000","003082036",68679018,1,41180201,1,200,1,0.2
"2654",7,170,68,68679,"00770000","003076269",68679013,1,41190100,0,0,0,0
"2655",7,170,68,68679,"00820000","003082047",68679013,1,41190300,1,600,125,75
"2656",7,170,68,68679,"00850000","003082095",68679013,1,41191000,1,400,600,240
"2657",7,170,68,68679,"00870000","001698713",68679009,1,41180201,1,50,500,25
"2658",7,170,68,68679,"00870000","001698713",68679009,2,41190300,1,100,500,50
"2659",7,170,68,68679,"00890000","003082237",68679008,1,41191000,1,500,500,250
"2660",7,170,68,68679,"00910000","003082180",68679019,1,41180201,1,500,450,225
"2661",7,170,68,68679,"00910000","003082180",68679019,2,41190300,1,500,450,225
"2662",7,170,68,68679,"00910001","060052041",68679019,2,41190100,1,500,4.5,2.25
"2663",7,170,68,68679,"00930000","002195160",68679022,1,41191000,1,40,250,10
"2664",7,170,68,68679,"00940001","060051695",68679026,1,41190300,2,50,5,0.5
"2665",7,170,68,68679,"00960000","003082270",68679008,1,41190300,1,50,125,6.25
"2666",7,170,68,68679,"00960000","003082359",68679008,1,41190300,6,40,500,120
"2667",7,170,68,68679,"01010000","003082286",68679008,1,41190300,1,100,2000,200
"2668",7,170,68,68679,"01010000","003082286",68679008,2,41191000,1,100,2000,200
"2669",7,170,68,68679,"01030000","003076087",68679018,1,41190300,1,100,1,0.1
"2670",7,170,68,68679,"01030000","003076087",68679018,2,41191000,1,100,1,0.1
"2671",7,170,68,68679,"01080000","003067617",68679001,1,41190300,2,2500,400,2000
"2672",7,170,68,68679,"01080000","003067617",68679001,2,41190400,2,2500,400,2000
"2673",7,170,68,68679,"01180000","003082351",68679008,1,41190300,1,30,500,15
"2674",7,170,68,68679,"01210000","002350542",68679026,1,41180201,4,100,500,200
"2675",7,170,68,68679,"01210000","002350542",68679026,2,41190300,2,100,500,100
"2676",7,170,68,68679,"01280000","003067609",68679999,1,41180201,1,300,500,150
"2677",7,170,68,68679,"01280000","003067609",68679999,2,41190300,1,300,500,150
"2678",7,170,68,68679,"01280000","003067609",68679999,3,41191000,1,300,500,150
"2679",7,170,68,68679,"01310000","003076026",68679007,1,41190300,2,100,750,150
"2680",7,170,68,68679,"01410000","003076130",68679013,1,41190300,0,0,0,0
"2681",7,170,68,68679,"01410000","003076130",68679013,2,41191000,0,0,0,0
"2682",7,170,68,68679,"01450000","001294742",68679026,1,41190300,2,500,1500,1500
"2683",7,170,68,68679,"01450000","001294742",68679026,2,41199900,2,700,1500,2100
"2684",7,170,68,68679,"01520000","001135860",68679005,1,41180201,1,800,500,400
"2685",7,170,68,68679,"01590000","003076220",68679013,1,41190300,0,0,0,0
"2686",7,170,68,68679,"01660000","003082035",68679009,1,41180201,1,1000,1,1
"2687",7,170,68,68679,"01980000","002194864",68679003,1,41180201,0,0,0,0
"2688",7,170,68,68679,"02320000","001862695",68679003,1,41120199,0,0,0,0
"2689",7,170,68,68679,"02330000","003082252",68679003,1,41189900,5,120,500,300
"2690",7,170,68,68679,"02330000","003082252",68679003,2,41190300,10,15,500,75
"2691",7,170,68,68679,"02340000","001296035",68679002,1,41190300,1,100,28,2.8
"2692",7,170,68,68679,"02550000","001135861",68679999,1,41190300,1,50,500,25
"2693",7,170,68,68679,"04540000","001862555",68679021,1,41180201,1,20,250,5
"2694",7,170,68,68679,"06360000","003076165",68679013,1,41180201,2,100,500,100
"2695",7,170,68,68679,"06360000","003076165",68679013,2,41190300,2,100,500,100
"2696",7,170,68,68682,"00010000","083078427",68682011,18,41180201,4,75,333,99.9
"2697",7,170,68,68682,"00090000","083078429",68682011,18,41180201,0,0,0,0
"2698",7,170,68,68682,"00090000","083078429",68682011,28,41190500,0,0,0,0
"2699",7,170,68,68682,"00090000","083078429",68682011,38,41190700,0,0,0,0
"2700",7,170,68,68682,"00120000","083078616",68682003,18,41180201,10,20,250,50
"2701",7,170,68,68682,"00140000","003000974",68682005,1,41190200,1,1300,500,650
"2702",7,170,68,68682,"00210000","083078441",68682011,18,41180201,0,0,0,0
"2703",7,170,68,68682,"00270000","003001117",68682001,1,41190200,2,500,250,250
"2704",7,170,68,68682,"00470001","060447780",68682009,1,41190100,0,0,0,0
"2705",7,170,68,68682,"00560000","003001138",68682012,1,41190200,1,500,500,250
"2706",7,170,68,68682,"00980001","060051048",68682002,1,41199900,1,50,5,0.25
"2707",7,170,68,68684,"00050000","001119517",68684016,1,41180201,0,0,0,0
"2708",7,170,68,68684,"00050000","001119517",68684016,2,41190300,0,0,0,0
"2709",7,170,68,68684,"00050000","001119517",68684016,3,41191000,0,0,0,0
"2710",7,170,68,68684,"00110000","003089079",68684012,1,41180201,2,15,250,7.5
"2711",7,170,68,68684,"00110001","060051214",68684012,1,41180201,2,15,2.5,0.075
"2712",7,170,68,68684,"00450000","003088826",68684012,1,41180201,0,0,0,0
"2713",7,170,68,68684,"00680000","003088836",68684013,1,41180201,1,3000,500,1500
"2714",7,170,68,68684,"00880000","003040964",68684011,1,41190300,1,100,500,50
"2715",7,170,68,68684,"00980000","003089069",68684012,1,41180201,1,50,250,12.5
"2716",7,170,68,68684,"01640000","003089043",68684013,1,41180201,1,8,250,2
"2717",7,170,68,68686,"00720000","003028658",68686002,1,41180201,2,150,500,150
"2718",7,170,68,68686,"00720000","003028658",68686002,2,41190300,2,200,450,180
"2719",7,170,68,68689,"00010000","003069484",68689012,1,41190300,1,41,800,32.8
"2720",7,170,68,68689,"00010000","003069484",68689012,2,41190600,1,42,800,33.6
"2721",7,170,68,68689,"00040000","003402854",68689010,1,41190300,2,8000,1000,16000
"2722",7,170,68,68689,"00040000","003403107",68689013,1,41190300,0,0,0,0
"2723",7,170,68,68689,"00047987","060052484",68689030,2,41189900,1,200,7.5,1.5
"2724",7,170,68,68689,"00070000","003032029",68689017,1,41190300,1,150,500,75
"2725",7,170,68,68689,"00079815","060053263",68689030,1,42140100,1,400,5,2
"2726",7,170,68,68689,"00100000","003069407",68689018,1,41190300,0,0,0,0
"2727",7,170,68,68689,"00100000","003069407",68689018,2,41190500,0,0,0,0
"2728",7,170,68,68689,"00120000","003068998",68689022,1,41190300,1,250,750,187.5
"2729",7,170,68,68689,"00140000","001662949",68689018,1,41190300,1,10000,1000,10000
"2730",7,170,68,68689,"00170000","003065807",68689023,1,41190300,0,0,0,0
"2731",7,170,68,68689,"00190001","060053269",68689030,1,42140100,1,30,5,0.15
"2732",7,170,68,68689,"00230000","003032264",68689005,1,41190300,1,900,600,540
"2733",7,170,68,68689,"00230000","003403196",68689013,1,41190300,2,1000,500,1000
"2734",7,170,68,68689,"00250000","003068901",68689022,1,41180201,0,0,0,0
"2735",7,170,68,68689,"00310000","081871315",68689003,18,41180201,8,5000,1,40
"2736",7,170,68,68689,"00310000","081871315",68689003,28,41190300,9,2000,1,18
"2737",7,170,68,68689,"00310000","081871315",68689003,38,41191000,11,2000,4,88
"2738",7,170,68,68689,"00330000","003032115",68689025,1,41190300,1,200,750,150
"2739",7,170,68,68689,"00330000","003069345",68689012,1,41190400,0,0,0,0
"2740",7,170,68,68689,"00340000","003503982",68689003,1,41190300,4,50,500,100
"2741",7,170,68,68689,"00350000","002259029",68689008,1,41180201,0,0,0,0
"2742",7,170,68,68689,"00350000","002259029",68689008,2,41190300,1,300,500,150
"2743",7,170,68,68689,"00390000","003402884",68689007,1,41190300,8,20000,500,80000
"2744",7,170,68,68689,"00400000","003069042",68689016,1,41190300,5,50,500,125
"2745",7,170,68,68689,"00410000","003032376",68689026,1,41190300,2,400,500,400
"2746",7,170,68,68689,"00410000","003032376",68689026,2,41190600,2,50,500,50
"2747",7,170,68,68689,"00410000","003068867",68689025,1,41190300,2,300,500,300
"2748",7,170,68,68689,"00410000","003068867",68689025,2,41190400,2,300,500,300
"2749",7,170,68,68689,"00410000","003069489",68689022,1,41190300,1,300,500,150
"2750",7,170,68,68689,"00410001","060052230",68689030,1,42140100,3,400,5,6
"2751",7,170,68,68689,"00430000","002251251",68689008,1,41190300,1,50,500,25
"2752",7,170,68,68689,"00450000","003069510",68689017,1,41190300,2,1000,250,500
"2753",7,170,68,68689,"00460000","001882388",68689029,1,41190300,0,0,0,0
"2754",7,170,68,68689,"00460000","001882388",68689029,2,41190400,0,0,0,0
"2755",7,170,68,68689,"00460000","083065762",68689016,18,41190300,0,0,0,0
"2756",7,170,68,68689,"00470000","003069562",68689012,1,41190300,1,100,500,50
"2757",7,170,68,68689,"00470000","003069562",68689012,2,41190600,1,100,500,50
"2758",7,170,68,68689,"00480000","003069369",68689004,1,41190300,0,0,0,0
"2759",7,170,68,68689,"00480000","003069369",68689004,2,41190400,0,0,0,0
"2760",7,170,68,68689,"00480000","003503962",68689003,1,41180201,1,400,1000,400
"2761",7,170,68,68689,"00480000","003503962",68689003,2,41190300,1,400,1000,400
"2762",7,170,68,68689,"00480000","003503962",68689003,3,41191000,1,200,1000,200
"2763",7,170,68,68689,"00490000","003069356",68689012,1,41190400,0,0,0,0
"2764",7,170,68,68689,"00509636","060053267",68689030,3,41120199,0,0,0,0
"2765",7,170,68,68689,"00560000","003065703",68689016,1,41190300,2,500,500,500
"2766",7,170,68,68689,"00560000","003065942",68689025,1,41180201,2,300,1,0.6
"2767",7,170,68,68689,"00560000","003065942",68689025,2,41190300,3,600,1,1.8
"2768",7,170,68,68689,"00590000","002259133",68689037,1,41190300,0,0,0,0
"2769",7,170,68,68689,"00590000","002259133",68689037,2,41190600,0,0,0,0
"2770",7,170,68,68689,"00610000","009992335",68689004,1,41190300,1,5000,375,1875
"2771",7,170,68,68689,"00620000","003032268",68689005,1,41190300,5,100,1000,500
"2772",7,170,68,68689,"00650000","009992292",68689004,1,41190400,1,50,500,25
"2773",7,170,68,68689,"00670000","002258821",68689020,1,41190300,2,5000,400,4000
"2774",7,170,68,68689,"00690000","003032143",68689026,1,41190300,1,1000,500,500
"2775",7,170,68,68689,"00700000","001871307",68689014,1,41190300,1,400,500,200
"2776",7,170,68,68689,"00710000","003032221",68689023,1,41180201,0,0,0,0
"2777",7,170,68,68689,"00760000","003503949",68689003,1,41180201,1,500,500,250
"2778",7,170,68,68689,"00760000","003503949",68689003,2,41190300,1,500,500,250
"2779",7,170,68,68689,"00760000","081141231",68689008,18,41190300,1,7,500,3.5
"2780",7,170,68,68689,"00780000","003032251",68689023,1,41190300,6,9000,218,11772
"2781",7,170,68,68689,"00780000","003032251",68689023,2,41190500,0,0,0,0
"2782",7,170,68,68689,"00780000","003069497",68689022,1,41180201,2,600,500,600
"2783",7,170,68,68689,"00790000","003069343",68689012,1,41190300,0,0,0,0
"2784",7,170,68,68689,"00830000","002258939",68689001,1,41190300,2,1000,500,1000
"2785",7,170,68,68689,"00830000","002258939",68689001,2,41191000,2,1000,500,1000
"2786",7,170,68,68689,"00830000","009992129",68689003,1,41190300,4,20,500,40
"2787",7,170,68,68689,"00830000","009992129",68689003,2,41190600,3,35,250,26.25
"2788",7,170,68,68689,"00860000","003069372",68689012,1,41190400,0,0,0,0
"2789",7,170,68,68689,"00870000","002258929",68689008,1,41180201,0,0,0,0
"2790",7,170,68,68689,"00870000","002258929",68689008,2,41190300,1,250,500,125
"2791",7,170,68,68689,"00880000","003065810",68689023,1,41190300,0,0,0,0
"2792",7,170,68,68689,"00900000","003068895",68689017,1,41190300,1,200,500,100
"2793",7,170,68,68689,"00920000","002251534",68235036,1,41190300,0,0,0,0
"2794",7,170,68,68689,"00920000","002251534",68235036,2,41190400,0,0,0,0
"2795",7,170,68,68689,"00920000","003032116",68689025,1,41191000,0,0,0,0
"2796",7,170,68,68689,"00930000","001871320",68689029,1,41190300,1,250,1000,250
"2797",7,170,68,68689,"00930000","001871320",68689029,2,41190600,1,250,500,125
"2798",7,170,68,68689,"00930000","081871275",68689029,18,41190300,8,1500,1,12
"2799",7,170,68,68689,"00950000","081871328",68689029,18,41190300,1,200,1,0.2
"2800",7,170,68,68689,"00950000","081871328",68689029,28,41191000,1,200,1,0.2
"2801",7,170,68,68689,"01000000","003503922",68689004,1,41190300,0,0,0,0
"2802",7,170,68,68689,"01030000","007503883",68689004,1,41180201,1,50,250,12.5
"2803",7,170,68,68689,"01030000","007503883",68689004,2,41190300,1,50,250,12.5
"2804",7,170,68,68689,"01040000","003069021",68689016,1,41190300,0,0,0,0
"2805",7,170,68,68689,"01040000","003069021",68689016,2,41191000,1,300,500,150
"2806",7,170,68,68689,"01080000","003069448",68689012,1,41190400,1,50,500,25
"2807",7,170,68,68689,"01130000","003068930",68689016,1,41190300,1,500,500,250
"2808",7,170,68,68689,"01150000","003069222",68689016,1,41180201,1,50,500,25
"2809",7,170,68,68689,"01150000","003069222",68689016,2,41190300,1,50,500,25
"2810",7,170,68,68689,"01150000","003079942",68689036,1,41191000,0,0,0,0
"2811",7,170,68,68689,"01210000","002251574",68689031,1,41190300,0,0,0,0
"2812",7,170,68,68689,"01210000","002251581",68689031,1,41190300,1,300,500,150
"2813",7,170,68,68689,"01240000","002251573",68689031,1,41190300,0,0,0,0
"2814",7,170,68,68689,"01270000","003503948",68689004,1,41190300,1,10,1,0.01
"2815",7,170,68,68689,"01290000","002251590",68689001,1,41190300,2,2500,350,1750
"2816",7,170,68,68689,"01350000","003032243",68689023,1,41190300,1,150,1,0.15
"2817",7,170,68,68689,"01350000","003032243",68689023,2,41190600,1,150,4,0.6
"2818",7,170,68,68689,"01390000","003403032",68689002,1,41180201,1,666,1,0.666
"2819",7,170,68,68689,"01390000","003403032",68689002,2,41190300,1,666,1,0.666
"2820",7,170,68,68689,"01390000","003403032",68689002,3,41190600,1,666,1,0.666
"2821",7,170,68,68689,"01440000","003069059",68689016,1,41190300,0,0,0,0
"2822",7,170,68,68689,"01440000","003503715",68689021,1,41190300,2,300,500,300
"2823",7,170,68,68689,"01450000","003503944",68689004,1,41190300,3,350,500,525
"2824",7,170,68,68689,"01460000","001173114",68689004,1,41190300,0,0,0,0
"2825",7,170,68,68689,"01490000","003069314",68689999,1,41180201,0,0,0,0
"2826",7,170,68,68689,"01540000","003032112",68689017,1,41180201,1,2500,500,1250
"2827",7,170,68,68689,"01540000","003032112",68689017,2,41190300,1,3000,500,1500
"2828",7,170,68,68689,"01580000","002258859",68689006,1,41190300,1,3500,500,1750
"2829",7,170,68,68689,"01660000","002251232",68689001,1,41180201,4,40,500,80
"2830",7,170,68,68689,"01690000","003069518",68689018,1,41180201,1,3,500,1.5
"2831",7,170,68,68689,"01690000","003069518",68689018,2,41190300,1,3,500,1.5
"2832",7,170,68,68689,"01690000","003069518",68689018,3,41190600,1,3,500,1.5
"2833",7,170,68,68689,"01800000","002369535",68689001,1,41190300,2,300,1,0.6
"2834",7,170,68,68689,"01950000","003065834",68689023,1,41190300,0,0,0,0
"2835",7,170,68,68689,"01950000","083068939",68689016,18,41190300,7,1,2,0.014
"2836",7,170,68,68689,"01950000","083068939",68689016,28,41190600,1,1,3,0.003
"2837",7,170,68,68689,"02050000","003069408",68689018,1,41190300,1,2000,1000,2000
"2838",7,170,68,68689,"02050000","003069408",68689018,2,41190400,1,250,1000,250
"2839",7,170,68,68689,"02050000","003069408",68689018,3,41190600,1,200,500,100
"2840",7,170,68,68689,"02220000","001871298",68689021,1,41190300,2,1250,400,1000
"2841",7,170,68,68689,"02220000","001871298",68689021,2,41190400,2,1250,400,1000
"2842",7,170,68,68689,"02290000","003403057",68689004,1,41190300,0,0,0,0
"2843",7,170,68,68689,"02330000","009992324",68689016,1,41190300,1,230,115,26.45
"2844",7,170,68,68689,"02350000","001141406",68689004,1,41190300,0,0,0,0
"2845",7,170,68,68689,"02620000","003068991",68689016,1,41191000,1,50,500,25
"2846",7,170,68,68689,"02650000","003065989",68689016,1,41190300,0,0,0,0
"2847",7,170,68,68689,"03450000","001141392",68689004,1,41180201,1,20,250,5
"2848",7,170,68,68689,"03590000","003069034",68689016,1,41190300,0,0,0,0
"2849",7,170,68,68689,"03590000","003069034",68689016,2,41190600,0,0,0,0
"2850",7,170,68,68689,"03670000","009992296",68689016,1,41190300,0,0,0,0
"2851",7,170,68,68689,"03670000","009992296",68689016,2,41190600,0,0,0,0
"2852",7,170,68,68689,"03720000","003068900",68689022,1,41190300,2,600,500,600
"2853",7,170,68,68689,"03780000","001141405",68689004,1,41190300,0,0,0,0
"2854",7,170,68,68689,"03800000","001141430",68689004,1,41190300,1,250,1000,250
"2855",7,170,68,68689,"04240000","002228301",68689006,1,41190300,2,2000,350,1400
"2856",7,170,68,68689,"04700000","003068993",68689016,1,41180201,2,500,600,600
"2857",7,170,68,68689,"04700000","003068993",68689016,2,41190300,2,500,600,600
"2858",7,170,68,68689,"05390000","083069225",68689016,18,41190300,2,1200,500,1200
"2859",7,170,68,68689,"05410000","003068938",68689016,1,41190300,2,2000,500,2000
"2860",7,170,68,68689,"05420000","003068940",68689016,1,41190300,0,0,0,0
"2861",7,170,68,68689,"05570000","003069280",68689016,1,41190300,1,300,2000,600
"2862",7,170,68,68689,"05680000","003065983",68689012,1,41180201,1,700,300,210
"2863",7,170,68,68689,"05680000","003065983",68689012,2,41190300,1,300,300,90
"2864",7,170,68,68689,"05710000","003065990",68689016,1,41190300,1,150,2,0.3
"2865",7,170,68,68689,"06200000","003068976",68689016,1,41190300,0,0,0,0
"2866",7,170,68,68689,"06400000","083068924",68689012,18,41190300,0,0,0,0
"2867",7,170,68,68689,"06700000","003065877",68689016,1,41190300,0,0,0,0
"2868",7,170,68,68689,"06720000","003503828",68689016,1,41190300,0,0,0,0
"2869",7,170,68,68689,"07510000","003069224",68689016,1,41190600,0,0,0,0
"2870",7,170,68,68689,"07530000","003068927",68689016,1,41190300,2,300,500,300
"2871",7,170,68,68689,"92380000","083069238",68689023,18,41190600,1,13,500,6.5
"2872",7,170,68,68689,"99990000","003402968",68689029,1,41190300,0,0,0,0
"2873",7,170,68,68705,"00040000","003060421",68318023,1,41190200,1,250,500,125
"2874",7,170,68,68705,"00100000","003060406",68705007,1,41190200,3,3000,300,2700
"2875",7,170,68,68705,"00170000","003060441",68705007,1,41190200,9,1400,500,6300
"2876",7,170,68,68705,"00590000","003060445",68705006,1,41190200,1,600,500,300
"2877",7,170,68,68720,"00070000","083072179",68720007,18,41190300,1,50,500,25
"2878",7,170,68,68720,"00080000","083072062",68720020,18,41190300,1,250,500,125
"2879",7,170,68,68720,"00090000","083072156",68720023,18,41180201,1,100,500,50
"2880",7,170,68,68720,"00100000","083072390",68720024,18,41190300,1,500,500,250
"2881",7,170,68,68720,"00130000","083072101",68720007,18,41190300,2,500,500,500
"2882",7,170,68,68720,"00130000","083072134",68720008,18,41190300,1,200,750,150
"2883",7,170,68,68720,"00130000","083072341",68720028,18,41190300,1,300,500,150
"2884",7,170,68,68720,"00140000","083072085",68720007,18,41190300,0,0,0,0
"2885",7,170,68,68720,"00150000","083072133",68720008,18,41190300,2,150,500,150
"2886",7,170,68,68720,"00160000","083072398",68720028,18,41190300,3,1800,500,2700
"2887",7,170,68,68720,"00170000","083072072",68720020,18,41190300,1,200,500,100
"2888",7,170,68,68720,"00220000","083072078",68720025,18,41190300,1,200,500,100
"2889",7,170,68,68720,"00220000","083072222",68720018,18,41190300,1,500,1,0.5
"2890",7,170,68,68720,"00240000","083009530",68720026,18,41199900,2,200,500,200
"2891",7,170,68,68720,"00240000","083072241",68720018,18,41190300,1,200,500,100
"2892",7,170,68,68720,"00250000","083089736",68720001,18,41190300,2,800,500,800
"2893",7,170,68,68720,"00290000","083072199",68720018,18,41190300,1,300,500,150
"2894",7,170,68,68720,"00300000","083009296",68720014,18,41190300,1,250,500,125
"2895",7,170,68,68720,"00330000","083009340",68720015,18,41190300,1,500,250,125
"2896",7,170,68,68720,"00350000","083072329",68720029,18,41190300,1,400,500,200
"2897",7,170,68,68720,"00350000","083072373",68720013,18,41190300,0,0,0,0
"2898",7,170,68,68720,"00390000","083072232",68720018,18,41190300,1,250,500,125
"2899",7,170,68,68720,"00390000","083072233",68720018,18,41190300,6,1,500,3
"2900",7,170,68,68720,"00410000","083009263",68720021,18,41190300,1,100,500,50
"2901",7,170,68,68720,"00450000","083076494",68720010,18,41190300,1,200,500,100
"2902",7,170,68,68720,"00480000","083072333",68720029,18,41190300,1,220,500,110
"2903",7,170,68,68720,"00490000","083089756",68720029,18,41190300,1,300,500,150
"2904",7,170,68,68720,"00500000","083072335",68720029,18,41190300,0,0,0,0
"2905",7,170,68,68720,"00510000","083072041",68720021,18,41190300,0,0,0,0
"2906",7,170,68,68720,"00510000","083072340",68720029,18,41190300,0,0,0,0
"2907",7,170,68,68720,"00550000","083072043",68720021,18,41190300,0,0,0,0
"2908",7,170,68,68720,"00620000","081119311",68720009,18,41190300,0,0,0,0
"2909",7,170,68,68720,"00620000","081119499",68720009,18,41190300,0,0,0,0
"2910",7,170,68,68720,"00620000","083076502",68720009,18,41190300,1,400,500,200
"2911",7,170,68,68720,"00650000","083072152",68720008,18,41190300,1,1000,500,500
"2912",7,170,68,68720,"00650000","083072152",68720008,28,41199900,1,500,500,250
"2913",7,170,68,68720,"00660000","083072042",68720021,18,41190300,1,500,500,250
"2914",7,170,68,68720,"00730000","083072352",68720024,18,41190300,1,200,500,100
"2915",7,170,68,68720,"00770000","083072388",68720024,18,41190300,0,0,0,0
"2916",7,170,68,68720,"00780000","083072376",68720024,18,41190300,0,0,0,0
"2917",7,170,68,68720,"00780000","083072382",68720024,18,41190300,1,300,500,150
"2918",7,170,68,68720,"01470000","083076469",68720009,18,41190300,0,0,0,0
"2919",7,170,68,68720,"02340000","083076512",68720017,18,41190300,1,80,1,0.08
"2920",7,170,68,68745,"00010000","083077499",68745002,18,41180201,1,300,500,150
"2921",7,170,68,68745,"00020000","003025556",68745003,1,41190300,1,100,500,50
"2922",7,170,68,68745,"00030000","083040248",68745005,18,41180201,1,100,5,0.5
"2923",7,170,68,68745,"00050000","003075589",68745037,1,41190300,1,500,250,125
"2924",7,170,68,68745,"00080000","083077548",68745036,18,41190300,1,90,500,45
"2925",7,170,68,68745,"00080000","083077559",68745036,18,41190300,1,400,750,300
"2926",7,170,68,68745,"00130000","083496490",68745005,18,41180201,1,200,500,100
"2927",7,170,68,68745,"00140000","083040151",68745005,18,41180201,1,200,250,50
"2928",7,170,68,68745,"00150000","003077440",68745002,1,41180201,1,200,500,100
"2929",7,170,68,68745,"00150000","003077440",68745002,2,41190300,1,200,500,100
"2930",7,170,68,68745,"00150000","003077440",68745002,3,41190500,1,200,500,100
"2931",7,170,68,68745,"00150000","003496479",68745004,1,41190300,6,150,500,450
"2932",7,170,68,68745,"00160000","003075565",68745022,1,41190300,1,100,500,50
"2933",7,170,68,68745,"00160000","003075598",68745037,1,41190300,1,200,1000,200
"2934",7,170,68,68745,"00160000","003496519",68745001,1,41190400,0,0,0,0
"2935",7,170,68,68745,"00170000","083077543",68745036,18,41190300,1,200,250,50
"2936",7,170,68,68745,"00180000","003075517",68745023,1,41190300,1,150,500,75
"2937",7,170,68,68745,"00200000","003077201",68745023,1,41190300,1,750,750,562.5
"2938",7,170,68,68745,"00220000","083040243",68745004,18,41190700,1,100,750,75
"2939",7,170,68,68745,"00230000","003075224",68745004,1,41180201,0,0,0,0
"2940",7,170,68,68745,"00230000","003075224",68745004,2,41191000,0,0,0,0
"2941",7,170,68,68745,"00230000","003075295",68745004,1,41180201,1,400,500,200
"2942",7,170,68,68745,"00230000","003075295",68745004,2,41191000,1,200,500,100
"2943",7,170,68,68745,"00230000","083075397",68745038,18,41180201,2,150,500,150
"2944",7,170,68,68745,"00240000","083075257",68745003,18,41199900,0,0,0,0
"2945",7,170,68,68745,"00250000","003075264",68745004,1,41180201,2,20,500,20
"2946",7,170,68,68745,"00250000","003075264",68745004,2,41190300,2,20,500,20
"2947",7,170,68,68745,"00250000","003075264",68745004,3,41190700,2,20,100,4
"2948",7,170,68,68745,"00250000","003077321",68745023,1,41180201,1,1000,500,500
"2949",7,170,68,68745,"00250000","003077321",68745023,2,41190300,1,1000,500,500
"2950",7,170,68,68745,"00300001","060050215",68745023,1,41190300,1,300,10,3
"2951",7,170,68,68745,"00310000","003496512",68745004,1,41190300,1,200,1,0.2
"2952",7,170,68,68745,"00310000","083075237",68745003,18,41190300,1,400,250,100
"2953",7,170,68,68745,"00310000","083075237",68745003,28,41199900,1,400,250,100
"2954",7,170,68,68745,"00360000","083077481",68745034,18,41180201,1,250,500,125
"2955",7,170,68,68745,"00360000","083077481",68745034,28,41190300,1,250,500,125
"2956",7,170,68,68745,"00360000","083496483",68745001,18,41199900,1,150,1,0.15
"2957",7,170,68,68745,"00380000","003025571",68745023,1,41180201,0,0,0,0
"2958",7,170,68,68745,"00380000","003040375",68745017,1,41190300,1,300,500,150
"2959",7,170,68,68745,"00380000","083075430",68745003,18,41180201,1,200,750,150
"2960",7,170,68,68745,"00410000","003075255",68745004,1,41180201,1,200,250,50
"2961",7,170,68,68745,"00410000","003075255",68745004,2,41190700,1,200,250,50
"2962",7,170,68,68745,"00450000","083496516",68745001,18,41190300,1,200,1,0.2
"2963",7,170,68,68745,"00460000","002405951",68745031,1,41190300,0,0,0,0
"2964",7,170,68,68745,"00460000","003077460",68745036,1,41190300,1,100,400,40
"2965",7,170,68,68745,"00470000","003075304",68745004,1,41180201,2,150,1000,300
"2966",7,170,68,68745,"00470000","003075304",68745004,2,41190300,2,150,1000,300
"2967",7,170,68,68745,"00470000","003075304",68745004,3,41191000,2,150,1000,300
"2968",7,170,68,68745,"00480000","083496597",68745005,18,41180201,1,100,5,0.5
"2969",7,170,68,68745,"00500000","003075376",68745034,1,41190300,1,150,250,37.5
"2970",7,170,68,68745,"00510000","003075415",68745035,1,41180201,0,0,0,0
"2971",7,170,68,68745,"00510000","003075415",68745035,2,41190300,0,0,0,0
"2972",7,170,68,68745,"00520000","003077401",68745036,1,41180201,1,300,500,150
"2973",7,170,68,68745,"00520000","003077401",68745036,2,41190300,1,400,1200,480
"2974",7,170,68,68745,"00530000","083040256",68745005,18,41180201,1,150,500,75
"2975",7,170,68,68745,"00550000","003498454",68745012,1,41190300,2,8000,400,6400
"2976",7,170,68,68745,"00580000","082381501",68745030,18,41190300,2,400,500,400
"2977",7,170,68,68745,"00620000","083075222",68745002,18,41180201,2,50,375,37.5
"2978",7,170,68,68745,"00620000","083075222",68745002,28,41190300,2,50,375,37.5
"2979",7,170,68,68745,"00620000","083496579",68745036,18,41190300,1,50,500,25
"2980",7,170,68,68745,"00680000","003075596",68745037,1,41190300,1,500,500,250
"2981",7,170,68,68745,"00690000","003075437",68745035,1,41190300,1,300,500,150
"2982",7,170,68,68745,"00690000","083077400",68745002,18,41199900,1,100,500,50
"2983",7,170,68,68745,"00720000","003075554",68745023,1,41180201,0,0,0,0
"2984",7,170,68,68745,"00720000","007075310",68745004,1,41180201,1,800,500,400
"2985",7,170,68,68745,"00760000","003075254",68745004,1,41190700,1,200,1,0.2
"2986",7,170,68,68745,"00790000","003498485",68745015,1,41190600,2,3000,500,3000
"2987",7,170,68,68745,"00790000","003498648",68745018,1,41190300,6,1000,500,3000
"2988",7,170,68,68745,"00790000","003498648",68745018,2,41190600,9,1000,500,4500
"2989",7,170,68,68745,"00790000","083498757",68745012,18,41190300,2,48000,500,48000
"2990",7,170,68,68745,"00810000","003075253",68745003,1,41190300,1,500,500,250
"2991",7,170,68,68745,"00810000","003077582",68745006,1,41120199,0,0,0,0
"2992",7,170,68,68745,"00810000","003077582",68745006,2,41190300,4,1,750,3
"2993",7,170,68,68745,"00810000","083075413",68745035,18,41180201,1,250,500,125
"2994",7,170,68,68745,"00900000","001455358",68745035,1,41190300,1,30,1000,30
"2995",7,170,68,68745,"00910000","003075308",68745004,1,41180201,1,200,250,50
"2996",7,170,68,68745,"00910000","003496446",68745003,1,41190300,1,2000,500,1000
"2997",7,170,68,68745,"00910000","003496446",68745003,2,41190400,4,2000,500,4000
"2998",7,170,68,68745,"00910000","003496446",68745003,3,41190700,1,500,500,250
"2999",7,170,68,68745,"00910000","083075363",68745004,18,41180201,1,20,500,10
"3000",7,170,68,68745,"00910000","083075363",68745004,28,41190300,1,20,500,10
"3001",7,170,68,68745,"00930000","003075370",68745004,1,41190700,1,250,750,187.5
"3002",7,170,68,68745,"00930000","003498722",68745015,1,41190300,2,2000,500,2000
"3003",7,170,68,68745,"00990000","003075502",68745035,1,41180201,2,700,500,700
"3004",7,170,68,68745,"00990000","003075502",68745035,2,41190300,2,800,500,800
"3005",7,170,68,68745,"00990000","003498464",68745012,1,41190300,2,4000,500,4000
"3006",7,170,68,68745,"01020000","003075340",68745004,1,41180201,2,250,500,250
"3007",7,170,68,68745,"01020000","003075340",68745004,2,41190200,2,250,500,250
"3008",7,170,68,68745,"01070000","003498755",68745026,1,41190300,2,5500,500,5500
"3009",7,170,68,68745,"01070000","003498755",68745026,2,41190600,0,0,0,0
"3010",7,170,68,68745,"01140000","003067008",68745023,1,41180201,2,3000,500,3000
"3011",7,170,68,68745,"01140000","003067008",68745023,2,41190300,2,3000,500,3000
"3012",7,170,68,68745,"01190000","003075369",68745004,1,41180201,1,100,750,75
"3013",7,170,68,68745,"01190000","003075369",68745004,2,41190300,1,100,750,75
"3014",7,170,68,68745,"01600000","082381524",68745014,18,41190300,1,200,500,100
"3015",7,170,68,68745,"01710000","003498683",68745011,1,41190400,1,50,12,0.6
"3016",7,170,68,68745,"01900000","003077225",68745012,1,41190300,2,150,500,150
"3017",7,170,68,68745,"02060000","003058943",68745008,1,41190300,9,200,500,900
"3018",7,170,68,68745,"02100000","083498479",68745017,18,41190300,2,2500,500,2500
"3019",7,170,68,68745,"02140000","083498610",68745020,18,41180201,1,1000,500,500
"3020",7,170,68,68745,"02140000","083498610",68745020,28,41190300,1,1000,500,500
"3021",7,170,68,68745,"02290000","083498444",68745027,18,41190300,2,1500,114,342
"3022",7,170,68,68745,"02410000","083498599",68745013,18,41190300,1,200,2,0.4
"3023",7,170,68,68745,"02550000","083498595",68745013,18,41180201,2,50,1,0.1
"3024",7,170,68,68745,"02770000","003498402",68745014,1,41190300,1,300,3,0.9
"3025",7,170,68,68745,"02800000","083498703",68745020,18,41190300,1,500,500,250
"3026",7,170,68,68745,"02920000","082409291",68745028,18,41180201,9,150,500,675
"3027",7,170,68,68745,"02920000","082409291",68745028,28,41190300,1,150,500,75
"3028",7,170,68,68745,"02920000","082409291",68745028,38,41190600,8,75,500,300
"3029",7,170,68,68745,"02950000","002381486",68745030,1,41190300,1,300,200,60
"3030",7,170,68,68745,"03080000","002381497",68745030,1,41190300,2,1000,500,1000
"3031",7,170,68,68745,"03660000","003498598",68745016,1,41189900,1,2,70,0.14
"3032",7,170,68,68745,"03730000","002381499",68745032,1,41190300,1,200,500,100
"3033",7,170,68,68745,"03950000","002405977",68745030,1,41190300,1,100,500,50
"3034",7,170,68,68745,"03960000","002405976",68745030,1,41180201,1,100,500,50
"3035",7,170,68,68745,"04030000","082409595",68745030,18,41190300,2,100,250,50
"3036",7,170,68,68745,"04160000","083498614",68745027,18,41190300,1,200,500,100
"3037",7,170,68,68745,"04330000","003498559",68745012,1,41190300,0,0,0,0
"3038",7,170,68,68745,"04330000","003498559",68745012,2,41190400,0,0,0,0
"3039",7,170,68,68745,"04370000","082381396",68745030,18,41190300,2,50,250,25
"3040",7,170,68,68745,"04440000","003498629",68745007,1,41190300,2,2000,500,2000
"3041",7,170,68,68745,"05180000","083498730",68745020,18,41190300,1,200,2000,400
"3042",7,170,68,68745,"99990000","083059142",68745030,18,41120199,0,0,0,0
"3043",7,170,68,68745,"99990000","083496424",68745040,18,41190300,2,250,5,2.5
"3044",7,170,68,68755,"00030000","088000779",68755005,18,41180201,1,100,2,0.2
"3045",7,170,68,68755,"00030000","088000779",68755005,28,41190300,1,100,2,0.2
"3046",7,170,68,68755,"00080000","083088507",68755002,18,41190300,1,1000,1000,1000
"3047",7,170,68,68755,"00080000","083088507",68755002,28,41191000,1,500,1000,500
"3048",7,170,68,68755,"00110000","088057270",68755012,18,41190300,1,200,43,8.6
"3049",7,170,68,68755,"00170000","083081176",68755016,18,41190300,10,400,1,4
"3050",7,170,68,68755,"00170000","083081176",68755016,28,41190400,12,800,1,9.6
"3051",7,170,68,68755,"00210000","083088547",68755019,18,41180201,1,1000,500,500
"3052",7,170,68,68755,"00210000","083088547",68755019,28,41190300,1,1000,500,500
"3053",7,170,68,68755,"00240000","083088691",68755011,18,41180201,1,300,500,150
"3054",7,170,68,68755,"00330000","083088601",68755019,18,41190300,1,400,500,200
"3055",7,170,68,68755,"00350000","083088522",68755017,18,41190400,1,200,1000,200
"3056",7,170,68,68755,"00360000","083507839",68755009,18,41190300,2,100,1000,200
"3057",7,170,68,68755,"00380000","083507131",68755022,18,41120108,0,0,0,0
"3058",7,170,68,68755,"00380000","083507131",68755022,28,41180201,1,100,200,20
"3059",7,170,68,68755,"00380000","083507131",68755022,38,41190600,1,70,200,14
"3060",7,170,68,68755,"00490000","083043887",68755008,18,41190300,1,40,1,0.04
"3061",7,170,68,68755,"00490000","083507729",68755009,18,41180201,0,0,0,0
"3062",7,170,68,68755,"00490000","083507729",68755009,28,41190300,0,0,0,0
"3063",7,170,68,68755,"00490000","083507729",68755009,38,41190700,0,0,0,0
"3064",7,170,68,68755,"00490000","083507949",68755014,18,41190300,2,150,500,150
"3065",7,170,68,68755,"00610000","083025463",68755001,18,41190300,1,400,290,116
"3066",7,170,68,68755,"00680000","083507871",68755009,18,41190300,0,0,0,0
"3067",7,170,68,68755,"00760000","083507916",68755009,18,41190300,1,50,2,0.1
"3068",7,170,68,68755,"00760000","083507916",68755009,28,41199900,1,500,2,1
"3069",7,170,68,68755,"00820000","083081108",68755017,18,41190300,1,300,500,150
"3070",7,170,68,68755,"00820000","083081108",68755017,28,41190400,1,300,500,150
"3071",7,170,68,68755,"00860000","083507771",68755009,18,41180201,1,18500,200,3700
"3072",7,170,68,68755,"00880000","083507080",68755004,18,41190300,2,600,1000,1200
"3073",7,170,68,68755,"00880000","083507080",68755004,28,41190400,2,600,100,120
"3074",7,170,68,68755,"00980000","083506718",68755015,18,41190300,4,250,500,500
"3075",7,170,68,68755,"01120000","083506438",68755018,18,41180201,0,0,0,0
"3076",7,170,68,68755,"01120000","083506438",68755018,28,41190300,0,0,0,0
"3077",7,170,68,68755,"01670000","083086562",68755018,18,41180201,2,400,500,400
"3078",7,170,68,68755,"02760000","083057439",68755006,18,41190400,0,0,0,0
"3079",7,170,68,68770,"00010001","060050758",68770014,1,41190300,2,10000,7,140
"3080",7,170,68,68770,"00080000","001388308",68770002,1,41190300,1,200,500,100
"3081",7,170,68,68770,"00080000","082103359",68770016,18,41199900,1,150,350,52.5
"3082",7,170,68,68770,"00080000","083029297",68770013,18,41199900,2,300,500,300
"3083",7,170,68,68770,"00130000","003086491",68770001,1,41199900,2,100,250,50
"3084",7,170,68,68770,"00150001","060052974",68770019,1,41190300,2,1000,3.5,7
"3085",7,170,68,68770,"00170000","083029366",68770013,18,41180201,1,2000,450,900
"3086",7,170,68,68770,"00170000","083029366",68770013,28,41190300,1,1000,600,600
"3087",7,170,68,68770,"00170000","083029366",68770013,38,41191000,1,200,600,120
"3088",7,170,68,68770,"00190000","081409455",68770016,18,41120199,0,0,0,0
"3089",7,170,68,68770,"00190000","081409455",68770016,28,41190300,1,250,500,125
"3090",7,170,68,68770,"00210000","082094827",68770018,18,41120199,0,0,0,0
"3091",7,170,68,68770,"00220001","060050144",68770019,1,41190300,6,1000,4.5,27
"3092",7,170,68,68770,"00240001","060053699",68770003,2,41190300,2,3400,7.5,51
"3093",7,170,68,68770,"00310000","001388245",68770001,1,41190300,1,1000,1000,1000
"3094",7,170,68,68770,"00310000","001388245",68770001,2,41199900,1,1000,1000,1000
"3095",7,170,68,68770,"00320001","060051487",68770018,1,41190300,0,0,0,0
"3096",7,170,68,68770,"00350001","060049986",68770019,1,41190300,1,1500,5,7.5
"3097",7,170,68,68770,"00430000","001388264",68770001,1,41190300,3,100,500,150
"3098",7,170,68,68770,"00440000","083029356",68770013,18,41120199,0,0,0,0
"3099",7,170,68,68770,"00470000","002073134",68770015,1,41190300,1,200,500,100
"3100",7,170,68,68770,"00480001","060050757",68770014,1,41190300,2,3500,7.5,52.5
"3101",7,170,68,68770,"00520000","082095105",68770016,18,41180201,0,0,0,0
"3102",7,170,68,68770,"00520000","082095105",68770016,28,41190400,1,400,100,40
"3103",7,170,68,68770,"00520000","082095105",68770016,38,41199900,1,40,100,4
"3104",7,170,68,68770,"00550000","083029382",68770013,18,41180201,1,200,500,100
"3105",7,170,68,68770,"00550000","083029382",68770013,28,41190300,1,50,500,25
"3106",7,170,68,68770,"00560000","001409340",68770016,1,41180201,1,300,250,75
"3107",7,170,68,68770,"00560000","001409340",68770016,2,41190300,1,300,250,75
"3108",7,170,68,68770,"00560000","001409468",68770016,1,41180201,1,200,500,100
"3109",7,170,68,68770,"00560000","001409468",68770016,2,41190300,1,200,500,100
"3110",7,170,68,68770,"00590000","001409339",68770016,1,41180201,1,300,400,120
"3111",7,170,68,68770,"00590000","001409339",68770016,2,41190300,1,300,400,120
"3112",7,170,68,68770,"00640000","003029277",68770007,1,41190300,1,50,500,25
"3113",7,170,68,68770,"00640001","060049977",68770008,1,41190300,2,1000,0.04,0.08
"3114",7,170,68,68770,"00650000","082103507",68770010,18,41120199,0,0,0,0
"3115",7,170,68,68770,"00650001","060051460",68770014,1,41190300,2,1e+05,5,1000
"3116",7,170,68,68770,"00670000","083029335",68770006,18,41120199,0,0,0,0
"3117",7,170,68,68770,"00670000","083029335",68770006,28,41190300,2,250,500,250
"3118",7,170,68,68770,"00680000","003086470",68770018,1,41180201,3,400,500,600
"3119",7,170,68,68770,"00680000","003086470",68770018,2,41190300,11,400,500,2200
"3120",7,170,68,68770,"00760000","003412164",68770002,1,41190300,1,300,500,150
"3121",7,170,68,68770,"00770000","001388359",68770015,1,41180201,1,250,400,100
"3122",7,170,68,68770,"00770000","001388359",68770015,2,41190300,1,250,400,100
"3123",7,170,68,68770,"00790000","003026087",68770010,1,41180201,1,80,500,40
"3124",7,170,68,68770,"00790000","003026087",68770010,2,41190300,1,70,500,35
"3125",7,170,68,68770,"00790001","060051422",68770003,1,41190300,2,250,0.01,0.005
"3126",7,170,68,68770,"00810000","002103515",68770016,1,41199900,1,500,500,250
"3127",7,170,68,68770,"00830000","002103516",68770016,1,41190300,1,15,500,7.5
"3128",7,170,68,68770,"00830000","002103516",68770016,2,41190700,1,15,500,7.5
"3129",7,170,68,68770,"00830000","002103516",68770016,3,41199900,1,15,500,7.5
"3130",7,170,68,68770,"00850000","083037535",68770001,18,41199900,1,400,500,200
"3131",7,170,68,68770,"00890000","003026236",68770015,1,41190300,1,800,500,400
"3132",7,170,68,68770,"00920001","060051502",68770019,1,41190300,1,4000,5,20
"3133",7,170,68,68770,"00950000","003029212",68770006,1,41120199,0,0,0,0
"3134",7,170,68,68770,"00980000","081827597",68770016,18,41120199,0,0,0,0
"3135",7,170,68,68770,"00980001","060053984",68770014,1,41190100,2,400,5,4
"3136",7,170,68,68770,"00990000","003029205",68770006,1,41190300,2,400,2000,1600
"3137",7,170,68,68770,"01000000","083086502",68770018,18,41120199,0,0,0,0
"3138",7,170,68,68770,"01020000","003037524",68770015,1,41190300,1,200,750,150
"3139",7,170,68,68770,"01030000","083029332",68770013,18,41120199,0,0,0,0
"3140",7,170,68,68770,"01030000","083029332",68770013,28,41190300,1,75,450,33.75
"3141",7,170,68,68770,"01070001","060049961",68770004,1,41180201,4,200,1,0.8
"3142",7,170,68,68770,"01180001","060051505",68770012,1,41190300,1,300,4.5,1.35
"3143",7,170,68,68770,"01210000","003029342",68770006,1,41190300,1,200,2,0.4
"3144",7,170,68,68770,"01220000","002073119",68770002,1,41190300,1,100,400,40
"3145",7,170,68,68770,"01280000","083029419",68770016,18,41120199,0,0,0,0
"3146",7,170,68,68770,"01280000","083029419",68770016,28,41190300,1,500,500,250
"3147",7,170,68,68770,"01310000","081827428",68770016,18,41120199,0,0,0,0
"3148",7,170,68,68770,"01310000","081827428",68770016,28,41190300,1,2500,500,1250
"3149",7,170,68,68770,"01360000","001827467",68770010,1,41190300,1,5000,250,1250
"3150",7,170,68,68770,"01360000","001827467",68770010,2,41199900,1,5000,250,1250
"3151",7,170,68,68770,"01370000","083068425",68770011,18,41190300,2,1,1500,3
"3152",7,170,68,68770,"01370001","060053606",68770011,1,41190300,4,1,15,0.06
"3153",7,170,68,68770,"01530000","083026260",68770016,18,41180300,1,800,750,600
"3154",7,170,68,68770,"01570000","003081197",68770011,1,41199900,1,200,750,150
"3155",7,170,68,68770,"01590000","001827477",68770010,1,41199900,1,200,500,100
"3156",7,170,68,68770,"01650000","003077182",68770009,1,41180201,1,100,500,50
"3157",7,170,68,68770,"01650000","003077182",68770009,2,41190300,1,200,500,100
"3158",7,170,68,68770,"01740000","003037588",68770002,1,41190300,1,2000,500,1000
"3159",7,170,68,68770,"01740000","003037588",68770002,2,41191000,0,0,0,0
"3160",7,170,68,68770,"01760000","003412187",68770002,1,41190300,1,450,500,225
"3161",7,170,68,68770,"01790000","003412201",68770002,1,41190300,2,200,500,200
"3162",7,170,68,68770,"01800000","002072822",68770002,1,41190300,1,500,500,250
"3163",7,170,68,68770,"01870000","003029562",68770011,1,41180201,1,200,200,40
"3164",7,170,68,68770,"01960000","003029265",68770007,1,41180201,1,100,250,25
"3165",7,170,68,68770,"01980000","001690353",68770010,1,41190400,1,180,125,22.5
"3166",7,170,68,68770,"01980000","003029316",68770007,1,41180201,1,40,453,18.12
"3167",7,170,68,68770,"01980000","003029316",68770007,2,41190300,1,70,453,31.71
"3168",7,170,68,68770,"02080001","060053608",68770004,1,41190100,5,20,10,1
"3169",7,170,68,68770,"02130000","082094868",68770018,18,41120199,0,0,0,0
"3170",7,170,68,68770,"02130000","082094868",68770018,28,41190300,1,250,450,112.5
"3171",7,170,68,68770,"02160000","001827494",68770018,1,41190300,2,500,750,750
"3172",7,170,68,68770,"02160000","001827494",68770018,2,41190400,2,1500,500,1500
"3173",7,170,68,68770,"02160000","003029240",68770007,1,41190300,1,50,500,25
"3174",7,170,68,68770,"02210001","060053695",68770004,1,41190300,1,200,5,1
"3175",7,170,68,68770,"02230000","003412114",68770002,1,41180201,1,30,50,1.5
"3176",7,170,68,68770,"02270000","003029571",68770011,1,41180201,1,200,1000,200
"3177",7,170,68,68770,"02270000","003029571",68770011,2,41190300,1,200,1000,200
"3178",7,170,68,68770,"02350000","003029296",68770016,1,41190300,1,500,500,250
"3179",7,170,68,68770,"02390001","060053702",68770004,1,41190300,2,500,3,3
"3180",7,170,68,68770,"02450000","003029500",68770011,1,41180201,1,500,350,175
"3181",7,170,68,68770,"02450000","003029500",68770011,2,41190300,2,500,350,350
"3182",7,170,68,68770,"02470000","083029516",68770011,18,41120199,0,0,0,0
"3183",7,170,68,68770,"02480000","003029472",68770011,1,41190300,1,1,100,0.1
"3184",7,170,68,68770,"02540000","003412091",68770002,1,41190300,1,500,500,250
"3185",7,170,68,68770,"02550000","003037599",68770002,1,41190300,1,400,500,200
"3186",7,170,68,68770,"02630000","083029439",68770011,18,41120199,0,0,0,0
"3187",7,170,68,68770,"02630000","083029439",68770011,28,41190300,1,100,500,50
"3188",7,170,68,68770,"02720000","083029577",68770011,18,41190300,1,250,250,62.5
"3189",7,170,68,68770,"03100000","003029425",68770016,1,41120199,0,0,0,0
"3190",7,170,68,68770,"03180000","001409325",68770010,1,41180201,1,5000,750,3750
"3191",7,170,68,68770,"03180000","001409325",68770010,2,41190300,1,5000,750,3750
"3192",7,170,68,68770,"03290000","001388309",68770015,1,41190300,1,300,500,150
"3193",7,170,68,68770,"03530000","003026158",68770010,1,41190400,1,360,1000,360
"3194",7,170,68,68770,"03840000","083029550",68770016,18,41190300,1,250,116,29
"3195",7,170,68,68770,"04070000","003412240",68770015,1,41180201,2,400,650,520
"3196",7,170,68,68770,"04600000","003029474",68770011,1,41180201,0,0,0,0
"3197",7,170,68,68770,"04600000","003029474",68770011,2,41190300,0,0,0,0
"3198",7,170,68,68770,"04680000","001409452",68770010,1,41190300,1,1000,500,500
"3199",7,170,68,68770,"04800000","001827479",68770010,1,41190300,1,500,500,250
"3200",7,170,68,68770,"05010000","002094974",68770010,1,41120199,0,0,0,0
"3201",7,170,68,68770,"05030000","001690398",68770010,1,41199900,1,200,500,100
"3202",7,170,68,68770,"05820000","082095097",68770010,18,41120199,0,0,0,0
"3203",7,170,68,68773,"00250000","001862794",68773045,1,41190300,1,2000,500,1000
"3204",7,170,68,68773,"00270000","003006143",68773051,1,41190200,1,800,350,280
"3205",7,170,68,68773,"00440000","003029181",68773048,1,41180201,0,0,0,0
"3206",7,170,68,68773,"00810000","089000020",68773044,18,41189900,1,700,300,210
"3207",7,170,68,68773,"01230000","003028882",68773024,1,41180201,1,1,250,0.25
"3208",7,170,68,68773,"01230000","003028882",68773024,2,41190300,0,0,0,0
"3209",7,170,68,68773,"01460000","003006125",68773015,1,41199900,0,0,0,0
"3210",7,170,68,68780,"00040000","007085241",68780022,1,41199900,10,200,125,250
"3211",7,170,68,68780,"00100000","002316907",68780020,1,41190300,2,30,250,15
"3212",7,170,68,68780,"00130000","003085388",68780014,1,41190200,9,1000,250,2250
"3213",7,170,68,68780,"00190001","060049921",68780006,1,41190200,1,500,2.5,1.25
"3214",7,170,68,68780,"00210001","060049697",68780015,1,41190200,2,1000,2.5,5
"3215",7,170,68,68780,"00220001","060050891",68780015,1,41190100,1,2000,0.01,0.02
"3216",7,170,68,68780,"00250001","060051828",68780006,1,41190200,1,100,2.5,0.25
"3217",7,170,68,68780,"00270001","060049901",68780002,3,41180201,1,500,5,2.5
"3218",7,170,68,68780,"00270001","060051821",68780001,1,41190200,2,400,2.5,2
"3219",7,170,68,68780,"00330000","003085470",68780009,1,41189900,0,0,0,0
"3220",7,170,68,68780,"00350001","060049922",68780006,1,41190200,1,500,3.25,1.625
"3221",7,170,68,68780,"00390001","060051805",68780006,1,41190200,6,6000,2.5,90
"3222",7,170,68,68780,"00400000","002221961",68780011,1,41190300,1,100,5,0.5
"3223",7,170,68,68780,"00400000","002221961",68780011,2,41190600,1,500,500,250
"3224",7,170,68,68780,"00400000","003085355",68780010,1,41199900,3,100,125,37.5
"3225",7,170,68,68780,"00490001","060447403",68780014,1,41190100,4,3000,1,12
"3226",7,170,68,68780,"00640000","001424967",68780023,1,41190400,2,2000,250,1000
"3227",7,170,68,68780,"00670000","003085301",68780015,1,41190200,4,1000,250,1000
"3228",7,170,68,68780,"00700000","002318290",68780014,1,41190300,2,150,250,75
"3229",7,170,68,68780,"00710000","003085229",68780002,1,41190200,12,1000,33,396
"3230",7,170,68,68780,"00730000","001425139",68780023,1,41199900,2,1900,1000,3800
"3231",7,170,68,68780,"00890000","002316938",68780022,1,41190300,1,350,750,262.5
"3232",7,170,68,68780,"00960001","060448249",68780010,1,41190200,2,2000,2.5,10
"3233",7,170,68,68780,"01110000","003085347",68780025,1,41199900,3,200,1,0.6
"3234",7,170,68,68820,"00040000","083084974",68820007,18,41190200,2,200,250,100
"3235",7,170,68,68820,"00040001","060052746",68820007,1,41190300,2,200,2.5,1
"3236",7,170,68,68820,"00280000","083084949",68820014,18,41199900,1,4000,7,28
"3237",7,170,68,68820,"00320000","083069858",68820002,18,41199900,1,300,250,75
"3238",7,170,68,68820,"00340000","083084884",68820001,18,41190200,1,200,250,50
"3239",7,170,68,68820,"00340001","060447623",68820001,1,41190200,1,200,2.5,0.5
"3240",7,170,68,68820,"00400001","060054381",68820003,1,41190200,0,0,0,0
"3241",7,170,68,68820,"00470001","060052782",68820003,1,41190200,1,500,2.5,1.25
"3242",7,170,68,68820,"00510001","060052918",68820003,1,41190500,1,6500,2.5,16.25
"3243",7,170,68,68820,"00550000","083069853",68820017,18,41180201,1,3000,500,1500
"3244",7,170,68,68820,"00630000","081599231",68820014,18,41190200,4,500,250,500
"3245",7,170,68,68820,"00810000","001599484",68820007,1,41190200,1,500,250,125
"3246",7,170,68,68820,"00820000","083085084",68820007,18,41190200,1,200,250,50
"3247",7,170,68,68820,"00820001","060052766",68820007,1,41190200,1,200,2.5,0.5
"3248",7,170,68,68820,"01520000","083069923",68820012,18,41190200,2,500,250,250
"3249",7,170,68,68820,"03010000","083084853",68820014,18,41190200,1,500,4,2
"3250",7,170,68,68820,"04710000","083084939",68820016,18,41190200,1,1500,400,600
"3251",7,170,68,68855,"00017220","060543716",68855003,2,41190300,1,800,10,8
"3252",7,170,68,68855,"00020000","083064864",68855003,18,41190400,2,180,2506,902.16
"3253",7,170,68,68855,"00021843","060052731",68855003,1,41190400,2,180,10,3.6
"3254",7,170,68,68855,"00060000","081641773",68855011,18,41180201,1,200,500,100
"3255",7,170,68,68855,"00060000","081641773",68855011,28,41190300,1,100,500,50
"3256",7,170,68,68855,"00070000","082355177",68855006,18,41190300,1,500,1500,750
"3257",7,170,68,68855,"00080000","081641776",68855011,18,41180201,1,1200,500,600
"3258",7,170,68,68855,"00080000","081641776",68855011,28,41190300,0,0,0,0
"3259",7,170,68,68855,"00080000","081641776",68855011,38,41190700,0,0,0,0
"3260",7,170,68,68855,"00080000","081641776",68855011,48,41191000,0,0,0,0
"3261",7,170,68,68855,"00090000","083065085",68855008,18,41120199,0,0,0,0
"3262",7,170,68,68855,"00090000","083065085",68855008,28,41190700,1,50,500,25
"3263",7,170,68,68855,"00090001","060053430",68855004,1,41189900,2,500,3.75,3.75
"3264",7,170,68,68855,"00110000","083064907",68855006,18,41190300,2,100,1000,200
"3265",7,170,68,68855,"00110001","060052725",68855003,1,41199900,1,360,5,1.8
"3266",7,170,68,68855,"00130000","082503267",68855002,18,41180201,1,50,300,15
"3267",7,170,68,68855,"00130000","082503267",68855002,28,41189900,1,50,300,15
"3268",7,170,68,68855,"00160001","060053459",68855006,1,41190300,1,700,5,3.5
"3269",7,170,68,68855,"00160001","060054250",68855006,2,41120199,0,0,0,0
"3270",7,170,68,68855,"00170001","060052729",68855003,2,41199900,1,250,5,1.25
"3271",7,170,68,68855,"00190000","088001446",68855012,18,41180201,1,4000,500,2000
"3272",7,170,68,68855,"00190000","088001446",68855012,28,41190300,1,400,1000,400
"3273",7,170,68,68855,"00190000","088001446",68855012,38,41190700,1,200,1000,200
"3274",7,170,68,68855,"00220000","081465613",68855010,18,41191000,7,100,1,0.7
"3275",7,170,68,68855,"00240001","060052559",68855006,1,41190100,2,120,5,1.2
"3276",7,170,68,68855,"00260000","083064976",68855008,18,41189900,1,940,500,470
"3277",7,170,68,68855,"00260000","083064976",68855008,28,41190300,1,900,500,450
"3278",7,170,68,68855,"00260000","083064976",68855008,38,41190400,1,930,500,465
"3279",7,170,68,68855,"00360000","088001543",68855011,18,41190300,1,200,1500,300
"3280",7,170,68,68855,"00360000","088001543",68855011,28,41190400,1,600,800,480
"3281",7,170,68,68855,"00370000","083064895",68855003,18,41190400,0,0,0,0
"3282",7,170,68,68855,"00410001","060053447",68855006,3,41190500,1,500,5,2.5
"3283",7,170,68,68855,"00484896","060052549",68855004,1,41190400,1,120,1.25,0.15
"3284",7,170,68,68855,"00500000","081465703",68855007,18,41190400,1,400,500,200
"3285",7,170,68,68855,"00500000","088465703",68855007,18,41190400,1,400,500,200
"3286",7,170,68,68855,"00530000","083064935",68855006,18,41190300,1,500,500,250
"3287",7,170,68,68855,"00530000","083064935",68855006,28,41190400,1,1500,500,750
"3288",7,170,68,68855,"00530000","083064935",68855006,38,41190600,1,500,350,175
"3289",7,170,68,68855,"00650000","083065136",68855008,18,41189900,1,200,250,50
"3290",7,170,68,68855,"00650001","060052538",68855008,1,41120199,0,0,0,0
"3291",7,170,68,68855,"00660000","083064946",68855008,18,41190300,0,0,0,0
"3292",7,170,68,68855,"00660000","083064946",68855008,28,41191000,0,0,0,0
"3293",7,170,68,68855,"00660000","083065109",68855004,18,41190400,1,90,500,45
"3294",7,170,68,68855,"00670000","088001516",68855007,18,41190300,1,100,500,50
"3295",7,170,68,68855,"00670000","088001516",68855007,28,41190400,1,100,500,50
"3296",7,170,68,68855,"00730000","081641978",68855007,18,41190300,0,0,0,0
"3297",7,170,68,68855,"00730000","081641978",68855007,28,41190400,1,100,1000,100
"3298",7,170,68,68855,"00740000","083064875",68855003,18,41191000,1,40,500,20
"3299",7,170,68,68855,"00770000","082503525",68855007,18,41190400,0,0,0,0
"3300",7,170,68,68855,"00860000","081641850",68855011,18,41190300,1,200,500,100
"3301",7,170,68,68855,"00860000","081641850",68855011,28,41190400,1,3000,500,1500
"3302",7,170,68,68855,"00930000","083064959",68855004,18,41180201,2,1000,1000,2000
"3303",7,170,68,68855,"01010000","082455147",68855011,18,41190400,0,0,0,0
"3304",7,170,68,68855,"01010000","082455147",68855011,28,41190700,0,0,0,0
"3305",7,170,68,68855,"01060000","083065057",68855004,18,41190300,1,200,250,50
"3306",7,170,68,68855,"01060000","083065057",68855004,28,41190400,1,100,250,25
"3307",7,170,68,68855,"01080000","083065077",68855004,18,41180201,0,0,0,0
"3308",7,170,68,68855,"01120000","083065107",68855004,18,41180201,1,100,500,50
"3309",7,170,68,68855,"01130001","060052717",68855003,3,41190700,1,1,1.2,0.0012
"3310",7,170,68,68855,"01160000","083065090",68855004,18,41190400,1,280,500,140
"3311",7,170,68,68855,"01160000","083065090",68855004,28,41190500,1,500,500,250
"3312",7,170,68,68855,"01220000","088041805",68855010,18,41190300,0,0,0,0
"3313",7,170,68,68855,"01220000","088041805",68855010,28,41190400,0,0,0,0
"3314",7,170,68,68855,"01290000","083065187",68855013,18,41190700,1,100,250,25
"3315",7,170,68,68855,"01310000","081641913",68855007,18,41180201,0,0,0,0
"3316",7,170,68,68855,"01310000","081641913",68855007,28,41190300,1,150,500,75
"3317",7,170,68,68855,"01330000","081041834",68855011,18,41189900,0,0,0,0
"3318",7,170,68,68855,"01440000","083064913",68855004,18,41190300,1,130,500,65
"3319",7,170,68,68855,"01440000","083064913",68855004,28,41190700,1,93,250,23.25
"3320",7,170,68,68855,"01580000","081041833",68855001,18,41190400,1,50,500,25
"3321",7,170,68,68855,"01780000","083065149",68855009,18,41190400,1,1000,1000,1000
"3322",7,170,68,68855,"01840000","081643995",68855012,18,41180201,0,0,0,0
"3323",7,170,68,68855,"01840000","081643995",68855012,28,41190300,0,0,0,0
"3324",7,170,68,68855,"01910000","083064892",68855004,18,41190400,1,480,500,240
"3325",7,170,68,68855,"01920000","083064843",68855004,18,41190400,1,300,1250,375
"3326",7,170,68,68855,"02300000","083064829",68855004,18,41190400,1,400,250,100
"3327",7,170,68,68855,"02390000","083064952",68855009,18,41120199,0,0,0,0
"3328",7,170,68,68861,"00070000","001523033",68861036,1,41190300,2,20,500,20
"3329",7,170,68,68861,"00100000","082000020",68861015,18,41199900,0,0,0,0
"3330",7,170,68,68861,"00100000","089001803",68861015,18,41190200,0,0,0,0
"3331",7,170,68,68861,"00120000","082126802",68861045,18,41190300,2,500,1000,1000
"3332",7,170,68,68861,"00170000","002126858",68861036,1,41190300,2,300,500,300
"3333",7,170,68,68861,"00190000","002126862",68861028,1,41190300,2,1000,750,1500
"3334",7,170,68,68861,"00200000","002126851",68861028,1,41190300,2,300,2,1.2
"3335",7,170,68,68861,"00200000","082258159",68861015,18,41180201,2,2500,500,2500
"3336",7,170,68,68861,"00200000","082258159",68861015,28,41190200,2,3000,500,3000
"3337",7,170,68,68861,"00230000","082126834",68385013,18,41190300,7,500,1000,3500
"3338",7,170,68,68861,"00260000","087000772",68861003,18,41190400,1,300,500,150
"3339",7,170,68,68861,"00510000","003491717",68861040,1,41199900,1,1000,250,250
"3340",7,170,68,68861,"00640000","003062448",68861008,1,41180201,1,500,500,250
"3341",7,170,68,68861,"00690000","082185960",68861001,18,41180201,2,600,375,450
"3342",7,170,68,68861,"00810000","001523100",68861037,1,41190300,0,0,0,0
"3343",7,170,68,68861,"00810000","001523100",68861037,2,41190500,1,5,500,2.5
"3344",7,170,68,68861,"00910000","082156494",68861005,18,41190300,11,500,2,11
"3345",7,170,68,68861,"00930000","082396145",68861005,18,41190400,1,300,1500,450
"3346",7,170,68,68861,"01150000","003078147",68861038,1,41189900,1,100,750,75
"3347",7,170,68,68861,"01150000","003078147",68861038,2,41190300,1,200,750,150
"3348",7,170,68,68861,"01350000","081302179",68861007,18,41180201,2,1000,1500,3000
"3349",7,170,68,68861,"01660000","082062352",68861046,18,41180201,1,300,166,49.8
"3350",7,170,68,68861,"01670000","083078359",68861040,18,41190300,0,0,0,0
"3351",7,170,68,68861,"03110000","001690266",68861001,1,41190300,1,200,1,0.2
"3352",7,170,68,68867,"00010000","003062106",68867006,1,41190200,1,700,250,175
"3353",7,170,68,68867,"00030000","003062355",68867002,1,41190200,3,300,250,225
"3354",7,170,68,68867,"00060000","003062288",68867001,1,41190200,1,1500,250,375
"3355",7,170,68,68867,"00110000","003062311",68867004,1,41190200,1,300,230,69
"3356",7,170,68,68867,"00130000","003062052",68867007,1,41190200,2,600,250,300
"3357",7,170,68,68867,"00130000","003062068",68867007,1,41190200,2,300,250,150
"3358",7,170,68,68867,"00130000","003062287",68867001,1,41190200,11,1,250,2.75
"3359",7,170,68,68867,"00240000","003062349",68867002,1,41190200,1,35,1000,35
"3360",7,170,68,68867,"00250000","003062354",68867002,1,41190200,2,1000,250,500
"3361",7,170,68,68867,"00270000","003062058",68867007,1,41190200,2,2000,250,1000
"3362",7,170,68,68867,"00290000","003062143",68867005,1,41190200,2,1200,250,600
"3363",7,170,68,68867,"00370000","003062110",68867006,1,41190200,1,300,250,75
"3364",7,170,68,68867,"00460000","003062130",68867005,1,41190200,2,1000,250,500
"3365",7,170,68,68867,"00530000","003062064",68867007,1,41190200,2,1000,250,500
"3366",7,170,68,68867,"00800000","003062048",68867007,1,41190200,2,300,250,150
"3367",7,170,68,68867,"01030000","003062223",68867001,1,41190200,1,250,300,75
"3368",7,170,68,68867,"01100000","003062266",68867001,1,41190200,2,400,250,200
"3369",7,170,68,68867,"01220000","003062361",68867002,1,41190200,1,1200,250,300
"3370",7,170,68,68872,"00080000","083007961",68872004,18,41190300,1,200,750,150
"3371",7,170,68,68872,"00080000","083007961",68872004,28,41190400,1,200,750,150
"3372",7,170,68,68872,"00130001","060058540",68872003,1,41180201,0,0,0,0
"3373",7,170,68,68872,"00160000","083007891",68872007,18,41190300,0,0,0,0
"3374",7,170,68,68872,"00280000","003007676",68872010,1,41190300,1,300,500,150
"3375",7,170,68,68872,"00280000","003007676",68872010,2,41190700,1,300,500,150
"3376",7,170,68,68872,"00310000","083007797",68872004,18,41180201,3,200,750,450
"3377",7,170,68,68872,"00310000","083007797",68872004,28,41190300,3,200,750,450
"3378",7,170,68,68872,"00310001","060448139",68872004,2,41190300,3,200,7.5,4.5
"3379",7,170,68,68872,"00320000","083007972",68872013,18,41190300,1,200,1500,300
"3380",7,170,68,68872,"00320000","083007972",68872013,28,41190400,1,200,1500,300
"3381",7,170,68,68872,"00320001","060061290",68872013,2,41190100,1,200,15,3
"3382",7,170,68,68872,"00410000","083007896",68872013,18,41190400,1,5,250,1.25
"3383",7,170,68,68872,"00410001","060061277",68872013,1,41190900,1,5,2.5,0.0125
"3384",7,170,68,68872,"00460000","083007954",68872004,18,41190300,0,0,0,0
"3385",7,170,68,68872,"00510000","083007971",68872013,18,41180201,1,4000,50,200
"3386",7,170,68,68872,"00510001","060061286",68872013,1,41180201,1,4000,0.5,2
"3387",7,170,68,68872,"00540001","060057435",68872012,1,41190100,3,100,0.01,0.003
"3388",7,170,68,68872,"00600000","083007859",68872010,18,41190300,7,300,500,1050
"3389",7,170,68,68872,"00610000","083007979",68872004,18,41190300,1,150,1000,150
"3390",7,170,68,68872,"00610001","060054973",68872004,1,41190300,1,150,10,1.5
"3391",7,170,68,68872,"00700000","003007612",68872009,1,41190300,1,50,500,25
"3392",7,170,68,68872,"00700000","083007925",68872011,18,41189900,0,0,0,0
"3393",7,170,68,68872,"00710000","081881360",68872009,18,41180201,1,50,500,25
"3394",7,170,68,68872,"00800001","060448882",68872001,2,41190100,5,200,10,10
"3395",7,170,68,68872,"00830000","083007918",68872012,18,41190700,1,20,1000,20
"3396",7,170,68,68872,"01440000","003007781",68872010,1,41190400,0,0,0,0
"3397",7,170,68,68872,"01580000","083007845",68079016,18,41190300,0,0,0,0
"3398",7,170,68,68895,"00010000","083060041",68895008,18,41180201,1,500,250,125
"3399",7,170,68,68895,"00010000","083060041",68895008,28,41190300,1,500,300,150
"3400",7,170,68,68895,"00030000","003060158",68895022,1,41190200,1,1000,500,500
"3401",7,170,68,68895,"00040000","083007590",68895011,18,41191000,0,0,0,0
"3402",7,170,68,68895,"00040000","083007590",68895011,28,41199900,0,0,0,0
"3403",7,170,68,68895,"00050000","003007441",68895012,1,41180201,0,0,0,0
"3404",7,170,68,68895,"00060000","003007319",68895003,1,41180201,2,900,500,900
"3405",7,170,68,68895,"00070000","083007330",68895003,18,41120199,0,0,0,0
"3406",7,170,68,68895,"00070000","083007330",68895003,28,41190300,2,200,500,200
"3407",7,170,68,68895,"00080000","003007311",68895018,1,41190300,0,0,0,0
"3408",7,170,68,68895,"00080000","003007311",68895018,2,41190500,1,7000,500,3500
"3409",7,170,68,68895,"00130000","003007492",68895026,1,41180201,1,900,500,450
"3410",7,170,68,68895,"00130000","003007492",68895026,2,41190300,1,600,250,150
"3411",7,170,68,68895,"00130000","003007492",68895026,3,41191000,1,300,250,75
"3412",7,170,68,68895,"00160000","003007252",68895002,1,41190400,1,2000,500,1000
"3413",7,170,68,68895,"00170000","003007303",68895002,1,41190300,1,50,1000,50
"3414",7,170,68,68895,"00170000","003007303",68895002,2,41190600,1,50,1000,50
"3415",7,170,68,68895,"00200000","003007442",68895021,1,41190300,0,0,0,0
"3416",7,170,68,68895,"00200000","003007442",68895021,2,41190400,0,0,0,0
"3417",7,170,68,68895,"00210000","003007255",68895002,1,41180201,0,0,0,0
"3418",7,170,68,68895,"00210000","003007255",68895002,2,41190300,1,25,800,20
"3419",7,170,68,68895,"00230000","083007260",68895001,18,41190500,1,300,500,150
"3420",7,170,68,68895,"00240000","003060034",68895011,1,41190300,0,0,0,0
"3421",7,170,68,68895,"00240000","003060034",68895011,2,41199900,0,0,0,0
"3422",7,170,68,68895,"00260000","003060033",68895011,1,41199900,1,150,400,60
"3423",7,170,68,68895,"00280000","003007216",68895001,1,41180201,1,200,450,90
"3424",7,170,68,68895,"00280000","003007216",68895001,2,41190300,1,200,450,90
"3425",7,170,68,68895,"00280000","003060804",68895025,1,41180201,0,0,0,0
"3426",7,170,68,68895,"00280000","083062002",68895008,18,41190300,0,0,0,0
"3427",7,170,68,68895,"00280000","083062002",68895008,28,41190600,0,0,0,0
"3428",7,170,68,68895,"00280000","083062002",68895008,38,41199900,1,500,500,250
"3429",7,170,68,68895,"00320000","003007201",68895003,1,41190500,0,0,0,0
"3430",7,170,68,68895,"00410000","003007453",68895016,1,41180201,2,250,500,250
"3431",7,170,68,68895,"00410000","003007453",68895016,2,41190300,2,250,500,250
"3432",7,170,68,68895,"00410000","003007453",68895016,3,41190600,2,250,500,250
"3433",7,170,68,68895,"00430000","003007236",68895001,1,41190500,2,300,907,544.2
"3434",7,170,68,68895,"00430000","003007236",68895001,2,41199900,2,400,907,725.6
"3435",7,170,68,68895,"00450000","083007322",68895001,18,41190400,1,500,1000,500
"3436",7,170,68,68895,"00450000","083007322",68895001,28,41190800,0,0,0,0
"3437",7,170,68,68895,"00460000","003007422",68895016,1,41180201,1,600,1000,600
"3438",7,170,68,68895,"00510000","003007423",68895016,1,41180201,1,75,500,37.5
"3439",7,170,68,68895,"00510000","003007423",68895016,2,41199900,1,75,500,37.5
"3440",7,170,68,68895,"00550000","003007457",68895016,1,41190300,1,300,500,150
"3441",7,170,68,68895,"00580000","083060080",68895008,18,41190300,2,150,100,30
"3442",7,170,68,68895,"00590000","003007360",68895016,1,41180201,1,180,250,45
"3443",7,170,68,68895,"00610000","003007437",68895025,1,41180201,0,0,0,0
"3444",7,170,68,68895,"00620000","083007270",68895020,18,41180201,1,500,1,0.5
"3445",7,170,68,68895,"00800000","003007348",68895023,1,41180201,0,0,0,0
"3446",7,170,68,68895,"00970000","003007342",68895023,1,41190400,0,0,0,0
"3447",7,170,68,68895,"01000000","083060183",68895008,18,41190300,1,1000,500,500
