"","TIPO_REG","PAIS","P_DEPTO","P_MUNIC","UC_UO","ENCUESTA","COD_VEREDA","P_S8_NUMPEZDUL","P_S8P1141","P_S8P1151","P_S8P115A1","P_S8P1161","P_S8P116A1","P_S8_NUMPEZSAL","P_S8P1142","P_S8P1152","P_S8P115A2","P_S8P1162","P_S8P116A2"
"1",8,170,68,68001,"00260001","022318160",68001027,1,41229900,500,1,0,0,0,NA,0,0,0,0
"2",8,170,68,68001,"00395557","022318041",68001013,1,41220800,200,1,200,1,0,NA,0,0,0,0
"3",8,170,68,68001,"00420001","022303666",68001009,1,41229900,5,1,5,1,0,NA,0,0,0,0
"4",8,170,68,68001,"00460001","022317636",68001013,1,41190600,500,1,0,0,0,NA,0,0,0,0
"5",8,170,68,68001,"00920001","022736078",68001009,1,41190300,0,0,0,0,0,NA,0,0,0,0
"6",8,170,68,68001,"00930001","022303762",68001023,1,41190300,1,1,1,1,0,NA,0,0,0,0
"7",8,170,68,68001,"01020001","022318870",68001009,1,41190600,10,1,0,0,0,NA,0,0,0,0
"8",8,170,68,68001,"01071873","022537970",68001027,1,41190300,0,0,10,1,0,NA,0,0,0,0
"9",8,170,68,68001,"07290001","022736087",68001017,3,41190400,1.8,1,720,1,0,NA,0,0,0,0
"10",8,170,68,68020,"01840000","089000555",68020005,18,41190500,0,0,0,0,NA,NA,NA,0,NA,0
"11",8,170,68,68020,"01840000","089000555",68020005,28,41120199,0,0,0,0,NA,NA,NA,0,NA,0
"12",8,170,68,68051,"02040000","009997941",68051003,1,41190400,300,1,300,1,NA,NA,NA,0,NA,0
"13",8,170,68,68051,"02200000","009997913",68051004,1,41190400,1,1,1,1,NA,NA,NA,0,NA,0
"14",8,170,68,68051,"02310000","009999038",68051004,1,41190300,25,1,25,1,NA,NA,NA,0,NA,0
"15",8,170,68,68077,"00020001","060025519",68077005,1,41120199,10,1,10,1,0,NA,0,0,0,0
"16",8,170,68,68077,"00060001","060025522",68077005,1,41190400,3000,1,3000,1,0,NA,0,0,0,0
"17",8,170,68,68077,"00110001","060027972",68077001,1,41190600,0,0,0,0,0,NA,0,0,0,0
"18",8,170,68,68077,"00130001","060028597",68077001,1,41190500,1000,1,0,0,0,NA,0,0,0,0
"19",8,170,68,68077,"00460001","060025135",68077003,1,41190100,600,1,0,0,0,NA,0,0,0,0
"20",8,170,68,68077,"00460001","060025513",68077002,1,41120110,5,1,5,1,0,NA,0,0,0,0
"21",8,170,68,68077,"00480001","060027292",68077001,1,41190100,0.5,1,0.5,1,0,NA,0,0,0,0
"22",8,170,68,68077,"00500001","060025282",68077004,1,41190300,0,0,0,0,0,NA,0,0,0,0
"23",8,170,68,68077,"00650001","060027540",68077999,1,41120199,1.3,1,1.3,1,0,NA,0,0,0,0
"24",8,170,68,68077,"00700000","009990668",68077002,1,41229900,100,1,100,1,NA,NA,NA,0,NA,0
"25",8,170,68,68077,"00770001","060027994",68077001,1,41190700,10,1,0,0,0,NA,0,0,0,0
"26",8,170,68,68077,"00790001","060025478",68077002,1,41229900,2,1,3,1,0,NA,0,0,0,0
"27",8,170,68,68077,"01500001","060025138",68077007,1,41190300,35,1,35,1,0,NA,0,0,0,0
"28",8,170,68,68077,"01750001","060027584",68077002,1,41120108,7,1,0,0,0,NA,0,0,0,0
"29",8,170,68,68077,"01760001","060027585",68077002,1,41190500,300,1,300,1,0,NA,0,0,0,0
"30",8,170,68,68077,"02590000","009990246",68077002,1,41229900,170,1,170,1,NA,NA,NA,0,NA,0
"31",8,170,68,68077,"02590001","060027512",68077002,1,41221200,1.7,1,1.7,1,0,NA,0,0,0,0
"32",8,170,68,68077,"02890001","060028194",68077006,1,41190300,0.5,1,0.5,1,0,NA,0,0,0,0
"33",8,170,68,68077,"06330000","088001718",68077004,18,42129900,100,1,100,1,NA,NA,NA,0,NA,0
"34",8,170,68,68077,"06330001","060029082",68077004,1,41190500,20,1,20,1,0,NA,0,0,0,0
"35",8,170,68,68077,"08330001","060029496",68077004,1,41190400,0,0,0,0,0,NA,0,0,0,0
"36",8,170,68,68079,"00120000","009999162",68079011,1,41190600,60,1,60,1,NA,NA,NA,0,NA,0
"37",8,170,68,68079,"00120000","009999162",68079011,2,41190300,150,1,150,1,NA,NA,NA,0,NA,0
"38",8,170,68,68079,"00120001","060025538",68079011,2,41190300,150,1,150,1,0,NA,0,0,0,0
"39",8,170,68,68079,"00140001","060027242",68079013,1,41190300,1,1,1,1,0,NA,0,0,0,0
"40",8,170,68,68079,"00210000","009997629",68079013,1,41229900,0,0,0,0,NA,NA,NA,0,NA,0
"41",8,170,68,68079,"00370001","060028572",68079011,1,41190300,75,1,0,0,0,NA,0,0,0,0
"42",8,170,68,68079,"01200001","060025822",68079004,1,41190300,20,1,25,1,0,NA,0,0,0,0
"43",8,170,68,68079,"02350001","060025555",68079010,1,41190300,1,1,1,1,0,NA,0,0,0,0
"44",8,170,68,68081,"00000000","081498016",68081002,18,41229900,1,1,1,1,NA,NA,NA,0,NA,0
"45",8,170,68,68081,"00010000","089001199",68081034,18,41120101,1,1,0,0,NA,NA,NA,0,NA,0
"46",8,170,68,68081,"00050000","009991583",68745040,1,42129900,0,0,0,0,NA,NA,NA,0,NA,0
"47",8,170,68,68081,"00070000","081893272",68081037,18,41190600,10,1,0,0,NA,NA,NA,0,NA,0
"48",8,170,68,68081,"00070000","081893272",68081037,28,41220900,22,1,0,0,NA,NA,NA,0,NA,0
"49",8,170,68,68081,"00090000","081498015",68081044,18,41120199,1,1,1,1,NA,NA,NA,0,NA,0
"50",8,170,68,68081,"00130000","009991411",68081034,1,41190300,30,1,30,1,NA,NA,NA,0,NA,0
"51",8,170,68,68081,"00130000","009991411",68081034,2,41190600,40,1,10,1,NA,NA,NA,0,NA,0
"52",8,170,68,68081,"00130000","009991413",68081034,1,41190300,300,1,0,0,NA,NA,NA,0,NA,0
"53",8,170,68,68081,"00130000","009991427",68081034,1,41220300,1800,1,1000,1,NA,NA,NA,0,NA,0
"54",8,170,68,68081,"00130000","009991427",68081034,2,41190300,800,1,200,1,NA,NA,NA,0,NA,0
"55",8,170,68,68081,"00170000","009991452",68081010,1,41190300,1,1,0,0,NA,NA,NA,0,NA,0
"56",8,170,68,68081,"00170000","009991452",68081010,2,41190600,1,1,0,0,NA,NA,NA,0,NA,0
"57",8,170,68,68081,"00200000","089001175",68081017,18,41229900,10,1,10,1,NA,NA,NA,0,NA,0
"58",8,170,68,68081,"00220000","001128127",68081025,1,42129900,18,1,10,1,NA,NA,NA,0,NA,0
"59",8,170,68,68081,"00220000","001128127",68081025,2,41120101,10,1,5,1,NA,NA,NA,0,NA,0
"60",8,170,68,68081,"00280000","089001180",68081049,18,41190300,10,1,0,0,NA,NA,NA,0,NA,0
"61",8,170,68,68081,"00300000","089001211",68081015,18,41120101,100,1,100,1,NA,NA,NA,0,NA,0
"62",8,170,68,68081,"00300000","089001211",68081015,28,41190600,180,1,100,1,NA,NA,NA,0,NA,0
"63",8,170,68,68081,"00310000","089001324",68081015,18,41190600,100,1,60,1,NA,NA,NA,0,NA,0
"64",8,170,68,68081,"00310000","089001324",68081015,28,41120101,140,1,80,1,NA,NA,NA,0,NA,0
"65",8,170,68,68081,"00310000","089001324",68081015,38,41190900,220,1,115,1,NA,NA,NA,0,NA,0
"66",8,170,68,68081,"00330000","009991561",68745040,1,41190600,2.4,1,0,0,NA,NA,NA,0,NA,0
"67",8,170,68,68081,"00330000","009991561",68745040,2,41120199,15,1,0,0,NA,NA,NA,0,NA,0
"68",8,170,68,68081,"00410000","009991585",68745040,1,41229900,0,0,0,0,NA,NA,NA,0,NA,0
"69",8,170,68,68081,"00430000","009990838",68689016,1,41120199,1,1,0,0,NA,NA,NA,0,NA,0
"70",8,170,68,68081,"00440000","089900385",68081021,18,41120199,0,0,0,0,NA,NA,NA,0,NA,0
"71",8,170,68,68081,"00460000","009991574",68745040,1,41229900,63,1,0,0,NA,NA,NA,0,NA,0
"72",8,170,68,68081,"00460000","009991574",68745040,2,41120101,75,1,0,0,NA,NA,NA,0,NA,0
"73",8,170,68,68081,"00460000","009991574",68745040,3,41190600,1,1,0,0,NA,NA,NA,0,NA,0
"74",8,170,68,68081,"00460000","009991575",68745040,1,41190600,15,1,20,1,NA,NA,NA,0,NA,0
"75",8,170,68,68081,"00460000","009991575",68745040,2,41190400,10,1,50,1,NA,NA,NA,0,NA,0
"76",8,170,68,68081,"00470000","009991584",68081016,1,41190600,500,1,0,0,NA,NA,NA,0,NA,0
"77",8,170,68,68081,"00470000","009991584",68081016,2,42129900,100,1,0,0,NA,NA,NA,0,NA,0
"78",8,170,68,68081,"00520000","089001194",68081021,18,41190300,75,1,75,1,NA,NA,NA,0,NA,0
"79",8,170,68,68081,"00520000","089001194",68081021,28,41190400,0,0,0,0,NA,NA,NA,0,NA,0
"80",8,170,68,68081,"00540000","001160747",68081027,1,41190600,80,1,100,1,NA,NA,NA,0,NA,0
"81",8,170,68,68081,"00540000","001160747",68081027,2,41190900,10,1,25,1,NA,NA,NA,0,NA,0
"82",8,170,68,68081,"00540000","001160747",68081027,3,41120101,8,1,15,1,NA,NA,NA,0,NA,0
"83",8,170,68,68081,"00560000","001160748",68081046,1,41120101,6,1,4,1,NA,NA,NA,0,NA,0
"84",8,170,68,68081,"00560000","001160748",68081046,2,41120199,10,1,5,1,NA,NA,NA,0,NA,0
"85",8,170,68,68081,"00560000","001160748",68081046,3,41190600,12,1,6,1,NA,NA,NA,0,NA,0
"86",8,170,68,68081,"00560000","001160748",68081046,4,41220600,10,1,5,1,NA,NA,NA,0,NA,0
"87",8,170,68,68081,"00650000","089002458",68081033,18,42129900,0,0,0,0,NA,NA,NA,0,NA,0
"88",8,170,68,68081,"00650000","089900132",68081033,18,41120199,0,0,0,0,NA,NA,NA,0,NA,0
"89",8,170,68,68081,"00660000","009991980",68081027,1,41120101,30,1,18,1,NA,NA,NA,0,NA,0
"90",8,170,68,68081,"00660000","089001307",68081049,18,41190600,200,1,200,1,NA,NA,NA,0,NA,0
"91",8,170,68,68081,"00660000","089001307",68081049,28,41120101,4,1,100,1,NA,NA,NA,0,NA,0
"92",8,170,68,68081,"00660000","089001307",68081049,38,41190900,3,1,50,1,NA,NA,NA,0,NA,0
"93",8,170,68,68081,"00660000","089001307",68081049,48,41221200,1,1,12,1,NA,NA,NA,0,NA,0
"94",8,170,68,68081,"00660000","089900376",68081009,18,41190600,200,1,200,1,NA,NA,NA,0,NA,0
"95",8,170,68,68081,"00670000","009990839",68081021,1,41120199,1,1,0,0,NA,NA,NA,0,NA,0
"96",8,170,68,68081,"00680001","060025939",68081033,1,41190300,250,1,250,1,0,NA,0,0,0,0
"97",8,170,68,68081,"00700000","089900387",68081028,18,41190300,0,0,0,0,NA,NA,NA,0,NA,0
"98",8,170,68,68081,"00700000","089900387",68081028,28,41190600,1,1,0,0,NA,NA,NA,0,NA,0
"99",8,170,68,68081,"00730000","089001361",68081033,18,41190400,100,1,0,0,NA,NA,NA,0,NA,0
"100",8,170,68,68081,"00740000","089001189",68081049,18,41190600,500,1,0,0,NA,NA,NA,0,NA,0
"101",8,170,68,68081,"00740000","089001189",68081049,28,41190900,400,1,0,0,NA,NA,NA,0,NA,0
"102",8,170,68,68081,"00740000","089002507",68081045,18,41190600,0,0,0,0,NA,NA,NA,0,NA,0
"103",8,170,68,68081,"00750000","089900192",68081009,18,41190600,0,0,0,0,NA,NA,NA,0,NA,0
"104",8,170,68,68081,"00750000","089900192",68081009,28,41190300,0,0,0,0,NA,NA,NA,0,NA,0
"105",8,170,68,68081,"00750000","089900192",68081009,38,41220300,0,0,0,0,NA,NA,NA,0,NA,0
"106",8,170,68,68081,"00750000","089900192",68081009,48,41222300,0,0,0,0,NA,NA,NA,0,NA,0
"107",8,170,68,68081,"00890000","009990849",68689016,1,41120199,0,0,0,0,NA,NA,NA,0,NA,0
"108",8,170,68,68081,"01010000","009991772",68081002,NA,41229900,0,0,0,0,1,NA,NA,NA,NA,NA
"109",8,170,68,68081,"01160000","089001190",68081009,18,41190600,10,1,0,0,NA,NA,NA,0,NA,0
"110",8,170,68,68081,"01160000","089001190",68081009,28,41220900,5,1,0,0,NA,NA,NA,0,NA,0
"111",8,170,68,68081,"01200000","089002536",68081021,18,41190300,0,0,0,0,NA,NA,NA,0,NA,0
"112",8,170,68,68081,"01200000","089002536",68081021,28,41190600,0,0,0,0,NA,NA,NA,0,NA,0
"113",8,170,68,68081,"01210000","009991121",68081021,1,41190300,1,1,1,1,NA,NA,NA,0,NA,0
"114",8,170,68,68081,"01250000","009991984",68081035,1,41190300,10,1,8,1,NA,NA,NA,0,NA,0
"115",8,170,68,68081,"01330000","089900200",68081050,18,41190300,150,1,150,1,NA,NA,NA,0,NA,0
"116",8,170,68,68081,"01380000","089001329",68081013,18,41120101,30,1,40,1,NA,NA,NA,0,NA,0
"117",8,170,68,68081,"01380000","089001329",68081013,28,41190600,100,1,70,1,NA,NA,NA,0,NA,0
"118",8,170,68,68081,"01480000","089001346",68081023,18,41120199,0,0,0,0,NA,NA,NA,0,NA,0
"119",8,170,68,68081,"01480000","089001346",68081023,28,41220900,0,0,0,0,NA,NA,NA,0,NA,0
"120",8,170,68,68081,"01480000","089001346",68081023,38,42129900,0,0,0,0,NA,NA,NA,0,NA,0
"121",8,170,68,68081,"01490000","089001336",68081023,18,41190300,0,0,0,0,NA,NA,NA,0,NA,0
"122",8,170,68,68081,"01570000","009991117",68081021,1,41229900,20,1,0,0,NA,NA,NA,0,NA,0
"123",8,170,68,68081,"01720000","089001334",68081023,18,41190600,1500,1,1500,1,NA,NA,NA,0,NA,0
"124",8,170,68,68081,"01720000","089001334",68081023,28,41221200,150,1,150,1,NA,NA,NA,0,NA,0
"125",8,170,68,68081,"01720000","089001334",68081023,38,41221500,200,1,200,1,NA,NA,NA,0,NA,0
"126",8,170,68,68081,"01720000","089001334",68081023,48,41190900,75,1,75,1,NA,NA,NA,0,NA,0
"127",8,170,68,68081,"01750000","088001691",68081027,18,41229900,0,0,0,0,NA,NA,NA,0,NA,0
"128",8,170,68,68081,"01790000","089001185",68745040,18,41190600,1350,1,300,1,NA,NA,NA,0,NA,0
"129",8,170,68,68081,"01790000","089001185",68745040,28,41120101,9,1,0,0,NA,NA,NA,0,NA,0
"130",8,170,68,68081,"01790000","089001185",68745040,38,41190900,12,1,0,0,NA,NA,NA,0,NA,0
"131",8,170,68,68081,"01790000","089001185",68745040,48,41190300,2000,1,0,0,NA,NA,NA,0,NA,0
"132",8,170,68,68081,"01810000","089900193",68081050,18,41190300,0,0,0,0,NA,NA,NA,0,NA,0
"133",8,170,68,68081,"01810000","089900193",68081050,28,41190600,0,0,0,0,NA,NA,NA,0,NA,0
"134",8,170,68,68081,"01830000","009991871",68081027,1,41190600,50,1,50,1,NA,NA,NA,0,NA,0
"135",8,170,68,68081,"01850000","009991870",68081027,1,41190600,2,1,2,1,NA,NA,NA,0,NA,0
"136",8,170,68,68081,"01870000","009990852",68689016,1,41120199,0,0,0,0,NA,NA,NA,0,NA,0
"137",8,170,68,68081,"01980000","089001328",68081016,18,41229900,0,0,0,0,NA,NA,NA,0,NA,0
"138",8,170,68,68081,"02150000","009991142",68081051,1,41190300,30,1,0,0,NA,NA,NA,0,NA,0
"139",8,170,68,68081,"02150000","009991142",68081051,2,41190600,0,0,50,1,NA,NA,NA,0,NA,0
"140",8,170,68,68081,"02190000","088001688",68081043,18,41120101,20,1,20,1,NA,NA,NA,0,NA,0
"141",8,170,68,68081,"02190000","088001688",68081043,28,41190600,50,1,50,1,NA,NA,NA,0,NA,0
"142",8,170,68,68081,"02230000","009991150",68081051,1,41190600,1,1,0,0,NA,NA,NA,0,NA,0
"143",8,170,68,68081,"02230000","009991150",68081051,2,41120101,3,1,0,0,NA,NA,NA,0,NA,0
"144",8,170,68,68081,"04020000","009991698",68081040,1,41190600,80,1,50,1,NA,NA,NA,0,NA,0
"145",8,170,68,68081,"05960000","089002463",68081034,18,41229900,0,0,0,0,NA,NA,NA,0,NA,0
"146",8,170,68,68081,"06560000","082002395",68081003,18,41229900,300,1,300,1,NA,NA,NA,0,NA,0
"147",8,170,68,68081,"07410000","089001295",68081007,18,41190300,2.5,1,0,0,NA,NA,NA,0,NA,0
"148",8,170,68,68081,"07410000","089001295",68081007,28,41120199,20,1,0,0,NA,NA,NA,0,NA,0
"149",8,170,68,68081,"12790000","009991696",68081010,1,41190300,1,1,1,1,NA,NA,NA,0,NA,0
"150",8,170,68,68081,"14520000","089900185",68081012,18,42129900,0,0,0,0,NA,NA,NA,0,NA,0
"151",8,170,68,68081,"14810000","009991159",68081010,1,41190300,1,1,0,0,NA,NA,NA,0,NA,0
"152",8,170,68,68081,"14810000","009991159",68081010,2,41190600,1,1,0,0,NA,NA,NA,0,NA,0
"153",8,170,68,68081,"15460000","009991833",68081010,1,41190600,1,1,0,0,NA,NA,NA,0,NA,0
"154",8,170,68,68081,"15460000","009991833",68081010,2,41190400,1,1,0,0,NA,NA,NA,0,NA,0
"155",8,170,68,68081,"99990000","009991580",68081026,1,41190600,3,1,3,1,NA,NA,NA,0,NA,0
"156",8,170,68,68081,"99990000","009991580",68081026,2,41190300,4,1,4,1,NA,NA,NA,0,NA,0
"157",8,170,68,68081,"99990000","009991580",68081026,3,41120101,8,1,8,1,NA,NA,NA,0,NA,0
"158",8,170,68,68081,"99990000","009991580",68081026,4,41221500,4,1,4,1,NA,NA,NA,0,NA,0
"159",8,170,68,68081,"99990000","089001331",68081028,18,41190300,300,1,380,1,NA,NA,NA,0,NA,0
"160",8,170,68,68081,"99990000","089001344",68081028,18,41190300,425,1,425,1,NA,NA,NA,0,NA,0
"161",8,170,68,68081,"99990000","089001344",68081028,28,41190400,300,1,300,1,NA,NA,NA,0,NA,0
"162",8,170,68,68081,"99990000","089001344",68081028,38,41190600,0,0,250,1,NA,NA,NA,0,NA,0
"163",8,170,68,68092,"00080000","003001625",68092032,1,41229900,250,1,0,0,NA,NA,NA,0,NA,0
"164",8,170,68,68092,"00260000","083001826",68092006,18,41190600,0,0,0,0,NA,NA,NA,0,NA,0
"165",8,170,68,68092,"00720000","083004350",68092024,18,41229900,0,0,0,0,NA,NA,NA,0,NA,0
"166",8,170,68,68092,"00980000","003003588",68092009,1,41220300,2,1,0,0,NA,NA,NA,0,NA,0
"167",8,170,68,68092,"01100000","002459084",68092009,1,41220300,15,1,0,0,NA,NA,NA,0,NA,0
"168",8,170,68,68092,"03230000","083004243",68092002,18,41190300,0,0,0,0,NA,NA,NA,0,NA,0
"169",8,170,68,68092,"03230000","083004243",68092002,28,41190400,0,0,0,0,NA,NA,NA,0,NA,0
"170",8,170,68,68092,"07790000","083004247",68092031,18,41190300,1,1,0,0,NA,NA,NA,0,NA,0
"171",8,170,68,68092,"08660000","083001836",68092003,18,41190300,150,1,80,1,NA,NA,NA,0,NA,0
"172",8,170,68,68101,"00120000","001023543",68101008,1,41229900,0,0,0,0,NA,NA,NA,0,NA,0
"173",8,170,68,68101,"00330000","003057124",68101090,1,41190300,0,0,0,0,NA,NA,NA,0,NA,0
"174",8,170,68,68101,"00390000","003018613",68101067,1,41229900,30,1,0,0,NA,NA,NA,0,NA,0
"175",8,170,68,68101,"00520000","003057062",68101020,1,41190300,1250,1,0,0,NA,NA,NA,0,NA,0
"176",8,170,68,68101,"00750000","003018629",68101999,1,41190200,0,0,0,0,NA,NA,NA,0,NA,0
"177",8,170,68,68101,"00950000","003018432",68101071,1,41229900,0,0,0,0,NA,NA,NA,0,NA,0
"178",8,170,68,68101,"01010000","003013018",68101082,1,41229900,5,1,0,0,NA,NA,NA,0,NA,0
"179",8,170,68,68101,"01080000","001023347",68101066,1,41120101,85,1,85,1,NA,NA,NA,0,NA,0
"180",8,170,68,68101,"01270000","001058836",68101025,1,41190600,100,1,0,0,NA,NA,NA,0,NA,0
"181",8,170,68,68101,"01390000","003056839",68101002,1,41190300,100,1,0,0,NA,NA,NA,0,NA,0
"182",8,170,68,68101,"01520000","003012948",68101082,1,41190500,5,1,6,1,NA,NA,NA,0,NA,0
"183",8,170,68,68101,"01810000","003018459",68101011,1,41220300,6,1,6,1,NA,NA,NA,0,NA,0
"184",8,170,68,68101,"01860000","001023424",68101026,1,41190300,375,1,0,0,NA,NA,NA,0,NA,0
"185",8,170,68,68121,"00080000","003000511",68121006,1,41229900,1,1,0,0,NA,NA,NA,0,NA,0
"186",8,170,68,68121,"00110000","083000704",68121001,18,41229900,0,0,0,0,NA,NA,NA,0,NA,0
"187",8,170,68,68121,"00440000","083000707",68121001,18,41229900,0,0,0,0,NA,NA,NA,0,NA,0
"188",8,170,68,68121,"00750000","083015612",68121001,18,41190300,0,0,0,0,NA,NA,NA,0,NA,0
"189",8,170,68,68121,"00750000","083015612",68121001,28,41190600,0,0,0,0,NA,NA,NA,0,NA,0
"190",8,170,68,68121,"00750000","083015612",68121001,38,41190500,0,0,0,0,NA,NA,NA,0,NA,0
"191",8,170,68,68121,"00750000","083015612",68121001,48,41220300,0,0,0,0,NA,NA,NA,0,NA,0
"192",8,170,68,68121,"00960000","083000733",68121001,18,42129900,1,1,1,1,NA,NA,NA,0,NA,0
"193",8,170,68,68121,"01080000","083000719",68121001,18,41190300,10,1,0,0,NA,NA,NA,0,NA,0
"194",8,170,68,68121,"01090000","083000727",68121001,18,41229900,0,0,0,0,NA,NA,NA,0,NA,0
"195",8,170,68,68121,"01200000","083000708",68121001,18,41220300,0,0,0,0,NA,NA,NA,0,NA,0
"196",8,170,68,68121,"21610000","003389846",68121008,1,41222300,10,1,4000,1,NA,NA,NA,0,NA,0
"197",8,170,68,68121,"21610000","003389846",68121008,2,41221100,183,1,96,1,NA,NA,NA,0,NA,0
"198",8,170,68,68132,"00110000","085002240",68132001,18,41190200,2,1,2,1,NA,NA,NA,0,NA,0
"199",8,170,68,68132,"00110001","022316462",68132001,1,41190200,2,1,2,1,0,NA,0,0,0,0
"200",8,170,68,68132,"00680000","085007047",68132003,18,41229900,30,1,0,0,NA,NA,NA,0,NA,0
"201",8,170,68,68147,"00030001","060026567",68147015,1,41190300,5000,1,0,0,0,NA,0,0,0,0
"202",8,170,68,68147,"00320000","083017400",68147019,18,41120199,4,1,4,1,NA,NA,NA,0,NA,0
"203",8,170,68,68147,"00320001","060026495",68147019,1,41120199,4,1,4,1,0,NA,0,0,0,0
"204",8,170,68,68147,"00440001","060026799",68147005,1,41190300,0,0,0,0,0,NA,0,0,0,0
"205",8,170,68,68152,"00700000","083014384",68152015,18,41229900,2000,1,2000,1,NA,NA,NA,0,NA,0
"206",8,170,68,68152,"00700001","022550056",68152008,1,41190200,2000,1,2000,1,0,NA,0,0,0,0
"207",8,170,68,68152,"01480000","083014389",68152008,18,41120199,6,1,1,1,NA,NA,NA,0,NA,0
"208",8,170,68,68152,"01740001","022316204",68152017,1,41190200,5,1,0,0,0,NA,0,0,0,0
"209",8,170,68,68152,"02390001","022319170",68152009,1,41190100,12,1,12,1,0,NA,0,0,0,0
"210",8,170,68,68152,"02590001","022318821",68152008,1,41190100,600,1,300,1,0,NA,0,0,0,0
"211",8,170,68,68160,"00650000","083023141",68160003,18,41229900,0,0,0,0,NA,NA,NA,0,NA,0
"212",8,170,68,68162,"00090000","083394128",54174012,18,41229900,20,1,5,1,NA,NA,NA,0,NA,0
"213",8,170,68,68162,"00110000","083394107",54174012,18,41229900,0,0,0,0,NA,NA,NA,0,NA,0
"214",8,170,68,68162,"00120000","083394108",54174012,18,41229900,0,0,0,0,NA,NA,NA,0,NA,0
"215",8,170,68,68162,"00230000","083005862",68162002,18,41190200,1,1,1,1,NA,NA,NA,0,NA,0
"216",8,170,68,68162,"00260000","083394337",68162007,18,41190200,2,1,2,1,NA,NA,NA,0,NA,0
"217",8,170,68,68162,"00330001","022317177",68162002,1,41190200,2,1,3,1,0,NA,0,0,0,0
"218",8,170,68,68162,"00350000","083005860",68162001,18,41190200,1,1,1,1,NA,NA,NA,0,NA,0
"219",8,170,68,68162,"00450000","083394227",68162007,18,41120199,0,0,0,0,NA,NA,NA,0,NA,0
"220",8,170,68,68162,"00460001","022316809",68162005,1,41190100,3,1,2,1,0,NA,0,0,0,0
"221",8,170,68,68162,"00600001","022318781",68162001,1,41190200,20,1,20,1,0,NA,0,0,0,0
"222",8,170,68,68162,"00680000","083005991",68162001,18,41190200,10,1,0,0,NA,NA,NA,0,NA,0
"223",8,170,68,68162,"00830000","083394030",68162007,18,41229900,20,1,20,1,NA,NA,NA,0,NA,0
"224",8,170,68,68162,"00880001","022317205",68162001,1,41190200,5,1,2,1,1,NA,0,0,0,0
"225",8,170,68,68162,"00910000","083005735",68162003,18,41190200,6,1,6,1,NA,NA,NA,0,NA,0
"226",8,170,68,68162,"00990000","083005871",68162002,18,41229900,0,0,0,0,NA,NA,NA,0,NA,0
"227",8,170,68,68162,"00990000","083394213",68162007,18,41190200,6,1,6,1,NA,NA,NA,0,NA,0
"228",8,170,68,68162,"01000000","083394083",68162008,18,41190200,10,1,10,1,NA,NA,NA,0,NA,0
"229",8,170,68,68162,"01070000","083394190",68162005,18,41229900,0,0,0,0,NA,NA,NA,0,NA,0
"230",8,170,68,68162,"01190000","083394334",68162008,18,41229900,90,1,90,1,NA,NA,NA,0,NA,0
"231",8,170,68,68162,"01270000","083394129",68162005,18,41190200,0,0,0,0,NA,NA,NA,0,NA,0
"232",8,170,68,68162,"01290000","083394148",68162005,18,41229900,2,1,0,0,NA,NA,NA,0,NA,0
"233",8,170,68,68162,"01300000","083394025",68162005,18,41190200,2.4,1,0,0,NA,NA,NA,0,NA,0
"234",8,170,68,68162,"01480000","083005882",68162002,18,41190200,1000,1,1,1,NA,NA,NA,0,NA,0
"235",8,170,68,68162,"01600000","083394045",68162007,18,41229900,20,1,6,1,NA,NA,NA,0,NA,0
"236",8,170,68,68162,"01630001","022318784",68162001,1,41190200,10,1,10,1,0,NA,0,0,0,0
"237",8,170,68,68162,"01920001","022316833",68162005,1,41190200,2,1,3,1,0,NA,0,0,0,0
"238",8,170,68,68162,"02090000","083005948",54174028,18,41120199,0,0,0,0,NA,NA,NA,0,NA,0
"239",8,170,68,68162,"02140001","022316762",68162005,1,41190200,25,1,25,1,0,NA,0,0,0,0
"240",8,170,68,68162,"02210000","083005969",68162005,18,41120199,4,1,0.2,1,NA,NA,NA,0,NA,0
"241",8,170,68,68162,"02250000","083005956",68162005,18,41120199,2,1,2,1,NA,NA,NA,0,NA,0
"242",8,170,68,68162,"02660001","022316783",68162005,1,41190100,2,1,2,1,0,NA,0,0,0,0
"243",8,170,68,68167,"00010000","003014927",68167009,1,41220300,100,1,100,1,NA,NA,NA,0,NA,0
"244",8,170,68,68167,"00010000","003014927",68167009,2,41190300,0,0,0,0,NA,NA,NA,0,NA,0
"245",8,170,68,68167,"00030000","003014474",68167019,1,41229900,0,0,0,0,NA,NA,NA,0,NA,0
"246",8,170,68,68167,"00060000","083014788",68167019,18,41120101,2,1,1,1,NA,NA,NA,0,NA,0
"247",8,170,68,68167,"00080000","003015149",68167024,1,42129900,0,0,0,0,NA,NA,NA,0,NA,0
"248",8,170,68,68167,"00610000","083015112",68167009,18,41220400,50,1,0,0,NA,NA,NA,0,NA,0
"249",8,170,68,68167,"00610000","083015112",68167009,28,41190400,600,1,0,0,NA,NA,NA,0,NA,0
"250",8,170,68,68167,"00610000","083015112",68167009,38,41190300,60,1,0,0,NA,NA,NA,0,NA,0
"251",8,170,68,68167,"00640000","003015101",68167009,1,41220300,0,0,0,0,NA,NA,NA,0,NA,0
"252",8,170,68,68167,"00720000","083015061",68167024,18,41229900,300,1,300,1,NA,NA,NA,0,NA,0
"253",8,170,68,68167,"01030000","083014653",68167018,18,41229900,75,1,0,0,NA,NA,NA,0,NA,0
"254",8,170,68,68167,"01039327","060027960",68167007,1,41190300,4,1,4,1,0,NA,0,0,0,0
"255",8,170,68,68167,"01280000","003015168",68167008,1,41190300,0,0,125,1,NA,NA,NA,0,NA,0
"256",8,170,68,68167,"01280000","003015168",68167008,2,41220300,0,0,125,1,NA,NA,NA,0,NA,0
"257",8,170,68,68167,"01320001","060026128",68167007,1,41190300,1,1,1,1,0,NA,0,0,0,0
"258",8,170,68,68167,"01410000","003504307",68167005,1,41229900,0,0,0,0,NA,NA,NA,0,NA,0
"259",8,170,68,68167,"01720001","060443480",68167009,1,41190700,1,1,1,1,0,NA,0,0,0,0
"260",8,170,68,68167,"01930000","003004556",68167024,1,41220300,0,0,0,0,NA,NA,NA,0,NA,0
"261",8,170,68,68167,"03250001","060443413",68167007,1,41229900,50,1,25,1,0,NA,0,0,0,0
"262",8,170,68,68169,"00050001","022318099",68169002,1,41190100,0,0,0,0,0,NA,0,0,0,0
"263",8,170,68,68169,"00260001","022319371",68820004,1,41220600,3,1,2,1,0,NA,0,0,0,0
"264",8,170,68,68169,"00370001","022318095",68169002,1,41190100,2,1,1,1,0,NA,0,0,0,0
"265",8,170,68,68169,"00448886","022319375",68169012,1,41190100,20,1,10,1,0,NA,0,0,0,0
"266",8,170,68,68169,"01364939","022552088",68169014,1,41190100,1,1,0,0,0,NA,0,0,0,0
"267",8,170,68,68190,"00130000","003083426",68190015,1,41190900,0,0,0,0,NA,NA,NA,0,NA,0
"268",8,170,68,68190,"00130000","003083426",68190015,2,41190300,0,0,0,0,NA,NA,NA,0,NA,0
"269",8,170,68,68190,"00130000","003083426",68190015,3,41120101,0,0,0,0,NA,NA,NA,0,NA,0
"270",8,170,68,68190,"00280000","003083393",68190014,1,41190600,0,0,0,0,NA,NA,NA,0,NA,0
"271",8,170,68,68190,"00300000","002459041",68190025,1,41190300,0,0,250,1,NA,NA,NA,0,NA,0
"272",8,170,68,68190,"00300000","003018345",68190021,1,41229900,0,0,0,0,NA,NA,NA,0,NA,0
"273",8,170,68,68190,"00300000","003083548",68190014,1,41190600,0,0,0,0,NA,NA,NA,0,NA,0
"274",8,170,68,68190,"00310000","003083546",68190014,1,41190600,0,0,0,0,NA,NA,NA,0,NA,0
"275",8,170,68,68190,"00310000","003083546",68190014,2,41190900,0,0,0,0,NA,NA,NA,0,NA,0
"276",8,170,68,68190,"00310000","003083546",68190014,3,41221000,0,0,0,0,NA,NA,NA,0,NA,0
"277",8,170,68,68190,"00320000","003083545",68190014,1,41190600,0,0,0,0,NA,NA,NA,0,NA,0
"278",8,170,68,68190,"00320000","003083545",68190014,2,41120101,0,0,0,0,NA,NA,NA,0,NA,0
"279",8,170,68,68190,"00320000","003083545",68190014,3,41190900,0,0,0,0,NA,NA,NA,0,NA,0
"280",8,170,68,68190,"00340001","060028348",68190016,1,41229900,10,1,15,1,0,NA,0,0,0,0
"281",8,170,68,68190,"00350000","003002003",68385021,1,41229900,0,0,0,0,NA,NA,NA,0,NA,0
"282",8,170,68,68190,"00380000","003083439",68190014,1,41190600,0,0,0,0,NA,NA,NA,0,NA,0
"283",8,170,68,68190,"00390000","003083438",68190014,1,41190600,0,0,0,0,NA,NA,NA,0,NA,0
"284",8,170,68,68190,"00390000","003083438",68190014,2,41221000,0,0,0,0,NA,NA,NA,0,NA,0
"285",8,170,68,68190,"00390000","003083438",68190014,3,41190900,0,0,0,0,NA,NA,NA,0,NA,0
"286",8,170,68,68190,"00470000","003002013",68385021,1,41190300,500,1,500,1,NA,NA,NA,0,NA,0
"287",8,170,68,68190,"00770000","003002755",68190010,1,41190600,0,0,0,0,NA,NA,NA,0,NA,0
"288",8,170,68,68190,"00770000","003002755",68190010,2,41221000,0,0,0,0,NA,NA,NA,0,NA,0
"289",8,170,68,68190,"00920001","060028265",68190017,1,41222200,60,1,70,1,0,NA,0,0,0,0
"290",8,170,68,68190,"01030000","003018356",68190027,1,41221000,10,1,20,1,NA,NA,NA,0,NA,0
"291",8,170,68,68190,"01130001","060028707",68190002,3,41190600,20,1,20,1,0,NA,0,0,0,0
"292",8,170,68,68190,"01410000","003002756",68190010,1,41190600,0,0,0,0,NA,NA,NA,0,NA,0
"293",8,170,68,68190,"01410000","003002756",68190010,2,41120101,0,0,0,0,NA,NA,NA,0,NA,0
"294",8,170,68,68190,"01660000","003083436",68190014,1,41190600,0,0,0,0,NA,NA,NA,0,NA,0
"295",8,170,68,68190,"01660000","003083436",68190014,2,41120101,0,0,0,0,NA,NA,NA,0,NA,0
"296",8,170,68,68190,"01660000","003083436",68190014,3,41190900,0,0,0,0,NA,NA,NA,0,NA,0
"297",8,170,68,68190,"01770000","003083549",68190014,1,41190600,0,0,0,0,NA,NA,NA,0,NA,0
"298",8,170,68,68190,"01770000","003083549",68190014,2,41221000,0,0,0,0,NA,NA,NA,0,NA,0
"299",8,170,68,68190,"01770000","003083549",68190014,3,41190900,0,0,0,0,NA,NA,NA,0,NA,0
"300",8,170,68,68190,"02000000","003001579",68190028,1,41190600,5,1,7,1,NA,NA,NA,0,NA,0
"301",8,170,68,68190,"02000001","060028289",68190028,1,41190600,5,1,7,1,0,NA,0,0,0,0
"302",8,170,68,68190,"04040000","003001228",68190027,1,41190300,60,1,50,1,NA,NA,NA,0,NA,0
"303",8,170,68,68207,"00420000","003011985",68207004,1,41229900,0,0,0,0,NA,NA,NA,0,NA,0
"304",8,170,68,68207,"00600001","022330846",68207004,1,41190200,1,1,0,0,0,NA,0,0,0,0
"305",8,170,68,68207,"00700000","003012101",68207004,1,41229900,30,1,30,1,NA,NA,NA,0,NA,0
"306",8,170,68,68207,"00700001","022331529",68207004,1,41190100,30,1,10,1,0,NA,0,0,0,0
"307",8,170,68,68207,"00820001","022345274",68207004,1,41120199,0,0,0,0,0,NA,0,0,0,0
"308",8,170,68,68207,"00830000","003012058",68207004,1,42129900,1,1,1,1,NA,NA,NA,0,NA,0
"309",8,170,68,68207,"00830001","022345275",68207004,1,42129900,1,1,1,1,0,NA,0,0,0,0
"310",8,170,68,68207,"00980001","022345279",68207004,1,42129900,1,1,1,1,0,NA,0,0,0,0
"311",8,170,68,68207,"01000000","003012097",68207004,1,41229900,20,1,20,1,NA,NA,NA,0,NA,0
"312",8,170,68,68207,"01000001","022331517",68207004,1,41229900,20,1,20,1,0,NA,0,0,0,0
"313",8,170,68,68207,"01240000","083011948",68207005,18,41190400,500,1,500,1,NA,NA,NA,0,NA,0
"314",8,170,68,68207,"01300000","003012154",68207004,1,41229900,50,1,50,1,NA,NA,NA,0,NA,0
"315",8,170,68,68207,"01300001","022330987",68207004,1,41190200,50,1,50,1,0,NA,0,0,0,0
"316",8,170,68,68207,"01320000","003012034",68207004,1,41120199,0,0,5,1,NA,NA,NA,0,NA,0
"317",8,170,68,68207,"01320001","022331014",68207004,1,41190200,50,1,50,1,0,NA,0,0,0,0
"318",8,170,68,68207,"01560001","022330865",68207004,1,41190200,2,1,0,0,0,NA,0,0,0,0
"319",8,170,68,68207,"01770001","022550292",68207004,1,41120199,1,1,0,0,0,NA,0,0,0,0
"320",8,170,68,68207,"01790000","003012005",68207004,1,41120199,1,1,0,0,NA,NA,NA,0,NA,0
"321",8,170,68,68207,"01790001","022550299",68207004,1,42129900,1,1,1,1,0,NA,0,0,0,0
"322",8,170,68,68207,"01820000","003012089",68207004,1,41229900,15,1,15,1,NA,NA,NA,0,NA,0
"323",8,170,68,68207,"01890000","003012039",68207009,1,41190200,100,1,100,1,NA,NA,NA,0,NA,0
"324",8,170,68,68207,"02170001","022345280",68207004,1,42129900,1,1,1,1,0,NA,0,0,0,0
"325",8,170,68,68207,"02340000","003012001",68207004,1,41229900,0,0,0,0,NA,NA,NA,0,NA,0
"326",8,170,68,68209,"00290000","089001640",68209008,18,41220300,100,1,0,0,NA,NA,NA,0,NA,0
"327",8,170,68,68209,"00990000","083509473",68500016,18,41120199,0,0,0,0,NA,NA,NA,0,NA,0
"328",8,170,68,68211,"00120000","083005514",68211010,18,41190300,0,0,0,0,NA,NA,NA,0,NA,0
"329",8,170,68,68211,"00140000","083005580",68211006,18,41229900,6,1,7,1,NA,NA,NA,0,NA,0
"330",8,170,68,68211,"00330000","083005520",68211007,18,41190600,11,1,8,1,NA,NA,NA,0,NA,0
"331",8,170,68,68211,"00400000","083005563",68211007,18,41120101,10,1,10,1,NA,NA,NA,0,NA,0
"332",8,170,68,68211,"00470000","083005540",68211007,18,41220600,5,1,10,1,NA,NA,NA,0,NA,0
"333",8,170,68,68217,"00110001","060029948",68217014,1,41229900,0,0,2,1,0,NA,0,0,0,0
"334",8,170,68,68217,"00270001","060029865",68217017,1,41229900,380,1,70,1,0,NA,0,0,0,0
"335",8,170,68,68217,"00340000","001651823",68167007,1,41229900,0,0,0,0,NA,NA,NA,0,NA,0
"336",8,170,68,68217,"00560000","083021981",68217010,18,41190100,0,0,0,0,NA,NA,NA,0,NA,0
"337",8,170,68,68217,"00670000","083021913",68217010,18,41190700,0,0,0,0,NA,NA,NA,0,NA,0
"338",8,170,68,68217,"00670000","083021913",68217010,28,41120199,0,0,0,0,NA,NA,NA,0,NA,0
"339",8,170,68,68217,"00960001","060445245",68217009,1,41190500,500,1,500,1,0,NA,0,0,0,0
"340",8,170,68,68217,"01130001","060033339",68217020,1,41190100,2,1,2,1,0,NA,0,0,0,0
"341",8,170,68,68217,"01260001","060444203",68217015,1,41190600,40,1,60,1,0,NA,0,0,0,0
"342",8,170,68,68217,"01330001","060444202",68217015,1,41190600,2.08,1,3,1,0,NA,0,0,0,0
"343",8,170,68,68217,"01810001","060030150",68217002,1,41220900,1,1,1,1,0,NA,0,0,0,0
"344",8,170,68,68217,"02010001","060445512",68217007,1,41190600,20,1,100,1,0,NA,0,0,0,0
"345",8,170,68,68229,"00014103","060034313",68229014,1,41190500,20,1,0,0,0,NA,0,0,0,0
"346",8,170,68,68229,"00020001","060030698",68229017,1,41190300,300,1,500,1,0,NA,0,0,0,0
"347",8,170,68,68229,"00030000","002101314",68229008,1,41190300,25,1,0,0,NA,NA,NA,0,NA,0
"348",8,170,68,68229,"00030000","002101314",68229008,2,41220300,25,1,0,0,NA,NA,NA,0,NA,0
"349",8,170,68,68229,"00030001","060446912",68229008,1,41190300,25,1,25,1,0,NA,0,0,0,0
"350",8,170,68,68229,"00040000","003013975",68229017,1,41190300,10,1,0,0,NA,NA,NA,0,NA,0
"351",8,170,68,68229,"00050000","083013804",68229014,18,41190300,250,1,0,0,NA,NA,NA,0,NA,0
"352",8,170,68,68229,"00080000","082177984",68229008,18,41190400,400,1,0,0,NA,NA,NA,0,NA,0
"353",8,170,68,68229,"00080000","082177984",68229008,28,41190300,400,1,0,0,NA,NA,NA,0,NA,0
"354",8,170,68,68229,"00080001","060034579",68229008,1,41190300,400,1,0,0,0,NA,0,0,0,0
"355",8,170,68,68229,"00110000","083013935",68229014,18,41229900,0,0,0,0,NA,NA,NA,0,NA,0
"356",8,170,68,68229,"00120001","060446506",68229010,1,41190300,3600,1,3500,1,0,NA,0,0,0,0
"357",8,170,68,68229,"00140000","083013933",68229014,18,41190400,6,1,0,0,NA,NA,NA,0,NA,0
"358",8,170,68,68229,"00150001","060030612",68229003,1,41190300,0,0,300,1,0,NA,0,0,0,0
"359",8,170,68,68229,"00160001","060447185",68229010,1,41190300,2500,1,0,0,0,NA,0,0,0,0
"360",8,170,68,68229,"00220000","003013833",68229001,1,41190300,130,1,0,0,NA,NA,NA,0,NA,0
"361",8,170,68,68229,"00220000","003013833",68229001,2,41190500,120,1,0,0,NA,NA,NA,0,NA,0
"362",8,170,68,68229,"00250001","060034195",68229011,1,41190300,200,1,350,1,0,NA,0,0,0,0
"363",8,170,68,68229,"00280000","003004726",68229017,1,41190300,500,1,0,0,NA,NA,NA,0,NA,0
"364",8,170,68,68229,"00320001","060030523",68229015,1,41190500,1,1,1,1,0,NA,0,0,0,0
"365",8,170,68,68229,"00320001","060030669",68229017,1,41190300,0,0,0,0,0,NA,0,0,0,0
"366",8,170,68,68229,"00400001","060033681",68229008,2,41190400,150,1,80,1,0,NA,0,0,0,0
"367",8,170,68,68229,"00570001","060034208",68229011,1,41190300,20,1,20,1,0,NA,0,0,0,0
"368",8,170,68,68229,"00576847","060034209",68229011,1,41190300,0,0,0,0,0,NA,0,0,0,0
"369",8,170,68,68229,"00590001","060446902",68229008,1,41190300,100,1,0,0,0,NA,0,0,0,0
"370",8,170,68,68229,"00595635","060030521",68229015,1,41229900,5,1,5,1,0,NA,0,0,0,0
"371",8,170,68,68229,"00600001","060029999",68229011,2,41120104,13,1,0,0,0,NA,0,0,0,0
"372",8,170,68,68229,"00620001","060033219",68229014,1,41190300,6,1,6,1,0,NA,0,0,0,0
"373",8,170,68,68229,"00660000","003013640",68229012,1,41190300,10,1,10,1,NA,NA,NA,0,NA,0
"374",8,170,68,68229,"00660000","003013640",68229012,2,41190700,1,1,1,1,NA,NA,NA,0,NA,0
"375",8,170,68,68229,"00660001","060033956",68229012,1,41190700,10,1,10,1,0,NA,0,0,0,0
"376",8,170,68,68229,"00730001","060034310",68229014,1,41190300,30,1,0,0,0,NA,0,0,0,0
"377",8,170,68,68229,"01172706","060034899",68229011,1,41190300,0,0,0,0,0,NA,0,0,0,0
"378",8,170,68,68229,"01180001","060034215",68229011,1,41190300,250,1,250,1,0,NA,0,0,0,0
"379",8,170,68,68229,"01203540","060029997",68229011,1,41190400,300,1,0,0,0,NA,0,0,0,0
"380",8,170,68,68229,"01290001","060034902",68229011,1,41190300,250,1,0,0,0,NA,0,0,0,0
"381",8,170,68,68229,"01520001","060032932",68229015,1,41221000,500,1,0,0,0,NA,0,0,0,0
"382",8,170,68,68229,"01770854","060033977",68229015,1,41190400,300,1,300,1,0,NA,0,0,0,0
"383",8,170,68,68229,"01840001","060033960",68229015,1,41190300,20,1,20,1,0,NA,0,0,0,0
"384",8,170,68,68229,"02680001","060030592",68229015,1,41190300,10,1,230,1,0,NA,0,0,0,0
"385",8,170,68,68229,"02890001","060033216",68229015,1,41190300,0,0,100,1,0,NA,0,0,0,0
"386",8,170,68,68229,"03340001","060030665",68229015,1,41190300,12,1,0,0,0,NA,0,0,0,0
"387",8,170,68,68229,"04290001","060033350",68229015,1,41190700,10,1,10,1,0,NA,0,0,0,0
"388",8,170,68,68229,"05644118","060032248",68229015,1,41190300,10,1,0,0,0,NA,0,0,0,0
"389",8,170,68,68235,"00040000","083020813",68235022,18,41190300,10,1,0,0,NA,NA,NA,0,NA,0
"390",8,170,68,68235,"00040000","083020813",68235022,28,41220300,10,1,0,0,NA,NA,NA,0,NA,0
"391",8,170,68,68235,"00040000","083020813",68235022,38,41190600,10,1,0,0,NA,NA,NA,0,NA,0
"392",8,170,68,68235,"00040000","083020813",68235022,48,41120199,2.5,1,0,0,NA,NA,NA,0,NA,0
"393",8,170,68,68235,"00080000","083019114",68235054,18,41120199,0,0,1,1,NA,NA,NA,0,NA,0
"394",8,170,68,68235,"00330000","003497683",68235004,1,41190300,0,0,0,0,NA,NA,NA,0,NA,0
"395",8,170,68,68235,"00620000","083020830",68235056,18,41190300,1000,1,0,0,NA,NA,NA,0,NA,0
"396",8,170,68,68235,"00660000","083020835",68235056,18,41190300,1000,1,0,0,NA,NA,NA,0,NA,0
"397",8,170,68,68235,"00730000","003019356",68235047,1,41229900,1,1,1,1,NA,NA,NA,0,NA,0
"398",8,170,68,68235,"01390000","003019076",68235005,1,41220300,1,1,1,1,NA,NA,NA,0,NA,0
"399",8,170,68,68235,"01480000","083020825",68235019,18,41190300,7000,1,0,0,NA,NA,NA,0,NA,0
"400",8,170,68,68235,"01480000","083020825",68235019,28,41220300,2800,1,0,0,NA,NA,NA,0,NA,0
"401",8,170,68,68235,"01960000","003004546",68235005,1,41190300,2,1,2,1,NA,NA,NA,0,NA,0
"402",8,170,68,68235,"02660000","003021085",68235041,1,41229900,200,1,0,0,NA,NA,NA,0,NA,0
"403",8,170,68,68235,"03770000","083019596",68235001,18,41190300,1,1,1,1,NA,NA,NA,0,NA,0
"404",8,170,68,68245,"00580000","003045696",68245011,1,41190600,0,0,0,0,NA,NA,NA,0,NA,0
"405",8,170,68,68245,"00580000","003045696",68245011,2,41120103,0,0,0,0,NA,NA,NA,0,NA,0
"406",8,170,68,68245,"00580000","003045696",68245011,3,41221100,0,0,0,0,NA,NA,NA,0,NA,0
"407",8,170,68,68250,"00320000","088040697",68250002,18,41190600,1,1,1,1,NA,NA,NA,0,NA,0
"408",8,170,68,68250,"00320000","088040697",68250002,28,41220300,1,1,1,1,NA,NA,NA,0,NA,0
"409",8,170,68,68250,"00390000","083040536",68250002,18,41190300,10,1,0,0,NA,NA,NA,0,NA,0
"410",8,170,68,68250,"01240000","083023219",68250002,18,41190300,0,0,0,0,NA,NA,NA,0,NA,0
"411",8,170,68,68250,"01550000","083023949",68250018,18,41190300,700,1,0,0,NA,NA,NA,0,NA,0
"412",8,170,68,68250,"01550000","083023949",68250018,28,41190400,1,1,0,0,NA,NA,NA,0,NA,0
"413",8,170,68,68250,"03240000","088040652",68250018,18,41229900,0,0,0,0,NA,NA,NA,0,NA,0
"414",8,170,68,68250,"03320000","083023950",68250002,18,41190600,1,1,0,0,NA,NA,NA,0,NA,0
"415",8,170,68,68250,"03320000","083023950",68250002,28,41229900,2,1,0,0,NA,NA,NA,0,NA,0
"416",8,170,68,68250,"03410000","083040566",68250018,18,41229900,0,0,0,0,NA,NA,NA,0,NA,0
"417",8,170,68,68255,"00010000","003041574",68255012,1,41190600,10,1,0,0,NA,NA,NA,0,NA,0
"418",8,170,68,68255,"00010000","003059279",68255012,1,41190600,1,1,1,1,NA,NA,NA,0,NA,0
"419",8,170,68,68255,"00120000","003041258",68255004,1,41229900,1.5,1,1.5,1,NA,NA,NA,0,NA,0
"420",8,170,68,68255,"00120000","003041258",68255004,2,41220300,125,1,125,1,NA,NA,NA,0,NA,0
"421",8,170,68,68255,"00120000","003041258",68255004,3,41190600,7.5,1,7.5,1,NA,NA,NA,0,NA,0
"422",8,170,68,68255,"00140001","060030312",68255003,1,41190300,60,1,0,0,0,NA,0,0,0,0
"423",8,170,68,68255,"00150000","003041348",68255012,1,41220900,9,1,9,1,NA,NA,NA,0,NA,0
"424",8,170,68,68255,"00190000","003406646",68255014,1,41229900,375,1,0,0,NA,NA,NA,0,NA,0
"425",8,170,68,68255,"00400000","003413351",68255001,1,41190600,25,1,0,0,NA,NA,NA,0,NA,0
"426",8,170,68,68255,"00410000","003041403",68255005,1,41220700,0,0,0,0,NA,NA,NA,0,NA,0
"427",8,170,68,68255,"00410000","003041403",68255005,2,41220300,0,0,0,0,NA,NA,NA,0,NA,0
"428",8,170,68,68255,"00460000","009992392",68255001,1,41190600,12,1,0,0,NA,NA,NA,0,NA,0
"429",8,170,68,68255,"00480001","060030048",68255011,1,41190600,25,1,25,1,0,NA,0,0,0,0
"430",8,170,68,68255,"00510000","003074203",68255001,1,41229900,100,1,0.01,1,NA,NA,NA,0,NA,0
"431",8,170,68,68255,"00520000","003406627",68255012,1,41190300,10,1,0,0,NA,NA,NA,0,NA,0
"432",8,170,68,68255,"00530000","009992394",68255001,1,41190600,12,1,0,0,NA,NA,NA,0,NA,0
"433",8,170,68,68255,"00540000","003041565",68255005,1,41190600,500,1,0,0,NA,NA,NA,0,NA,0
"434",8,170,68,68255,"00540000","003041565",68255005,2,41190900,500,1,0,0,NA,NA,NA,0,NA,0
"435",8,170,68,68255,"00540000","003406766",68255014,1,41190600,6,1,6,1,NA,NA,NA,0,NA,0
"436",8,170,68,68255,"00540000","003406766",68255014,2,41229900,6,1,6,1,NA,NA,NA,0,NA,0
"437",8,170,68,68255,"00560000","003041370",68255014,1,41190600,12.5,1,0,0,NA,NA,NA,0,NA,0
"438",8,170,68,68255,"00570000","009992393",68255001,1,41190600,12,1,0,0,NA,NA,NA,0,NA,0
"439",8,170,68,68255,"00580000","006825107",68255010,1,41220700,40,1,0.2,1,NA,NA,NA,0,NA,0
"440",8,170,68,68255,"00610000","003059249",68255012,1,41190600,2.5,1,0,0,NA,NA,NA,0,NA,0
"441",8,170,68,68255,"00610000","003059249",68255012,2,41229900,2.5,1,0,0,NA,NA,NA,0,NA,0
"442",8,170,68,68255,"00610000","003059249",68255012,3,41220300,1.5,1,0,0,NA,NA,NA,0,NA,0
"443",8,170,68,68255,"00610000","003413290",68255005,1,41190600,2,1,3,1,NA,NA,NA,0,NA,0
"444",8,170,68,68255,"00610000","003413290",68255005,2,41190400,2,1,1,1,NA,NA,NA,0,NA,0
"445",8,170,68,68255,"00630000","003413287",68255014,1,41190600,25,1,25,1,NA,NA,NA,0,NA,0
"446",8,170,68,68255,"00630000","009992425",54128028,1,41220900,3,1,0,0,NA,NA,NA,0,NA,0
"447",8,170,68,68255,"00640000","009992390",54128028,1,41190600,5,1,0,0,NA,NA,NA,0,NA,0
"448",8,170,68,68255,"00640000","009992390",54128028,2,41229900,1,1,0,0,NA,NA,NA,0,NA,0
"449",8,170,68,68255,"00680000","003413344",68255014,1,41190600,25,1,0,0,NA,NA,NA,0,NA,0
"450",8,170,68,68255,"00810000","003056696",68255011,1,41190600,30,1,30,1,NA,NA,NA,0,NA,0
"451",8,170,68,68255,"00810000","003056696",68255011,2,41229900,6,1,6,1,NA,NA,NA,0,NA,0
"452",8,170,68,68255,"00874444","060592989",68255011,1,41220700,50,1,50,1,0,NA,0,0,0,0
"453",8,170,68,68255,"00970000","009991800",68255014,1,41190600,200,1,0,0,NA,NA,NA,0,NA,0
"454",8,170,68,68255,"00970000","009991800",68255014,2,41220300,75,1,0,0,NA,NA,NA,0,NA,0
"455",8,170,68,68255,"01220000","003413361",68255001,1,41190600,125,1,0,0,NA,NA,NA,0,NA,0
"456",8,170,68,68255,"01220000","003413361",68255001,2,41220300,125,1,0,0,NA,NA,NA,0,NA,0
"457",8,170,68,68255,"01240000","003074240",68255001,1,41229900,4500,1,0,0,NA,NA,NA,0,NA,0
"458",8,170,68,68255,"01340000","003041492",68255006,1,41120101,10.2,1,11.1,1,NA,NA,NA,0,NA,0
"459",8,170,68,68255,"01430001","060592983",68255006,1,41220700,20,1,30,1,0,NA,0,0,0,0
"460",8,170,68,68255,"01440000","003413279",68255014,1,41190600,30,1,0,0,NA,NA,NA,0,NA,0
"461",8,170,68,68255,"01500000","006825583",68255014,1,41190600,150,1,0,0,NA,NA,NA,0,NA,0
"462",8,170,68,68255,"01570000","009992542",68255007,1,41229900,0,0,0,0,NA,NA,NA,0,NA,0
"463",8,170,68,68255,"01620000","009993204",68255007,1,41190600,6,1,0,0,NA,NA,NA,0,NA,0
"464",8,170,68,68255,"01990000","003041223",68255011,1,41190600,1,1,7.5,1,NA,NA,NA,0,NA,0
"465",8,170,68,68255,"01990000","003041223",68255011,2,41229900,1,1,0.6,1,NA,NA,NA,0,NA,0
"466",8,170,68,68255,"01990000","003041223",68255011,3,41220300,1,1,75,1,NA,NA,NA,0,NA,0
"467",8,170,68,68255,"02160001","060030306",68255011,1,41220700,0,0,500,1,0,NA,0,0,0,0
"468",8,170,68,68255,"02550000","003406517",68255012,1,41190300,0.4,1,1200,1,NA,NA,NA,0,NA,0
"469",8,170,68,68255,"02550000","003406517",68255012,2,41190400,0.4,1,250,1,NA,NA,NA,0,NA,0
"470",8,170,68,68255,"04060000","003041535",68255012,1,41220300,312.5,1,25,1,NA,NA,NA,0,NA,0
"471",8,170,68,68255,"04100000","003413276",68255011,1,41190600,150,1,0,0,NA,NA,NA,0,NA,0
"472",8,170,68,68255,"04680000","003041326",68255011,1,41221000,30,1,30,1,NA,NA,NA,0,NA,0
"473",8,170,68,68255,"04950000","003041573",68255012,1,41220300,2,1,0,0,NA,NA,NA,0,NA,0
"474",8,170,68,68255,"04950000","003041573",68255012,2,41222500,2,1,0,0,NA,NA,NA,0,NA,0
"475",8,170,68,68255,"04950000","003041573",68255012,3,41229900,15,1,0,0,NA,NA,NA,0,NA,0
"476",8,170,68,68255,"05160001","060030287",68255011,1,41190300,2,1,2,1,0,NA,0,0,0,0
"477",8,170,68,68264,"00030000","083003100",68264003,18,41220700,1,1,0,0,NA,NA,NA,0,NA,0
"478",8,170,68,68264,"00030000","083003100",68264003,28,41229900,1,1,0,0,NA,NA,NA,0,NA,0
"479",8,170,68,68264,"00210000","003002883",68264008,1,41220900,1.5,1,0,0,NA,NA,NA,0,NA,0
"480",8,170,68,68264,"00280000","083002920",68264003,18,41220900,10,1,6,1,NA,NA,NA,0,NA,0
"481",8,170,68,68264,"00640001","060032502",68264001,1,41120199,2,1,0,0,0,NA,0,0,0,0
"482",8,170,68,68264,"00650001","060030893",68264006,1,41190700,1,1,1,1,0,NA,0,0,0,0
"483",8,170,68,68264,"01060000","003003053",68264006,1,41220900,3,1,0,0,NA,NA,NA,0,NA,0
"484",8,170,68,68264,"01080000","003002954",68264003,1,41220700,10,1,0,0,NA,NA,NA,0,NA,0
"485",8,170,68,68264,"01080000","003002954",68264003,2,41229900,5,1,0,0,NA,NA,NA,0,NA,0
"486",8,170,68,68264,"01310001","060032506",68264001,1,41229900,2,1,2,1,0,NA,0,0,0,0
"487",8,170,68,68264,"02630000","003002940",68264002,1,41229900,0,0,0,0,NA,NA,NA,0,NA,0
"488",8,170,68,68264,"02970000","083016736",68264002,18,41190200,3,1,2,1,NA,NA,NA,0,NA,0
"489",8,170,68,68264,"03420000","003003156",68264004,1,41229900,1,1,0,0,NA,NA,NA,0,NA,0
"490",8,170,68,68264,"03420000","003003156",68264004,2,41220900,2,1,0,0,NA,NA,NA,0,NA,0
"491",8,170,68,68264,"03550000","003003058",68264003,1,41220900,500,1,0,0,NA,NA,NA,0,NA,0
"492",8,170,68,68266,"00430000","003016032",68266001,1,41220900,1,1,1,1,NA,NA,NA,0,NA,0
"493",8,170,68,68266,"00570000","083010052",68266006,18,41220900,0,0,0,0,NA,NA,NA,0,NA,0
"494",8,170,68,68266,"00730000","083010088",68266009,18,41229900,0,0,20,1,NA,NA,NA,0,NA,0
"495",8,170,68,68266,"00840000","083010084",68266006,18,41229900,10,1,10,1,NA,NA,NA,0,NA,0
"496",8,170,68,68271,"00240000","083038721",68271013,18,41190400,0,0,420,1,NA,NA,NA,0,NA,0
"497",8,170,68,68271,"00270000","083038419",68271004,18,41229900,0,0,0,0,NA,NA,NA,0,NA,0
"498",8,170,68,68271,"00320000","083038425",68271029,18,41220600,6.25,1,6.25,1,NA,NA,NA,0,NA,0
"499",8,170,68,68271,"00320000","083038425",68271029,28,41190600,0,0,0,0,NA,NA,NA,0,NA,0
"500",8,170,68,68271,"00470001","060561313",68271004,1,41190100,20,1,23,1,0,NA,0,0,0,0
"501",8,170,68,68271,"00560000","083038765",68271013,18,42129900,0,0,100,1,NA,NA,NA,0,NA,0
"502",8,170,68,68271,"00690000","083038707",68271013,18,41190500,250,1,0,0,NA,NA,NA,0,NA,0
"503",8,170,68,68271,"01160000","083038517",68271004,18,41229900,0,0,0,0,NA,NA,NA,0,NA,0
"504",8,170,68,68271,"01590000","083038519",68271004,18,41229900,0,0,0,0,NA,NA,NA,0,NA,0
"505",8,170,68,68276,"00100001","022550690",68276006,1,41120199,0,0,0,0,0,NA,0,0,0,0
"506",8,170,68,68276,"00640001","022316336",68276002,1,41120199,5,1,2,1,0,NA,0,0,0,0
"507",8,170,68,68276,"00790001","022315986",68276002,1,41190300,100,1,0,0,0,NA,0,0,0,0
"508",8,170,68,68276,"01230001","022346263",68276008,1,41190300,0,0,0,0,0,NA,0,0,0,0
"509",8,170,68,68276,"03260001","022726325",68276007,1,41120101,1,1,2,1,0,NA,0,0,0,0
"510",8,170,68,68296,"00270000","083016629",68296007,18,41229900,1,1,0,0,NA,NA,NA,0,NA,0
"511",8,170,68,68296,"00830000","083038031",68296007,18,41220600,3,1,3,1,NA,NA,NA,0,NA,0
"512",8,170,68,68296,"00830000","083038031",68296007,28,41120101,3,1,3,1,NA,NA,NA,0,NA,0
"513",8,170,68,68296,"00830000","083038031",68296007,38,41229900,3,1,3,1,NA,NA,NA,0,NA,0
"514",8,170,68,68296,"01540000","083038001",68296008,28,41120101,4.5,1,0,0,NA,NA,NA,0,NA,0
"515",8,170,68,68296,"01540000","083038001",68296008,38,41220600,1.5,1,2,1,NA,NA,NA,0,NA,0
"516",8,170,68,68298,"00090000","083047631",68298020,18,41120199,10,1,0,0,NA,NA,NA,0,NA,0
"517",8,170,68,68298,"00170000","083047628",68298020,18,41229900,0,0,0,0,NA,NA,NA,0,NA,0
"518",8,170,68,68298,"00450000","083047625",68298020,18,41229900,250,1,0,0,NA,NA,NA,0,NA,0
"519",8,170,68,68298,"00690000","083047627",68298020,18,42129900,100,1,100,1,NA,NA,NA,0,NA,0
"520",8,170,68,68298,"00750000","082195002",68298016,18,41190400,2,1,0,0,NA,NA,NA,0,NA,0
"521",8,170,68,68298,"00860000","082194820",68298007,18,41220300,1,1,1,1,NA,NA,NA,0,NA,0
"522",8,170,68,68298,"01590000","083059792",68298013,18,41190300,75,1,0,0,NA,NA,NA,0,NA,0
"523",8,170,68,68307,"00020000","083042082",68307002,18,41190300,187.5,1,187.5,1,NA,NA,NA,0,NA,0
"524",8,170,68,68307,"00020000","083051605",68307013,18,41229900,30,1,30,1,NA,NA,NA,0,NA,0
"525",8,170,68,68307,"00130001","060031751",68307008,1,41190300,1000,1,0,0,0,NA,0,0,0,0
"526",8,170,68,68307,"00140000","083051741",68307008,18,41190600,75,1,0,0,NA,NA,NA,0,NA,0
"527",8,170,68,68307,"00140001","060031542",68307008,1,41190600,50,1,0,0,0,NA,0,0,0,0
"528",8,170,68,68307,"00150001","060593997",68307007,1,41190300,50,1,50,1,0,NA,0,0,0,0
"529",8,170,68,68307,"00180000","083051677",68307008,18,41229900,500,1,500,1,NA,NA,NA,0,NA,0
"530",8,170,68,68307,"00250000","083054822",68307010,18,41190300,37.5,1,0,0,NA,NA,NA,0,NA,0
"531",8,170,68,68307,"00250000","083054822",68307010,28,42129900,37.5,1,1,1,NA,NA,NA,0,NA,0
"532",8,170,68,68307,"00250000","083054822",68307010,38,41190600,37.5,1,0,0,NA,NA,NA,0,NA,0
"533",8,170,68,68307,"00250001","060034399",68307010,1,41190300,37.5,1,37.5,1,0,NA,0,0,0,0
"534",8,170,68,68307,"00330000","083054831",68307009,18,41229900,0,0,0,0,NA,NA,NA,0,NA,0
"535",8,170,68,68307,"00370001","060032366",68307013,1,41190600,1,1,1,1,0,NA,0,0,0,0
"536",8,170,68,68307,"00560000","083054827",68307009,18,41229900,0,0,0,0,NA,NA,NA,0,NA,0
"537",8,170,68,68307,"00640000","083042385",68307012,18,41190300,0,0,0,0,NA,NA,NA,0,NA,0
"538",8,170,68,68307,"00940001","060034410",68307010,1,41190300,10,1,6,1,0,NA,0,0,0,0
"539",8,170,68,68307,"01180001","060034655",68307013,1,41190300,300,1,400,1,0,NA,0,0,0,0
"540",8,170,68,68307,"01340001","060445094",68307003,1,41190300,10,1,10,1,0,NA,0,0,0,0
"541",8,170,68,68307,"01370001","060031241",68307011,1,41190600,1500,1,0,0,0,NA,0,0,0,0
"542",8,170,68,68307,"01530001","060445119",68307011,1,41120103,3,1,3,1,0,NA,0,0,0,0
"543",8,170,68,68307,"01850001","060034833",68307012,1,41221200,0,0,6,1,0,NA,0,0,0,0
"544",8,170,68,68307,"01960001","060032670",68307003,1,41190600,200,1,200,1,0,NA,0,0,0,0
"545",8,170,68,68307,"01970000","083051919",68307002,18,41190300,125,1,125,1,NA,NA,NA,0,NA,0
"546",8,170,68,68307,"02040001","060034802",68307002,1,41190600,2,1,3,1,0,NA,0,0,0,0
"547",8,170,68,68307,"02760001","060034874",68307012,1,41190300,0,0,2,1,0,NA,0,0,0,0
"548",8,170,68,68307,"02900000","083051790",68307013,18,41190300,25,1,10,1,NA,NA,NA,0,NA,0
"549",8,170,68,68307,"03030001","060445505",68307013,1,41190600,10,1,10,1,0,NA,0,0,0,0
"550",8,170,68,68307,"03140000","083051775",68307008,18,41120199,10,1,8,1,NA,NA,NA,0,NA,0
"551",8,170,68,68307,"03150000","083051773",68307008,18,41190300,20,1,10,1,NA,NA,NA,0,NA,0
"552",8,170,68,68307,"03150001","060031540",68307008,1,41190300,20,1,10,1,0,NA,0,0,0,0
"553",8,170,68,68307,"03890001","060031825",68307008,1,41190300,50,1,20,1,0,NA,0,0,0,0
"554",8,170,68,68307,"03960001","060031713",68307008,1,41190600,2,1,3,1,0,NA,0,0,0,0
"555",8,170,68,68307,"04230001","060032574",68307013,1,41190300,500,1,0,0,0,NA,0,0,0,0
"556",8,170,68,68307,"07890001","060034859",68307012,1,41190300,50,1,20,1,0,NA,0,0,0,0
"557",8,170,68,68307,"07910001","060032307",68307012,1,41190600,50,1,0,0,0,NA,0,0,0,0
"558",8,170,68,68307,"08150001","060034854",68307012,1,41190300,0,0,1,1,0,NA,0,0,0,0
"559",8,170,68,68307,"20590001","060033910",68307013,1,41190300,25,1,60,1,0,NA,0,0,0,0
"560",8,170,68,68320,"00460000","003034476",68320002,1,41229900,90,1,75,1,NA,NA,NA,0,NA,0
"561",8,170,68,68320,"00640000","003034785",68320002,1,41220300,600,1,0,0,NA,NA,NA,0,NA,0
"562",8,170,68,68320,"00640000","003034785",68320002,2,41190700,0,0,0,0,NA,NA,NA,0,NA,0
"563",8,170,68,68322,"00000000","003048761",68322006,1,41190300,125,1,0,0,NA,NA,NA,0,NA,0
"564",8,170,68,68322,"00000000","003048761",68322006,2,41190400,150,1,0,0,NA,NA,NA,0,NA,0
"565",8,170,68,68322,"00150000","003048548",68322001,1,42129900,0,0,0,0,NA,NA,NA,0,NA,0
"566",8,170,68,68322,"00170000","003048582",68322002,1,41229900,300,1,0,0,NA,NA,NA,0,NA,0
"567",8,170,68,68322,"00360000","003033423",68322006,1,41229900,0,0,0,0,NA,NA,NA,0,NA,0
"568",8,170,68,68322,"00560000","083033234",68322006,18,41190400,150,1,150,1,NA,NA,NA,0,NA,0
"569",8,170,68,68322,"00560000","083033234",68322006,28,41190300,125,1,125,1,NA,NA,NA,0,NA,0
"570",8,170,68,68322,"00570000","083048678",68322006,18,41190300,200,1,0,0,NA,NA,NA,0,NA,0
"571",8,170,68,68322,"00570000","083048678",68322006,28,41190400,200,1,0,0,NA,NA,NA,0,NA,0
"572",8,170,68,68322,"00710000","083033381",68322006,18,41229900,0,0,0,0,NA,NA,NA,0,NA,0
"573",8,170,68,68322,"01220000","003048638",68322002,1,41190300,0,0,0,0,NA,NA,NA,0,NA,0
"574",8,170,68,68322,"01460000","083048764",68500023,18,41190300,201,1,0,0,NA,NA,NA,0,NA,0
"575",8,170,68,68322,"01460000","083048764",68500023,28,41190400,201,1,0,0,NA,NA,NA,0,NA,0
"576",8,170,68,68324,"01110001","060443621",68324015,1,41190300,1,1,0,0,0,NA,0,0,0,0
"577",8,170,68,68327,"00010001","022339721",68327002,1,41190500,6,1,10,1,0,NA,0,0,0,0
"578",8,170,68,68327,"00700001","022339085",68327003,2,41190400,2,1,0,0,0,NA,0,0,0,0
"579",8,170,68,68327,"00780001","022338621",68327003,1,41190400,200,1,0,0,0,NA,0,0,0,0
"580",8,170,68,68327,"01590001","022339115",68327003,2,41190400,400,1,0,0,0,NA,0,0,0,0
"581",8,170,68,68327,"01610001","022338129",68327005,1,41190300,3,1,3,1,0,NA,0,0,0,0
"582",8,170,68,68368,"00130000","003054421",68773027,1,41229900,0,0,0,0,NA,NA,NA,0,NA,0
"583",8,170,68,68368,"01800000","003056075",68368005,1,41190300,72,1,0,0,NA,NA,NA,0,NA,0
"584",8,170,68,68368,"02360000","003054480",68368011,1,42129900,0,0,0,0,NA,NA,NA,0,NA,0
"585",8,170,68,68368,"02710000","003054420",68368004,1,41229900,0,0,0,0,NA,NA,NA,0,NA,0
"586",8,170,68,68368,"04320000","003054570",68368010,1,42129900,0,0,0,0,NA,NA,NA,0,NA,0
"587",8,170,68,68370,"00020000","089001998",68370001,18,41190600,7.5,1,7.5,1,NA,NA,NA,0,NA,0
"588",8,170,68,68370,"00020000","089002086",68370003,18,41220600,5,1,5,1,NA,NA,NA,0,NA,0
"589",8,170,68,68370,"00450000","089002109",68370005,18,41190600,30,1,0,0,NA,NA,NA,0,NA,0
"590",8,170,68,68370,"00450000","089002109",68370005,28,41220600,20,1,0,0,NA,NA,NA,0,NA,0
"591",8,170,68,68370,"00450000","089002109",68370005,38,41229900,25,1,0,0,NA,NA,NA,0,NA,0
"592",8,170,68,68370,"00520000","089002035",68370005,18,41229900,25,1,12.5,1,NA,NA,NA,0,NA,0
"593",8,170,68,68370,"00680000","089002133",68370005,18,41120101,5,1,0,0,NA,NA,NA,0,NA,0
"594",8,170,68,68370,"00680000","089002133",68370005,28,41220600,5,1,0,0,NA,NA,NA,0,NA,0
"595",8,170,68,68370,"00680000","089002133",68370005,38,41229900,5,1,0,0,NA,NA,NA,0,NA,0
"596",8,170,68,68377,"00010000","003058623",68377034,1,41190600,0,0,0,0,NA,NA,NA,0,NA,0
"597",8,170,68,68377,"00010000","003058623",68377034,2,41220700,0,0,0,0,NA,NA,NA,0,NA,0
"598",8,170,68,68377,"00010000","083058535",68377008,18,41221000,6,1,3,1,NA,NA,NA,0,NA,0
"599",8,170,68,68377,"00010000","083058535",68377008,28,41220600,6,1,3,1,NA,NA,NA,0,NA,0
"600",8,170,68,68377,"00010000","083058535",68377008,38,41190600,10,1,5,1,NA,NA,NA,0,NA,0
"601",8,170,68,68377,"00010000","083058535",68377008,48,41220300,50,1,0.02,1,NA,NA,NA,0,NA,0
"602",8,170,68,68377,"00010000","083058747",68377008,18,41220300,8,1,4,1,NA,NA,NA,0,NA,0
"603",8,170,68,68377,"00010000","083058747",68377008,28,41190600,5,1,3,1,NA,NA,NA,0,NA,0
"604",8,170,68,68377,"00010000","083058747",68377008,38,41229900,5,1,1,1,NA,NA,NA,0,NA,0
"605",8,170,68,68377,"00010000","083058747",68377008,48,41221000,6,1,3,1,NA,NA,NA,0,NA,0
"606",8,170,68,68377,"00010000","083065338",68377008,18,41190600,5,1,0,0,NA,NA,NA,0,NA,0
"607",8,170,68,68377,"00010000","083065338",68377008,28,41220300,2,1,0,0,NA,NA,NA,0,NA,0
"608",8,170,68,68377,"00010000","083065338",68377008,38,41229900,6,1,0,0,NA,NA,NA,0,NA,0
"609",8,170,68,68377,"00010000","083065361",68377008,18,41190600,20,1,10,1,NA,NA,NA,0,NA,0
"610",8,170,68,68377,"00010000","083065361",68377008,28,41229900,10,1,8,1,NA,NA,NA,0,NA,0
"611",8,170,68,68377,"00010000","083065361",68377008,38,41220300,10,1,8,1,NA,NA,NA,0,NA,0
"612",8,170,68,68377,"00010000","083065362",68377008,18,41190600,4,1,6,1,NA,NA,NA,0,NA,0
"613",8,170,68,68377,"00010000","083065362",68377008,28,41220300,4,1,8,1,NA,NA,NA,0,NA,0
"614",8,170,68,68377,"00010000","083065362",68377008,38,41229900,4,1,7,1,NA,NA,NA,0,NA,0
"615",8,170,68,68377,"00250000","083058447",68377034,18,41229900,1,1,1,1,NA,NA,NA,0,NA,0
"616",8,170,68,68377,"00380000","009991361",68271005,1,41220300,1,1,1,1,NA,NA,NA,0,NA,0
"617",8,170,68,68377,"00410000","083058794",68271005,18,41190600,5,1,5,1,NA,NA,NA,0,NA,0
"618",8,170,68,68377,"00410000","083058794",68271005,28,41220600,1,1,1,1,NA,NA,NA,0,NA,0
"619",8,170,68,68377,"00730000","003494594",68377004,1,41220300,0,0,0,0,NA,NA,NA,0,NA,0
"620",8,170,68,68377,"00980000","003058443",68377035,1,41220300,150,1,150,1,NA,NA,NA,0,NA,0
"621",8,170,68,68377,"01500001","060036194",68377030,2,41220600,3,1,6,1,0,NA,0,0,0,0
"622",8,170,68,68377,"01860000","083058494",68377012,18,41190500,1,1,0,0,NA,NA,NA,0,NA,0
"623",8,170,68,68377,"01900000","083058259",68377012,18,41229900,1,1,0,0,NA,NA,NA,0,NA,0
"624",8,170,68,68377,"01948871","060036182",68377013,2,41220500,5,1,10,1,0,NA,0,0,0,0
"625",8,170,68,68377,"02360000","083058594",68377035,18,41120101,1,1,0,0,NA,NA,NA,0,NA,0
"626",8,170,68,68377,"02400000","009991359",68377017,1,41220300,1,1,1,1,NA,NA,NA,0,NA,0
"627",8,170,68,68377,"02730000","083058541",68377012,18,41190500,20,1,0,0,NA,NA,NA,0,NA,0
"628",8,170,68,68377,"02950001","060036166",68377018,1,41190100,3,1,3,1,0,NA,0,0,0,0
"629",8,170,68,68377,"03280001","060036285",68377030,1,41190500,5,1,0,0,0,NA,0,0,0,0
"630",8,170,68,68377,"03860001","060036325",68377013,1,41190300,100,1,0,0,0,NA,0,0,0,0
"631",8,170,68,68385,"00630000","001232041",68385011,1,41190300,1,1,200,1,NA,NA,NA,0,NA,0
"632",8,170,68,68385,"00630001","060036067",68385002,1,41220900,0,0,0,0,0,NA,0,0,0,0
"633",8,170,68,68385,"00930000","003054085",68385008,1,41120101,2.5,1,2.5,1,NA,NA,NA,0,NA,0
"634",8,170,68,68385,"00930000","003054085",68385008,2,41190600,3.5,1,3.5,1,NA,NA,NA,0,NA,0
"635",8,170,68,68385,"00930000","003054085",68385008,3,41220300,4.5,1,4.5,1,NA,NA,NA,0,NA,0
"636",8,170,68,68397,"00630000","082183008",68397012,18,41190300,0,0,500,1,NA,NA,NA,0,NA,0
"637",8,170,68,68397,"00900000","083024892",68397020,18,41190400,0,0,0,0,NA,NA,NA,0,NA,0
"638",8,170,68,68397,"01810001","000909580",68397017,1,41190600,50,1,40,1,0,NA,0,0,0,0
"639",8,170,68,68397,"02360000","002129655",68397015,1,41229900,250,1,100,1,NA,NA,NA,0,NA,0
"640",8,170,68,68397,"02500000","083052351",68397013,18,41120199,0,0,0,0,NA,NA,NA,0,NA,0
"641",8,170,68,68397,"02530000","001230755",68397012,1,41190300,1,1,1,1,NA,NA,NA,0,NA,0
"642",8,170,68,68397,"02650000","089002590",68397006,18,41190400,500,1,500,1,NA,NA,NA,0,NA,0
"643",8,170,68,68397,"03370000","003058379",68397001,1,41190300,500,1,500,1,NA,NA,NA,0,NA,0
"644",8,170,68,68397,"03370000","003058379",68397001,2,41220300,500,1,500,1,NA,NA,NA,0,NA,0
"645",8,170,68,68397,"03960000","001974055",68397018,1,41229900,0,0,0,0,NA,NA,NA,0,NA,0
"646",8,170,68,68406,"00100000","003053369",68406013,1,41120199,10,1,0,0,NA,NA,NA,0,NA,0
"647",8,170,68,68406,"00280001","022339752",68406012,1,41190300,500,1,1200,1,0,NA,0,0,0,0
"648",8,170,68,68406,"00560001","022338923",68406052,3,42930101,1000,1,1000,1,0,NA,0,0,0,0
"649",8,170,68,68406,"00620000","003050527",68406041,1,41190600,1.5,1,1.5,1,NA,NA,NA,0,NA,0
"650",8,170,68,68406,"00650000","002397496",68406010,1,41190600,70,1,80,1,NA,NA,NA,0,NA,0
"651",8,170,68,68406,"00730000","003050611",68406043,1,41229900,0,0,0,0,NA,NA,NA,0,NA,0
"652",8,170,68,68406,"00780000","003053458",68406031,1,41120199,2.5,1,0,0,NA,NA,NA,0,NA,0
"653",8,170,68,68406,"00950001","022338863",68406053,1,41190400,0,0,50,1,0,NA,0,0,0,0
"654",8,170,68,68406,"01360000","002008967",68406021,1,41229900,0,0,0,0,NA,NA,NA,0,NA,0
"655",8,170,68,68406,"01360001","022338449",68406055,1,41120101,20,1,20,1,0,NA,0,0,0,0
"656",8,170,68,68406,"01510000","003053322",68406001,1,42129900,9,1,0,0,NA,NA,NA,0,NA,0
"657",8,170,68,68406,"01780001","022338450",68406055,1,41220700,20,1,20,1,0,NA,0,0,0,0
"658",8,170,68,68406,"01890001","022339769",68406036,1,41190300,10,1,9,1,0,NA,0,0,0,0
"659",8,170,68,68406,"01920000","003050499",68406025,1,41190400,1000,1,0,0,NA,NA,NA,0,NA,0
"660",8,170,68,68406,"03270000","003050427",68406030,1,41190300,100,1,0,0,NA,NA,NA,0,NA,0
"661",8,170,68,68406,"03270000","003050427",68406030,2,41190600,0,0,0,0,NA,NA,NA,0,NA,0
"662",8,170,68,68406,"04054402","022339600",68406016,1,41190600,32,1,0,0,0,NA,0,0,0,0
"663",8,170,68,68418,"00030000","083043190",68418016,18,41190600,2,1,0,0,NA,NA,NA,0,NA,0
"664",8,170,68,68418,"00030000","083043190",68418016,28,41220600,0,0,5,1,NA,NA,NA,0,NA,0
"665",8,170,68,68418,"00030000","083043191",68418016,18,42129900,0,0,0,0,NA,NA,NA,0,NA,0
"666",8,170,68,68418,"00140001","060036437",68418019,2,41190300,500,1,500,1,0,NA,0,0,0,0
"667",8,170,68,68418,"00300000","083049345",68418029,18,41120199,1,1,0,0,NA,NA,NA,0,NA,0
"668",8,170,68,68418,"00340000","083036324",68418015,18,41220300,0,0,375,1,NA,NA,NA,0,NA,0
"669",8,170,68,68418,"00390000","083042991",68418012,18,41190300,50,1,50,1,NA,NA,NA,0,NA,0
"670",8,170,68,68418,"00390000","083042991",68418012,28,41190400,50,1,50,1,NA,NA,NA,0,NA,0
"671",8,170,68,68418,"00460000","083042893",68418012,18,41190600,60,1,20,1,NA,NA,NA,0,NA,0
"672",8,170,68,68418,"00460000","083042893",68418012,28,41190300,40,1,30,1,NA,NA,NA,0,NA,0
"673",8,170,68,68418,"00520000","083049590",68418004,18,41190300,40,1,20,1,NA,NA,NA,0,NA,0
"674",8,170,68,68418,"00520000","083049590",68418004,28,41190600,38,1,12,1,NA,NA,NA,0,NA,0
"675",8,170,68,68418,"00640000","083042847",68418008,18,41120101,7,1,0,0,NA,NA,NA,0,NA,0
"676",8,170,68,68418,"00640000","083042847",68418008,28,41190300,50,1,0,0,NA,NA,NA,0,NA,0
"677",8,170,68,68418,"00650000","083049379",68418017,18,41220300,50,1,0,0,NA,NA,NA,0,NA,0
"678",8,170,68,68418,"00650000","083049379",68418017,28,41190300,50,1,0,0,NA,NA,NA,0,NA,0
"679",8,170,68,68418,"01030000","083036268",68418022,18,41190600,1005,1,0,0,NA,NA,NA,0,NA,0
"680",8,170,68,68418,"01350000","083049384",68418017,18,41229900,1,1,0,0,NA,NA,NA,0,NA,0
"681",8,170,68,68418,"01700000","083049499",68418011,18,41190600,2,1,0,0,NA,NA,NA,0,NA,0
"682",8,170,68,68418,"01700000","083049499",68418011,28,41220300,2,1,0,0,NA,NA,NA,0,NA,0
"683",8,170,68,68418,"01740000","083049417",68418001,18,41190400,100,1,100,1,NA,NA,NA,0,NA,0
"684",8,170,68,68418,"02070000","083049376",68418017,18,41190400,4,1,4,1,NA,NA,NA,0,NA,0
"685",8,170,68,68418,"02600000","083049216",68418029,18,41190600,2,1,0,0,NA,NA,NA,0,NA,0
"686",8,170,68,68418,"02600000","083049216",68418029,28,41220300,3,1,0,0,NA,NA,NA,0,NA,0
"687",8,170,68,68418,"02600000","083049216",68418029,38,41229900,2,1,0,0,NA,NA,NA,0,NA,0
"688",8,170,68,68418,"12760001","060035630",68418006,1,41120101,200,1,100,1,0,NA,0,0,0,0
"689",8,170,68,68418,"24890000","083036369",68418017,18,41190600,1.5,1,0,0,NA,NA,NA,0,NA,0
"690",8,170,68,68418,"24890000","083036369",68418017,28,41190300,25,1,0,0,NA,NA,NA,0,NA,0
"691",8,170,68,68418,"24890000","083036369",68418017,38,41190400,300,1,300,1,NA,NA,NA,0,NA,0
"692",8,170,68,68418,"46050001","060035802",68418003,1,41190600,40,1,0,0,0,NA,0,0,0,0
"693",8,170,68,68418,"47510000","083049877",68418003,18,41190300,500,1,0,0,NA,NA,NA,0,NA,0
"694",8,170,68,68418,"47510000","083049877",68418003,28,41190500,200,1,0,0,NA,NA,NA,0,NA,0
"695",8,170,68,68418,"47510000","083049877",68418003,38,41190600,100,1,0,0,NA,NA,NA,0,NA,0
"696",8,170,68,68425,"01560000","083033698",68425003,18,41120199,20,1,0,0,NA,NA,NA,0,NA,0
"697",8,170,68,68432,"00520001","060037816",68684005,1,41220700,1,1,0,0,0,NA,0,0,0,0
"698",8,170,68,68432,"01450000","001620632",68432003,1,41190300,0,0,0,0,NA,NA,NA,0,NA,0
"699",8,170,68,68432,"01450000","001620632",68432003,2,41190500,0,0,0,0,NA,NA,NA,0,NA,0
"700",8,170,68,68432,"01450000","001620632",68432003,3,41190600,0,0,0,0,NA,NA,NA,0,NA,0
"701",8,170,68,68444,"00090000","083052901",68444003,18,41190200,1250,1,1250,1,NA,NA,NA,0,NA,0
"702",8,170,68,68444,"00090001","060039813",68444003,1,41190200,1250,1,1250,1,0,NA,0,0,0,0
"703",8,170,68,68444,"00160001","060037915",68444022,1,41190600,1,1,0,0,0,NA,0,0,0,0
"704",8,170,68,68444,"00220001","060038593",68444001,1,41190400,500,1,500,1,0,NA,0,0,0,0
"705",8,170,68,68444,"00270000","083052950",68444005,18,41190400,1,1,1,1,NA,NA,NA,0,NA,0
"706",8,170,68,68444,"00300000","083053718",68444001,18,41120199,0,0,0,0,NA,NA,NA,0,NA,0
"707",8,170,68,68444,"00300000","083053718",68444001,28,41190300,0,0,0,0,NA,NA,NA,0,NA,0
"708",8,170,68,68444,"00450001","060038623",68444024,1,41190400,0,0,0,0,0,NA,0,0,0,0
"709",8,170,68,68444,"00570001","060039726",68444022,2,41190400,600,1,600,1,0,NA,0,0,0,0
"710",8,170,68,68444,"01540001","060037898",68615036,1,41190600,1,1,1,1,0,NA,0,0,0,0
"711",8,170,68,68464,"00100000","003070616",68464001,1,41229900,0,0,0,0,NA,NA,NA,0,NA,0
"712",8,170,68,68464,"00130000","009990408",68464019,1,41229900,0,0,0,0,NA,NA,NA,0,NA,0
"713",8,170,68,68464,"00400000","083070869",68464007,18,41190400,25,1,25,1,NA,NA,NA,0,NA,0
"714",8,170,68,68464,"00440000","083070891",68464007,18,41220300,0,0,50,1,NA,NA,NA,0,NA,0
"715",8,170,68,68464,"00530000","009989822",68464028,1,41190400,10,1,30,1,NA,NA,NA,0,NA,0
"716",8,170,68,68464,"00630001","060038241",68464021,1,41190300,1,1,1,1,0,NA,0,0,0,0
"717",8,170,68,68464,"00830000","007011474",68464004,1,41229900,0,0,1,1,NA,NA,NA,0,NA,0
"718",8,170,68,68464,"00840001","060040344",68464002,1,41190300,50,1,40,1,0,NA,0,0,0,0
"719",8,170,68,68464,"00870000","003070483",68464003,1,41190400,30,1,0,0,NA,NA,NA,0,NA,0
"720",8,170,68,68464,"01160001","060037923",68464001,1,41190400,15,1,0,0,0,NA,0,0,0,0
"721",8,170,68,68464,"01460001","060039197",68464009,1,41190100,0,0,0,0,0,NA,0,0,0,0
"722",8,170,68,68464,"01800000","003070617",68464001,1,41229900,100,1,0,0,NA,NA,NA,0,NA,0
"723",8,170,68,68468,"02090000","003080423",68468001,1,41190200,0,0,25,1,NA,NA,NA,0,NA,0
"724",8,170,68,68468,"04540000","003080431",68468001,1,41190200,100,1,100,1,NA,NA,NA,0,NA,0
"725",8,170,68,68498,"00430000","003016671",68498004,1,41229900,1,1,0,0,NA,NA,NA,0,NA,0
"726",8,170,68,68498,"00530000","081128537",68498013,18,41190400,0,0,0,0,NA,NA,NA,0,NA,0
"727",8,170,68,68498,"00530000","081128537",68498013,28,41190700,0,0,0,0,NA,NA,NA,0,NA,0
"728",8,170,68,68498,"99990000","003039221",68498006,1,41190400,100,1,100,1,NA,NA,NA,0,NA,0
"729",8,170,68,68500,"00010000","083507165",68500026,18,41190300,0,0,0,0,NA,NA,NA,0,NA,0
"730",8,170,68,68500,"00020000","083507146",68500026,18,41120199,4,1,2.4,1,NA,NA,NA,0,NA,0
"731",8,170,68,68500,"00030000","082183732",68500027,18,41220300,130,1,0,0,NA,NA,NA,0,NA,0
"732",8,170,68,68500,"00030000","082183732",68500027,28,41190300,1,1,0,0,NA,NA,NA,0,NA,0
"733",8,170,68,68500,"00040000","082183788",68500027,18,41220300,1,1,1,1,NA,NA,NA,0,NA,0
"734",8,170,68,68500,"00040000","082183788",68500027,28,41190300,1,1,1,1,NA,NA,NA,0,NA,0
"735",8,170,68,68500,"00040000","082183798",68500004,18,41190300,500,1,200,1,NA,NA,NA,0,NA,0
"736",8,170,68,68500,"00040000","082183798",68500004,28,41220300,500,1,200,1,NA,NA,NA,0,NA,0
"737",8,170,68,68500,"00050000","082183783",68500027,18,41220300,1,1,0,0,NA,NA,NA,0,NA,0
"738",8,170,68,68500,"00050000","082183783",68500027,28,41190300,1,1,0,0,NA,NA,NA,0,NA,0
"739",8,170,68,68500,"00050000","083083095",68500011,18,41190300,25,1,25,1,NA,NA,NA,0,NA,0
"740",8,170,68,68500,"00060000","083507141",68500026,18,41190300,0,0,0,0,NA,NA,NA,0,NA,0
"741",8,170,68,68500,"00070000","083076817",68500008,18,41190300,50,1,0,0,NA,NA,NA,0,NA,0
"742",8,170,68,68500,"00080000","083083067",68500015,18,41220300,0,0,0,0,NA,NA,NA,0,NA,0
"743",8,170,68,68500,"00080000","083083067",68500015,28,41229900,0,0,0,0,NA,NA,NA,0,NA,0
"744",8,170,68,68500,"00080000","083086790",68500011,18,41220700,300,1,100,1,NA,NA,NA,0,NA,0
"745",8,170,68,68500,"00090000","082183866",68500027,18,41190700,2,1,2,1,NA,NA,NA,0,NA,0
"746",8,170,68,68500,"00090000","082183866",68500027,28,41220300,3,1,3,1,NA,NA,NA,0,NA,0
"747",8,170,68,68500,"00090000","082183866",68500027,38,41190300,3,1,3,1,NA,NA,NA,0,NA,0
"748",8,170,68,68500,"00090000","083076818",68500008,18,41220700,15,1,0,0,NA,NA,NA,0,NA,0
"749",8,170,68,68500,"00130000","083077079",68500025,18,41190300,1,1,0,0,NA,NA,NA,0,NA,0
"750",8,170,68,68500,"00130000","083077079",68500025,28,41220300,1,1,0,0,NA,NA,NA,0,NA,0
"751",8,170,68,68500,"00140000","082208058",68500014,18,41190300,1250,1,1125,1,NA,NA,NA,0,NA,0
"752",8,170,68,68500,"00140000","082208058",68500014,28,41190400,9,1,7.5,1,NA,NA,NA,0,NA,0
"753",8,170,68,68500,"00160000","083506708",68500004,18,41229900,500,1,0,0,NA,NA,NA,0,NA,0
"754",8,170,68,68500,"00180000","083077041",68500010,18,41220300,100,1,0,0,NA,NA,NA,0,NA,0
"755",8,170,68,68500,"00180000","083077041",68500010,28,41190400,400,1,0,0,NA,NA,NA,0,NA,0
"756",8,170,68,68500,"00180000","083086599",68500009,18,41190300,100,1,0,0,NA,NA,NA,0,NA,0
"757",8,170,68,68500,"00180000","083086599",68500009,28,41220300,200,1,0,0,NA,NA,NA,0,NA,0
"758",8,170,68,68500,"00180000","083507188",68500026,18,41190300,0,0,0,0,NA,NA,NA,0,NA,0
"759",8,170,68,68500,"00180001","060039247",68500016,1,41229900,444,1,0,0,0,NA,0,0,0,0
"760",8,170,68,68500,"00181044","060039253",68500008,1,41190300,0,0,0,0,0,NA,0,0,0,0
"761",8,170,68,68500,"00200000","083086601",68500009,18,41220300,200,1,0,0,NA,NA,NA,0,NA,0
"762",8,170,68,68500,"00230000","082183795",68500004,18,41220300,12,1,8,1,NA,NA,NA,0,NA,0
"763",8,170,68,68500,"00230000","082183795",68500004,28,41190300,3,1,2,1,NA,NA,NA,0,NA,0
"764",8,170,68,68500,"00260000","083083156",68322006,18,41220600,500,1,500,1,NA,NA,NA,0,NA,0
"765",8,170,68,68500,"00260000","083083156",68322006,28,41190600,500,1,200,1,NA,NA,NA,0,NA,0
"766",8,170,68,68500,"00260001","060039255",68500008,1,41190100,450,1,220,1,0,NA,0,0,0,0
"767",8,170,68,68500,"00280000","082183766",68500004,18,41190400,1,1,1,1,NA,NA,NA,0,NA,0
"768",8,170,68,68500,"00290000","082183641",68500014,18,41220300,0,0,0,0,NA,NA,NA,0,NA,0
"769",8,170,68,68500,"00290000","082183641",68500014,28,41190300,0,0,0,0,NA,NA,NA,0,NA,0
"770",8,170,68,68500,"00290000","083086737",68500009,18,41220300,250,1,200,1,NA,NA,NA,0,NA,0
"771",8,170,68,68500,"00310000","081000048",68500019,18,41190300,2000,1,2000,1,NA,NA,NA,0,NA,0
"772",8,170,68,68500,"00310000","083507143",68500016,18,41220700,0,0,0,0,NA,NA,NA,0,NA,0
"773",8,170,68,68500,"00330000","083043895",68500020,18,41220300,200,1,150,1,NA,NA,NA,0,NA,0
"774",8,170,68,68500,"00330000","083083180",68500016,18,41190300,1,1,1,1,NA,NA,NA,0,NA,0
"775",8,170,68,68500,"00340000","082208376",68500003,18,41220600,150,1,150,1,NA,NA,NA,0,NA,0
"776",8,170,68,68500,"00340000","082208376",68500003,28,41190600,150,1,150,1,NA,NA,NA,0,NA,0
"777",8,170,68,68500,"00340000","088164815",68500004,18,41190300,200,1,150,1,NA,NA,NA,0,NA,0
"778",8,170,68,68500,"00340000","088164815",68500004,28,41220300,200,1,150,1,NA,NA,NA,0,NA,0
"779",8,170,68,68500,"00380000","082183769",68500027,18,41220600,150,1,150,1,NA,NA,NA,0,NA,0
"780",8,170,68,68500,"00380000","082183769",68500027,28,41190600,150,1,150,1,NA,NA,NA,0,NA,0
"781",8,170,68,68500,"00390000","083076938",68500025,18,41220300,0,0,0,0,NA,NA,NA,0,NA,0
"782",8,170,68,68500,"00390000","083076938",68500025,28,41190300,0,0,0,0,NA,NA,NA,0,NA,0
"783",8,170,68,68500,"00430000","082208119",68500017,18,41120199,1.5,1,1.45,1,NA,NA,NA,0,NA,0
"784",8,170,68,68500,"00440000","083004903",68500020,18,41220300,2,1,0,0,NA,NA,NA,0,NA,0
"785",8,170,68,68500,"00440000","088164828",68500027,18,41190300,1,1,1,1,NA,NA,NA,0,NA,0
"786",8,170,68,68500,"00440000","088164828",68500027,28,41220300,1,1,1,1,NA,NA,NA,0,NA,0
"787",8,170,68,68500,"00450001","060594761",68500016,1,41190100,1,1,0,0,0,NA,0,0,0,0
"788",8,170,68,68500,"00490000","081164842",68500026,18,41120199,0,0,0,0,NA,NA,NA,0,NA,0
"789",8,170,68,68500,"00490000","083496793",68500012,18,41229900,0,0,0,0,NA,NA,NA,0,NA,0
"790",8,170,68,68500,"00540000","083082840",68322001,18,41190400,0,0,0,0,NA,NA,NA,0,NA,0
"791",8,170,68,68500,"00540000","083082840",68322001,28,41190300,0,0,0,0,NA,NA,NA,0,NA,0
"792",8,170,68,68500,"00550000","082183794",68500004,18,41190400,200,1,150,1,NA,NA,NA,0,NA,0
"793",8,170,68,68500,"00560000","083086773",68500009,18,41190400,0,0,0,0,NA,NA,NA,0,NA,0
"794",8,170,68,68500,"00570000","083507609",68500026,18,41190400,150,1,90,1,NA,NA,NA,0,NA,0
"795",8,170,68,68500,"00590000","083082914",68500011,18,41220300,1,1,0,0,NA,NA,NA,0,NA,0
"796",8,170,68,68500,"00620000","083083199",68500007,18,41190300,0,0,0,0,NA,NA,NA,0,NA,0
"797",8,170,68,68500,"00620000","083083199",68500007,28,41190400,0,0,0,0,NA,NA,NA,0,NA,0
"798",8,170,68,68500,"00650000","083507678",68500019,18,41220500,1,1,1,1,NA,NA,NA,0,NA,0
"799",8,170,68,68500,"00680000","082183870",68500027,18,41190300,10,1,1,1,NA,NA,NA,0,NA,0
"800",8,170,68,68500,"00680000","082183870",68500027,28,41220300,10,1,1,1,NA,NA,NA,0,NA,0
"801",8,170,68,68500,"00690000","082183867",68500027,18,41220300,2,1,2,1,NA,NA,NA,0,NA,0
"802",8,170,68,68500,"00690000","082183867",68500027,28,41190300,2,1,2,1,NA,NA,NA,0,NA,0
"803",8,170,68,68500,"00690000","083076841",68500012,18,41190300,250,1,0,0,NA,NA,NA,0,NA,0
"804",8,170,68,68500,"00690000","083076841",68500012,28,41220300,250,1,0,0,NA,NA,NA,0,NA,0
"805",8,170,68,68500,"00690000","088076841",68500012,18,41220300,250,1,0,0,NA,NA,NA,0,NA,0
"806",8,170,68,68500,"00690000","088076841",68500012,28,41190300,250,1,0,0,NA,NA,NA,0,NA,0
"807",8,170,68,68500,"00730000","083507093",68500026,18,41190300,100,1,0,0,NA,NA,NA,0,NA,0
"808",8,170,68,68500,"00730000","083507093",68500026,28,41220300,400,1,0,0,NA,NA,NA,0,NA,0
"809",8,170,68,68500,"00740000","083507652",68500017,18,41220300,5,1,0,0,NA,NA,NA,0,NA,0
"810",8,170,68,68500,"00750000","083076838",68500008,18,41190300,500,1,0,0,NA,NA,NA,0,NA,0
"811",8,170,68,68500,"00760000","082183787",68500027,18,41190300,6,1,0,0,NA,NA,NA,0,NA,0
"812",8,170,68,68500,"00760000","082183787",68500027,28,41190400,6,1,0,0,NA,NA,NA,0,NA,0
"813",8,170,68,68500,"00760000","083506654",68500004,18,41190400,1,1,0,0,NA,NA,NA,0,NA,0
"814",8,170,68,68500,"00760000","083506654",68500004,28,41190300,1,1,0,0,NA,NA,NA,0,NA,0
"815",8,170,68,68500,"00780000","082208255",68500006,18,41190300,2,1,0,0,NA,NA,NA,0,NA,0
"816",8,170,68,68500,"00780000","083076955",68500016,18,41190300,1,1,1,1,NA,NA,NA,0,NA,0
"817",8,170,68,68500,"00800000","083506559",68500015,18,41220300,25,1,0,0,NA,NA,NA,0,NA,0
"818",8,170,68,68500,"00800000","083507169",68500019,18,41220300,500,1,0,0,NA,NA,NA,0,NA,0
"819",8,170,68,68500,"00810000","082208348",68500003,18,41190300,0,0,0,0,NA,NA,NA,0,NA,0
"820",8,170,68,68500,"00820000","082208374",68500003,18,41190300,0,0,0,0,NA,NA,NA,0,NA,0
"821",8,170,68,68500,"00830000","083086784",68500019,18,41220300,1,1,1,1,NA,NA,NA,0,NA,0
"822",8,170,68,68500,"00840000","083083113",68500016,18,41220300,500,1,500,1,NA,NA,NA,0,NA,0
"823",8,170,68,68500,"00840001","060039167",68500016,1,41190300,0,0,0,0,0,NA,0,0,0,0
"824",8,170,68,68500,"00870000","083082853",68500011,18,41220300,18,1,17,1,NA,NA,NA,0,NA,0
"825",8,170,68,68500,"00880000","083506567",68500015,18,41220300,6,1,5,1,NA,NA,NA,0,NA,0
"826",8,170,68,68500,"00910000","081164809",68500003,18,41229900,0,0,0,0,NA,NA,NA,0,NA,0
"827",8,170,68,68500,"00910000","083082854",68500011,18,41229900,0,0,0,0,NA,NA,NA,0,NA,0
"828",8,170,68,68500,"00940000","082183861",68500027,18,41190300,1500,1,0,0,NA,NA,NA,0,NA,0
"829",8,170,68,68500,"01010000","081426646",68500027,18,41220300,0,0,0,0,NA,NA,NA,0,NA,0
"830",8,170,68,68500,"01010000","081426646",68500027,28,41190300,0,0,0,0,NA,NA,NA,0,NA,0
"831",8,170,68,68500,"01020000","082183646",68500018,18,41190300,0,0,0,0,NA,NA,NA,0,NA,0
"832",8,170,68,68500,"01020000","082183646",68500018,28,41220300,0,0,0,0,NA,NA,NA,0,NA,0
"833",8,170,68,68500,"01060000","082208002",68500017,18,41120105,10,1,8,1,NA,NA,NA,0,NA,0
"834",8,170,68,68500,"01060000","082208002",68500017,28,41190300,9,1,7,1,NA,NA,NA,0,NA,0
"835",8,170,68,68500,"01060000","082208002",68500017,38,41120199,9,1,7,1,NA,NA,NA,0,NA,0
"836",8,170,68,68500,"01060000","083507657",68500019,18,41220300,100,1,0,0,NA,NA,NA,0,NA,0
"837",8,170,68,68500,"01060000","083507657",68500019,28,41190300,100,1,0,0,NA,NA,NA,0,NA,0
"838",8,170,68,68500,"01080000","083077006",68500016,18,41190300,1,1,1,1,NA,NA,NA,0,NA,0
"839",8,170,68,68500,"01080000","083077006",68500016,28,41120199,1,1,1,1,NA,NA,NA,0,NA,0
"840",8,170,68,68500,"01090000","082183823",68500003,18,41190300,2,1,3,1,NA,NA,NA,0,NA,0
"841",8,170,68,68500,"01090000","082183863",68500027,18,41190700,15,1,0,0,NA,NA,NA,0,NA,0
"842",8,170,68,68500,"01090000","082183863",68500027,28,41190300,15,1,0,0,NA,NA,NA,0,NA,0
"843",8,170,68,68500,"01090000","083086763",68500009,18,41220300,1,1,0,0,NA,NA,NA,0,NA,0
"844",8,170,68,68500,"01090000","083086763",68500009,28,41190300,1,1,0,0,NA,NA,NA,0,NA,0
"845",8,170,68,68500,"01090000","083183823",68500003,18,41190300,2,1,3,1,NA,NA,NA,0,NA,0
"846",8,170,68,68500,"01130000","081426599",68500017,18,41190300,2,1,0,0,NA,NA,NA,0,NA,0
"847",8,170,68,68500,"01130000","083077080",68500025,18,41220300,15,1,0,0,NA,NA,NA,0,NA,0
"848",8,170,68,68500,"01130000","083077080",68500025,28,41190300,15,1,0,0,NA,NA,NA,0,NA,0
"849",8,170,68,68500,"01132265","060039256",68500008,1,41190100,0,0,0,0,0,NA,0,0,0,0
"850",8,170,68,68500,"01140000","083507625",68500019,18,41190300,100,1,0,0,NA,NA,NA,0,NA,0
"851",8,170,68,68500,"01140000","083507625",68500019,28,41190400,100,1,0,0,NA,NA,NA,0,NA,0
"852",8,170,68,68500,"01210000","081426713",68500027,18,41190300,15,1,0,0,NA,NA,NA,0,NA,0
"853",8,170,68,68500,"01220000","083507656",68500027,18,41190300,500,1,0,0,NA,NA,NA,0,NA,0
"854",8,170,68,68500,"01220000","083507656",68500027,28,41220300,500,1,0,0,NA,NA,NA,0,NA,0
"855",8,170,68,68500,"01230000","083496614",68500025,18,41220300,0,0,0,0,NA,NA,NA,0,NA,0
"856",8,170,68,68500,"01230000","083496614",68500025,28,41190300,0,0,0,0,NA,NA,NA,0,NA,0
"857",8,170,68,68500,"01240000","082208392",68500017,18,41220300,1,1,1,1,NA,NA,NA,0,NA,0
"858",8,170,68,68500,"01240000","082208392",68500017,28,41190300,1,1,1,1,NA,NA,NA,0,NA,0
"859",8,170,68,68500,"01240000","083076807",68500008,18,41190300,0,0,0,0,NA,NA,NA,0,NA,0
"860",8,170,68,68500,"01240000","083076807",68500008,28,41190400,50,1,0,0,NA,NA,NA,0,NA,0
"861",8,170,68,68500,"01260000","082208086",68500014,18,41220300,50,1,30,1,NA,NA,NA,0,NA,0
"862",8,170,68,68500,"01280000","083082936",68500010,18,41229900,0,0,0,0,NA,NA,NA,0,NA,0
"863",8,170,68,68500,"01310000","081164801",68500019,18,41190400,45,1,0,0,NA,NA,NA,0,NA,0
"864",8,170,68,68500,"01310000","081164801",68500019,28,41190300,75,1,0,0,NA,NA,NA,0,NA,0
"865",8,170,68,68500,"01320000","082208322",68500018,18,41220300,0,0,0,0,NA,NA,NA,0,NA,0
"866",8,170,68,68500,"01320000","082208322",68500018,28,41190300,0,0,0,0,NA,NA,NA,0,NA,0
"867",8,170,68,68500,"01330000","083506566",68500003,18,41190300,1,1,1,1,NA,NA,NA,0,NA,0
"868",8,170,68,68500,"01370000","083082999",68322001,18,41220600,150,1,150,1,NA,NA,NA,0,NA,0
"869",8,170,68,68500,"01370000","083082999",68322001,28,41120101,85,1,85,1,NA,NA,NA,0,NA,0
"870",8,170,68,68500,"01420000","082183637",68500017,18,41190300,1.25,1,0,0,NA,NA,NA,0,NA,0
"871",8,170,68,68500,"01450000","083082945",68500025,18,41190400,0,0,0,0,NA,NA,NA,0,NA,0
"872",8,170,68,68500,"01460000","083496659",68500016,18,41190300,25,1,25,1,NA,NA,NA,0,NA,0
"873",8,170,68,68500,"01570000","083082874",68500025,18,41190400,10,1,5,1,NA,NA,NA,0,NA,0
"874",8,170,68,68500,"01610000","081426596",68500003,18,41190300,0,0,0,0,NA,NA,NA,0,NA,0
"875",8,170,68,68500,"01610000","081426596",68500003,28,41220300,0,0,0,0,NA,NA,NA,0,NA,0
"876",8,170,68,68500,"01610000","081426596",68500003,38,41190700,0,0,0,0,NA,NA,NA,0,NA,0
"877",8,170,68,68500,"01620000","088083137",68500016,18,41220300,750,1,25,1,NA,NA,NA,0,NA,0
"878",8,170,68,68500,"01660000","081426739",68500017,18,41229900,300,1,0,0,NA,NA,NA,0,NA,0
"879",8,170,68,68500,"01660000","081426739",68500017,28,41190300,25,1,0,0,NA,NA,NA,0,NA,0
"880",8,170,68,68500,"01670000","082183835",68500017,18,41229900,300,1,0,0,NA,NA,NA,0,NA,0
"881",8,170,68,68500,"01670000","082183835",68500017,28,41190300,25,1,0,0,NA,NA,NA,0,NA,0
"882",8,170,68,68500,"01710000","083083057",68500015,18,41190400,0,0,0,0,NA,NA,NA,0,NA,0
"883",8,170,68,68500,"01710000","083083057",68500015,28,41190300,0,0,0,0,NA,NA,NA,0,NA,0
"884",8,170,68,68500,"01740000","081426726",68500003,18,41190400,1,1,1,1,NA,NA,NA,0,NA,0
"885",8,170,68,68500,"01740000","081426726",68500003,28,41190300,1,1,1,1,NA,NA,NA,0,NA,0
"886",8,170,68,68500,"01750000","083506565",68500003,18,41190300,1,1,1,1,NA,NA,NA,0,NA,0
"887",8,170,68,68500,"01760000","083083075",68500015,18,41190400,0,0,0,0,NA,NA,NA,0,NA,0
"888",8,170,68,68500,"01760000","083083075",68500015,28,41190300,0,0,0,0,NA,NA,NA,0,NA,0
"889",8,170,68,68500,"01790000","081164803",68500019,18,41190400,25,1,0,0,NA,NA,NA,0,NA,0
"890",8,170,68,68500,"01790000","081164803",68500019,28,41190300,25,1,0,0,NA,NA,NA,0,NA,0
"891",8,170,68,68500,"01820000","083496698",68500010,18,41229900,0,0,0,0,NA,NA,NA,0,NA,0
"892",8,170,68,68500,"01850000","083086592",68500015,18,41190400,20,1,0,0,NA,NA,NA,0,NA,0
"893",8,170,68,68500,"01850000","083086592",68500015,28,41190300,20,1,0,0,NA,NA,NA,0,NA,0
"894",8,170,68,68500,"02190000","083507172",68500019,18,41190300,2.2,1,0,0,NA,NA,NA,0,NA,0
"895",8,170,68,68500,"02190000","083507172",68500019,28,41120102,2.2,1,0,0,NA,NA,NA,0,NA,0
"896",8,170,68,68500,"02230001","060039172",68500016,1,41190100,2800,1,1800,1,0,NA,0,0,0,0
"897",8,170,68,68500,"02290000","083506683",68500015,18,41190300,3,1,0,0,NA,NA,NA,0,NA,0
"898",8,170,68,68500,"02290000","083506683",68500015,28,41120199,3,1,0,0,NA,NA,NA,0,NA,0
"899",8,170,68,68500,"02330001","060038406",68500016,1,41190300,10,1,0,0,0,NA,0,0,0,0
"900",8,170,68,68500,"02360001","060039465",68322001,1,41190300,0,0,0,0,0,NA,0,0,0,0
"901",8,170,68,68500,"02420000","083082824",68500023,18,41190300,7.5,1,7.5,1,NA,NA,NA,0,NA,0
"902",8,170,68,68500,"02420000","083082824",68500023,28,41120105,0,0,3,1,NA,NA,NA,0,NA,0
"903",8,170,68,68500,"02520001","060594762",68500016,1,41190100,1,1,0,0,0,NA,0,0,0,0
"904",8,170,68,68500,"90080000","083506514",68500027,18,41190300,1,1,1,1,NA,NA,NA,0,NA,0
"905",8,170,68,68500,"90080000","083506514",68500027,28,41220300,1,1,1,1,NA,NA,NA,0,NA,0
"906",8,170,68,68502,"01059266","060038827",68502010,1,41120199,1,1,1,1,0,NA,0,0,0,0
"907",8,170,68,68522,"00070000","083073216",68522002,18,41190600,6,1,1,1,NA,NA,NA,0,NA,0
"908",8,170,68,68522,"00180000","083073208",68522002,18,41190300,1,1,1,1,NA,NA,NA,0,NA,0
"909",8,170,68,68522,"00220000","083073269",68522002,18,41190300,1,1,1,1,NA,NA,NA,0,NA,0
"910",8,170,68,68522,"00300000","083073268",68522002,18,41190300,1,1,0,0,NA,NA,NA,0,NA,0
"911",8,170,68,68522,"00400000","083073265",68522002,18,41190300,1,1,1,1,NA,NA,NA,0,NA,0
"912",8,170,68,68522,"00420000","083073235",68522002,18,41190300,1,1,0,0,NA,NA,NA,0,NA,0
"913",8,170,68,68522,"00780000","083073201",68522004,18,41190300,1,1,1,1,NA,NA,NA,0,NA,0
"914",8,170,68,68522,"01100000","083073275",68522002,18,41190300,0,0,0,0,NA,NA,NA,0,NA,0
"915",8,170,68,68522,"01100000","083073275",68522002,28,41120199,0,0,0,0,NA,NA,NA,0,NA,0
"916",8,170,68,68522,"01230000","083084472",68522001,18,41190300,0,0,0,0,NA,NA,NA,0,NA,0
"917",8,170,68,68522,"01230000","083084472",68522001,28,41220300,0,0,0,0,NA,NA,NA,0,NA,0
"918",8,170,68,68522,"01410000","083073254",68522002,18,41190300,1,1,1,1,NA,NA,NA,0,NA,0
"919",8,170,68,68522,"01410000","083073254",68522002,28,41220300,1,1,1,1,NA,NA,NA,0,NA,0
"920",8,170,68,68522,"01620000","083084459",68522001,18,41190300,25,1,0,0,NA,NA,NA,0,NA,0
"921",8,170,68,68522,"01810000","083084466",68522001,18,41229900,5,1,1,1,NA,NA,NA,0,NA,0
"922",8,170,68,68522,"01810000","083084466",68522001,28,41220600,5,1,1,1,NA,NA,NA,0,NA,0
"923",8,170,68,68522,"01810000","083084466",68522001,38,41120199,5,1,1,1,NA,NA,NA,0,NA,0
"924",8,170,68,68522,"01810000","083084466",68522001,48,41190600,10,1,1,1,NA,NA,NA,0,NA,0
"925",8,170,68,68522,"01820000","083084457",68522001,18,41190300,25,1,0,0,NA,NA,NA,0,NA,0
"926",8,170,68,68522,"01830000","083084456",68522001,18,41190300,25,1,0,0,NA,NA,NA,0,NA,0
"927",8,170,68,68522,"01850000","083077154",68522001,18,41190300,0,0,0,0,NA,NA,NA,0,NA,0
"928",8,170,68,68522,"01850000","083077154",68522001,28,41190600,0,0,0,0,NA,NA,NA,0,NA,0
"929",8,170,68,68522,"02050000","083073276",68522002,18,41190300,0,0,0,0,NA,NA,NA,0,NA,0
"930",8,170,68,68524,"00590000","083009755",68524002,18,41120199,10,1,0,0,NA,NA,NA,0,NA,0
"931",8,170,68,68524,"02010000","083071758",68524001,18,41190600,6,1,0,0,NA,NA,NA,0,NA,0
"932",8,170,68,68524,"03410000","083071791",68524001,18,41120199,1,1,0,0,NA,NA,NA,0,NA,0
"933",8,170,68,68533,"00220000","003069972",68533004,1,41190300,125,1,0,0,NA,NA,NA,0,NA,0
"934",8,170,68,68533,"00220000","003069972",68533004,2,41190700,5.25,1,0,0,NA,NA,NA,0,NA,0
"935",8,170,68,68533,"00220000","003069972",68533004,3,41190400,145.5,1,0,0,NA,NA,NA,0,NA,0
"936",8,170,68,68533,"00220001","060040004",68533008,1,41190300,50,1,0,0,0,NA,0,0,0,0
"937",8,170,68,68533,"00660001","060040032",68533008,1,41190300,100,1,0,0,0,NA,0,0,0,0
"938",8,170,68,68533,"00670000","003084547",68533006,1,41229900,0,0,0,0,NA,NA,NA,0,NA,0
"939",8,170,68,68533,"00710000","003084574",68533001,1,41220300,250,1,0,0,NA,NA,NA,0,NA,0
"940",8,170,68,68533,"00740000","003069971",68533004,1,41190400,240,1,240,1,NA,NA,NA,0,NA,0
"941",8,170,68,68533,"00790001","060040416",68533005,1,41190100,9,1,0,0,0,NA,0,0,0,0
"942",8,170,68,68533,"00830001","060545070",68533005,1,41190100,50,1,0,0,0,NA,0,0,0,0
"943",8,170,68,68533,"00910001","060038397",68533005,1,41190300,30,1,0,0,0,NA,0,0,0,0
"944",8,170,68,68533,"00940001","060038280",68533008,1,41220700,0,0,0,0,0,NA,0,0,0,0
"945",8,170,68,68533,"01840001","060040388",68533005,1,41229900,12,1,56,1,0,NA,0,0,0,0
"946",8,170,68,68547,"00230001","060043682",68547041,1,41190300,600,1,600,1,0,NA,0,0,0,0
"947",8,170,68,68547,"00350000","003079547",68547026,1,41220600,300,1,300,1,NA,NA,NA,0,NA,0
"948",8,170,68,68547,"00410000","001454707",68547042,1,41229900,0,0,0,0,NA,NA,NA,0,NA,0
"949",8,170,68,68547,"00440001","060047175",68547021,0,41229900,2.5,1,0,0,1,NA,NA,NA,NA,NA
"950",8,170,68,68547,"00560000","003025214",68547042,1,41190300,375,1,375,1,NA,NA,NA,0,NA,0
"951",8,170,68,68547,"00563551","060044643",68547042,1,41190300,375,1,375,1,0,NA,0,0,0,0
"952",8,170,68,68547,"00650000","083025329",68547042,18,41190300,0,0,200,1,NA,NA,NA,0,NA,0
"953",8,170,68,68547,"00650000","083025329",68547042,28,41190400,2,1,0,0,NA,NA,NA,0,NA,0
"954",8,170,68,68547,"00650001","060044634",68547042,2,41190400,200,1,0,0,0,NA,0,0,0,0
"955",8,170,68,68547,"00660000","083025217",68547999,18,41190300,5,1,5,1,NA,NA,NA,0,NA,0
"956",8,170,68,68547,"00660000","083025217",68547999,28,41190400,5,1,5,1,NA,NA,NA,0,NA,0
"957",8,170,68,68547,"00660000","083025368",68547042,18,41190300,2.25,1,0,0,NA,NA,NA,0,NA,0
"958",8,170,68,68547,"00660000","083025368",68547042,28,41120199,0,0,2.25,1,NA,NA,NA,0,NA,0
"959",8,170,68,68547,"00690000","003025244",68547042,1,41190300,75,1,75,1,NA,NA,NA,0,NA,0
"960",8,170,68,68547,"00690000","003025244",68547042,2,41190600,75,1,75,1,NA,NA,NA,0,NA,0
"961",8,170,68,68547,"00760000","003025212",68547042,1,41190300,150,1,150,1,NA,NA,NA,0,NA,0
"962",8,170,68,68547,"00760001","060044665",68547042,1,41190300,150,1,150,1,0,NA,0,0,0,0
"963",8,170,68,68547,"00940001","060046901",68547021,1,41190600,10,1,0,0,0,NA,0,0,0,0
"964",8,170,68,68547,"01260001","060043680",68547041,2,41220300,750,1,0,0,0,NA,0,0,0,0
"965",8,170,68,68547,"01270001","060041019",68547041,1,41190300,200,1,100,1,0,NA,0,0,0,0
"966",8,170,68,68547,"01450000","003072941",68547049,1,41190200,300,1,300,1,NA,NA,NA,0,NA,0
"967",8,170,68,68547,"01740000","083079211",68547018,18,41190400,80,1,0,0,NA,NA,NA,0,NA,0
"968",8,170,68,68547,"01940001","060042933",68547048,1,41190400,10,1,0,0,0,NA,0,0,0,0
"969",8,170,68,68547,"02170001","060043344",68547021,3,41190300,1000,1,1000,1,0,NA,0,0,0,0
"970",8,170,68,68547,"02260000","003025246",68547002,1,41190400,100,1,1000,1,NA,NA,NA,0,NA,0
"971",8,170,68,68547,"02450001","060045157",68547016,1,41220700,10,1,10,1,0,NA,0,0,0,0
"972",8,170,68,68547,"03660001","060043607",68547021,1,41190300,100,1,0,0,0,NA,0,0,0,0
"973",8,170,68,68547,"04990001","060047866",68547018,1,41190100,90,1,90,1,0,NA,0,0,0,0
"974",8,170,68,68547,"05310001","060047199",68547021,1,41190300,250,1,250,1,0,NA,0,0,0,0
"975",8,170,68,68547,"05570001","060046768",68547021,1,41221100,10,1,10,1,0,NA,0,0,0,0
"976",8,170,68,68547,"08880000","001561957",68547033,NA,41229900,0,0,0,0,1,NA,NA,NA,NA,NA
"977",8,170,68,68549,"00090001","060043845",68549002,1,41190100,1,1,1,1,0,NA,0,0,0,0
"978",8,170,68,68549,"00500001","060044508",68549007,1,41190500,15,1,0,0,0,NA,0,0,0,0
"979",8,170,68,68549,"00610000","083067859",68549004,18,41229900,10,1,4,1,NA,NA,NA,0,NA,0
"980",8,170,68,68549,"00749931","060041089",68549003,1,41229900,10,1,10,1,0,NA,0,0,0,0
"981",8,170,68,68549,"00790001","060042727",68549007,1,41190300,0,0,150,1,0,NA,0,0,0,0
"982",8,170,68,68549,"00980001","060043724",68549007,1,41190300,5,1,5,1,0,NA,0,0,0,0
"983",8,170,68,68549,"02000001","060042726",68549007,1,41190300,0,0,500,1,0,NA,0,0,0,0
"984",8,170,68,68549,"02430001","060042620",68549007,1,41190300,90,1,130,1,0,NA,0,0,0,0
"985",8,170,68,68572,"00080001","060047159",68572019,1,41229900,10,1,10,1,0,NA,0,0,0,0
"986",8,170,68,68572,"00110001","060045417",68572010,1,41220400,1,1,1,1,0,NA,0,0,0,0
"987",8,170,68,68572,"00220000","003030017",68572022,1,41190400,60,1,0,0,NA,NA,NA,0,NA,0
"988",8,170,68,68572,"00220000","081547247",68572023,18,41221400,0,0,0,0,NA,NA,NA,0,NA,0
"989",8,170,68,68572,"00250001","060048167",68572013,1,41229900,0,0,12,1,0,NA,0,0,0,0
"990",8,170,68,68572,"00460000","001547248",68572023,1,41229900,0,0,0,0,NA,NA,NA,0,NA,0
"991",8,170,68,68572,"00560001","060048343",68572027,1,41222200,5,1,5,1,0,NA,0,0,0,0
"992",8,170,68,68572,"00600001","060046685",68572014,1,41190500,100,1,100,1,0,NA,0,0,0,0
"993",8,170,68,68572,"00610001","060048026",68572006,1,41190300,2,1,2,1,0,NA,0,0,0,0
"994",8,170,68,68572,"00720001","060048374",68572010,1,41190400,0,0,0,0,0,NA,0,0,0,0
"995",8,170,68,68572,"00850001","060045791",68572010,1,41190300,0,0,0,0,0,NA,0,0,0,0
"996",8,170,68,68572,"00880001","060048793",68572025,1,41190100,0,0,0,0,0,NA,0,0,0,0
"997",8,170,68,68572,"00890001","060047081",68572013,1,41190500,30,1,0,0,0,NA,0,0,0,0
"998",8,170,68,68572,"00960001","060047212",68572013,1,41120199,10,1,10,1,0,NA,0,0,0,0
"999",8,170,68,68572,"01060000","082350290",68572022,18,41229900,0,0,0,0,NA,NA,NA,0,NA,0
"1000",8,170,68,68572,"01220001","060042107",68572012,1,41190100,100,1,0,0,0,NA,0,0,0,0
"1001",8,170,68,68572,"01230001","060046831",68572014,1,41221400,0,0,0,0,0,NA,0,0,0,0
"1002",8,170,68,68572,"01370001","060048485",68572010,1,41120103,2,1,3,1,0,NA,0,0,0,0
"1003",8,170,68,68572,"01380001","060045798",68572010,1,41190400,10,1,0,0,0,NA,0,0,0,0
"1004",8,170,68,68572,"01460001","060046691",68572014,1,41229900,20,1,20,1,0,NA,0,0,0,0
"1005",8,170,68,68572,"01760001","060043928",68572014,1,41229900,200,1,150,1,0,NA,0,0,0,0
"1006",8,170,68,68572,"02330001","060046922",68572009,1,42129900,2,1,1,1,0,NA,0,0,0,0
"1007",8,170,68,68572,"02650001","060047463",68572009,1,41120103,4,1,6,1,0,NA,0,0,0,0
"1008",8,170,68,68572,"03600001","060048334",68572001,1,41222200,5,1,5,1,0,NA,0,0,0,0
"1009",8,170,68,68572,"06410001","060042568",68572009,1,41229900,1,1,1,1,0,NA,0,0,0,0
"1010",8,170,68,68573,"00020000","083032446",68573018,18,41120101,2.55,1,2.55,1,NA,NA,NA,0,NA,0
"1011",8,170,68,68573,"00020000","083032446",68573018,28,41120199,0.6,1,0.6,1,NA,NA,NA,0,NA,0
"1012",8,170,68,68573,"00020000","083032446",68573018,38,41229900,0.9,1,0.9,1,NA,NA,NA,0,NA,0
"1013",8,170,68,68573,"00030000","083032560",68573008,18,42129900,0,0,0,0,NA,NA,NA,0,NA,0
"1014",8,170,68,68573,"00140000","083032700",68573005,18,41120105,0,0,0,0,NA,NA,NA,0,NA,0
"1015",8,170,68,68573,"00150000","083032558",68573008,18,41229900,0,0,0,0,NA,NA,NA,0,NA,0
"1016",8,170,68,68573,"00190000","083032546",68573008,18,41190600,0,0,0,0,NA,NA,NA,0,NA,0
"1017",8,170,68,68573,"00190000","083032670",68573002,18,41221600,10,1,20,1,NA,NA,NA,0,NA,0
"1018",8,170,68,68573,"00190000","083032670",68573002,28,41220300,10,1,20,1,NA,NA,NA,0,NA,0
"1019",8,170,68,68573,"00210000","083032596",68573012,18,41120101,1,1,1,1,NA,NA,NA,0,NA,0
"1020",8,170,68,68573,"00210000","083032596",68573012,28,41190600,1,1,1,1,NA,NA,NA,0,NA,0
"1021",8,170,68,68573,"00340000","083032571",68573012,18,41120101,1,1,1,1,NA,NA,NA,0,NA,0
"1022",8,170,68,68573,"00340000","083032571",68573012,28,41190600,1,1,1,1,NA,NA,NA,0,NA,0
"1023",8,170,68,68573,"00340000","083032571",68573012,38,41190900,1,1,1,1,NA,NA,NA,0,NA,0
"1024",8,170,68,68573,"00560000","083032405",68573007,18,41190600,0,0,0,0,NA,NA,NA,0,NA,0
"1025",8,170,68,68573,"00610000","083032402",68573007,18,41190600,0,0,0,0,NA,NA,NA,0,NA,0
"1026",8,170,68,68573,"00610000","083032402",68573007,28,41220300,0,0,0,0,NA,NA,NA,0,NA,0
"1027",8,170,68,68573,"00610000","083032402",68573007,38,41220600,0,0,0,0,NA,NA,NA,0,NA,0
"1028",8,170,68,68573,"00610000","083032402",68573007,48,41222000,0,0,0,0,NA,NA,NA,0,NA,0
"1029",8,170,68,68573,"00740000","088032414",68573007,18,41229900,20,1,0,0,NA,NA,NA,0,NA,0
"1030",8,170,68,68573,"00880000","083032450",68573007,18,41229900,0,0,0,0,NA,NA,NA,0,NA,0
"1031",8,170,68,68573,"01040000","083032597",68573012,18,41190600,1,1,0,0,NA,NA,NA,0,NA,0
"1032",8,170,68,68573,"01040000","083032597",68573012,28,41120199,1,1,0,0,NA,NA,NA,0,NA,0
"1033",8,170,68,68573,"01040000","083032597",68573012,38,41120101,1,1,0,0,NA,NA,NA,0,NA,0
"1034",8,170,68,68575,"00090000","083031882",68575004,18,41190600,50,1,0,0,NA,NA,NA,0,NA,0
"1035",8,170,68,68575,"00090000","083031882",68575004,28,41190900,4,1,0,0,NA,NA,NA,0,NA,0
"1036",8,170,68,68575,"00090000","083031882",68575004,38,41221200,10,1,0,0,NA,NA,NA,0,NA,0
"1037",8,170,68,68575,"00110000","083031630",68575007,18,41120101,40,1,40,1,NA,NA,NA,0,NA,0
"1038",8,170,68,68575,"00110000","083031630",68575007,28,41190900,50,1,50,1,NA,NA,NA,0,NA,0
"1039",8,170,68,68575,"00110000","083031630",68575007,38,41190300,50,1,50,1,NA,NA,NA,0,NA,0
"1040",8,170,68,68575,"00110000","083031630",68575007,48,41190600,200,1,200,1,NA,NA,NA,0,NA,0
"1041",8,170,68,68575,"00130000","083031657",68575014,18,41190600,100,1,0,0,NA,NA,NA,0,NA,0
"1042",8,170,68,68575,"00130000","083031657",68575014,28,41190900,15,1,0,0,NA,NA,NA,0,NA,0
"1043",8,170,68,68575,"00130000","083031657",68575014,38,41221200,50,1,0,0,NA,NA,NA,0,NA,0
"1044",8,170,68,68575,"00130000","083031657",68575014,48,41220300,40,1,0,0,NA,NA,NA,0,NA,0
"1045",8,170,68,68575,"00150000","083031886",68575004,18,41190600,30,1,0,0,NA,NA,NA,0,NA,0
"1046",8,170,68,68575,"00150000","083031886",68575004,28,41190400,9,1,0,0,NA,NA,NA,0,NA,0
"1047",8,170,68,68575,"00150000","083031886",68575004,38,41120101,85,1,0,0,NA,NA,NA,0,NA,0
"1048",8,170,68,68575,"00290000","083083614",68575001,18,41120101,1,1,0,0,NA,NA,NA,0,NA,0
"1049",8,170,68,68575,"00370000","083008247",68575002,18,41190900,3,1,90,1,NA,NA,NA,0,NA,0
"1050",8,170,68,68575,"00370000","083008247",68575002,28,41120101,850,1,150,1,NA,NA,NA,0,NA,0
"1051",8,170,68,68575,"00370000","083008247",68575002,38,41190600,150,1,150,1,NA,NA,NA,0,NA,0
"1052",8,170,68,68575,"00370000","083008247",68575002,48,41221200,10,1,100,1,NA,NA,NA,0,NA,0
"1053",8,170,68,68575,"00370000","083008393",68575002,28,41120101,246,1,0,0,NA,NA,NA,0,NA,0
"1054",8,170,68,68575,"00370000","083008393",68575002,38,41190600,300,1,0,0,NA,NA,NA,0,NA,0
"1055",8,170,68,68575,"00400000","083031636",68575001,18,41229900,1,1,1,1,NA,NA,NA,0,NA,0
"1056",8,170,68,68575,"00470000","083031635",68575001,18,41190600,360,1,0,0,NA,NA,NA,0,NA,0
"1057",8,170,68,68575,"00470000","083031635",68575001,28,41190900,18,1,0,0,NA,NA,NA,0,NA,0
"1058",8,170,68,68575,"00470000","083031635",68575001,38,41220600,225,1,0,0,NA,NA,NA,0,NA,0
"1059",8,170,68,68575,"00470000","083031635",68575001,48,41120101,1700,1,0,0,NA,NA,NA,0,NA,0
"1060",8,170,68,68575,"00500000","083008371",68575001,18,41190600,100,1,0,0,NA,NA,NA,0,NA,0
"1061",8,170,68,68575,"00500000","083008371",68575001,28,41190900,30,1,0,0,NA,NA,NA,0,NA,0
"1062",8,170,68,68575,"00500000","083008371",68575001,38,41221200,40,1,0,0,NA,NA,NA,0,NA,0
"1063",8,170,68,68575,"00500000","083031963",68575004,18,41229900,0,0,0,0,NA,NA,NA,0,NA,0
"1064",8,170,68,68575,"00500000","083061389",68575005,18,41190600,0,0,0,0,NA,NA,NA,0,NA,0
"1065",8,170,68,68575,"00560000","083031823",68575005,18,41229900,0,0,0,0,NA,NA,NA,0,NA,0
"1066",8,170,68,68575,"00620000","083031854",68575003,18,41190600,100,1,100,1,NA,NA,NA,0,NA,0
"1067",8,170,68,68575,"00670000","083031650",68575001,18,41190900,1.2,1,4,1,NA,NA,NA,0,NA,0
"1068",8,170,68,68575,"00810000","083031965",13473010,18,41190400,1,1,1,1,NA,NA,NA,0,NA,0
"1069",8,170,68,68575,"00940000","083083613",68575001,18,41120101,1,1,0,0,NA,NA,NA,0,NA,0
"1070",8,170,68,68575,"01040000","083008359",68575014,18,41190900,15,1,15,1,NA,NA,NA,0,NA,0
"1071",8,170,68,68575,"01040000","083008359",68575014,28,41120101,1700,1,2550,1,NA,NA,NA,0,NA,0
"1072",8,170,68,68575,"01040000","083008359",68575014,38,41190600,750,1,750,1,NA,NA,NA,0,NA,0
"1073",8,170,68,68575,"01230000","083008345",68575001,18,41229900,0,0,0,0,NA,NA,NA,0,NA,0
"1074",8,170,68,68575,"01230000","083008345",68575001,28,41220600,0,0,0,0,NA,NA,NA,0,NA,0
"1075",8,170,68,68575,"01230000","083008345",68575001,38,41221200,0,0,0,0,NA,NA,NA,0,NA,0
"1076",8,170,68,68575,"01290000","083008375",68575001,18,41190900,25,1,0,0,NA,NA,NA,0,NA,0
"1077",8,170,68,68575,"01290000","083008375",68575001,28,41190600,40,1,0,0,NA,NA,NA,0,NA,0
"1078",8,170,68,68575,"01290000","083008375",68575001,38,41120101,30,1,0,0,NA,NA,NA,0,NA,0
"1079",8,170,68,68575,"01320000","083031623",68575001,18,41190600,60,1,0,0,NA,NA,NA,0,NA,0
"1080",8,170,68,68575,"01320000","083031623",68575001,28,41120101,8,1,0,0,NA,NA,NA,0,NA,0
"1081",8,170,68,68575,"01340000","083083609",68575001,18,41229900,0,0,0,0,NA,NA,NA,0,NA,0
"1082",8,170,68,68575,"01400000","083031962",68575003,18,41229900,1,1,1,1,NA,NA,NA,0,NA,0
"1083",8,170,68,68575,"01410000","083008392",68575001,18,41190600,100,1,0,0,NA,NA,NA,0,NA,0
"1084",8,170,68,68575,"01410000","083008392",68575001,28,41222000,40,1,0,0,NA,NA,NA,0,NA,0
"1085",8,170,68,68575,"01410000","083008392",68575001,38,41120101,52,1,0,0,NA,NA,NA,0,NA,0
"1086",8,170,68,68575,"01420000","083031651",68575001,18,41229900,0,0,0,0,NA,NA,NA,0,NA,0
"1087",8,170,68,68575,"01470000","083031961",68575004,18,41190600,1,1,0,0,NA,NA,NA,0,NA,0
"1088",8,170,68,68575,"01480000","083008328",68575001,18,41190600,1,1,0,0,NA,NA,NA,0,NA,0
"1089",8,170,68,68575,"01480000","083008328",68575001,28,41222000,1,1,0,0,NA,NA,NA,0,NA,0
"1090",8,170,68,68575,"01480000","083008328",68575001,38,41229900,1,1,0,0,NA,NA,NA,0,NA,0
"1091",8,170,68,68575,"01500000","083008329",68575001,18,41190600,200,1,0,0,NA,NA,NA,0,NA,0
"1092",8,170,68,68575,"01500000","083008329",68575001,28,41229900,1000,1,0,0,NA,NA,NA,0,NA,0
"1093",8,170,68,68575,"01500000","083008329",68575001,38,41120101,1000,1,0,0,NA,NA,NA,0,NA,0
"1094",8,170,68,68575,"01500000","083008372",68575001,18,41120101,25,1,0,0,NA,NA,NA,0,NA,0
"1095",8,170,68,68575,"01500000","083008372",68575001,28,41190600,40,1,0,0,NA,NA,NA,0,NA,0
"1096",8,170,68,68575,"01500000","083008372",68575001,38,41221200,20,1,0,0,NA,NA,NA,0,NA,0
"1097",8,170,68,68575,"01500000","083008372",68575001,48,41190900,30,1,0,0,NA,NA,NA,0,NA,0
"1098",8,170,68,68575,"01520000","083008387",68575001,18,41229900,0,0,0,0,NA,NA,NA,0,NA,0
"1099",8,170,68,68575,"01530000","083008325",68575001,18,41190600,50,1,0,0,NA,NA,NA,0,NA,0
"1100",8,170,68,68575,"01530000","083008325",68575001,28,41190300,50,1,0,0,NA,NA,NA,0,NA,0
"1101",8,170,68,68575,"01530000","083008325",68575001,38,41222000,30,1,0,0,NA,NA,NA,0,NA,0
"1102",8,170,68,68575,"01530000","083008325",68575001,48,41220900,10,1,0,0,NA,NA,NA,0,NA,0
"1103",8,170,68,68575,"01570000","083031638",68575001,18,41190600,150,1,0,0,NA,NA,NA,0,NA,0
"1104",8,170,68,68575,"01570000","083031638",68575001,28,41120101,425,1,0,0,NA,NA,NA,0,NA,0
"1105",8,170,68,68575,"01570000","083031638",68575001,38,41222000,4.5,1,0,0,NA,NA,NA,0,NA,0
"1106",8,170,68,68575,"01670000","083008037",68575002,18,41229900,0,0,0,0,NA,NA,NA,0,NA,0
"1107",8,170,68,68575,"01700000","083008316",68575002,18,41190900,25,1,25,1,NA,NA,NA,0,NA,0
"1108",8,170,68,68575,"01700000","083008316",68575002,28,41120101,10,1,10,1,NA,NA,NA,0,NA,0
"1109",8,170,68,68575,"01700000","083008316",68575002,38,41190600,45,1,105,1,NA,NA,NA,0,NA,0
"1110",8,170,68,68575,"01700000","083031668",68575002,18,41190600,90,1,12,1,NA,NA,NA,0,NA,0
"1111",8,170,68,68575,"01700000","083031668",68575002,28,41120101,80,1,100,1,NA,NA,NA,0,NA,0
"1112",8,170,68,68575,"01710000","083008018",68575002,18,41190600,150,1,150,1,NA,NA,NA,0,NA,0
"1113",8,170,68,68575,"01710000","083008018",68575002,28,41120101,125,1,125,1,NA,NA,NA,0,NA,0
"1114",8,170,68,68575,"01710000","083008018",68575002,38,41190900,62.5,1,62.5,1,NA,NA,NA,0,NA,0
"1115",8,170,68,68575,"01950000","083008038",68575002,18,41120101,0,0,0,0,NA,NA,NA,0,NA,0
"1116",8,170,68,68575,"01970000","083008026",68575002,18,41190600,15,1,0,0,NA,NA,NA,0,NA,0
"1117",8,170,68,68575,"01970000","083008026",68575002,28,41229900,20,1,0,0,NA,NA,NA,0,NA,0
"1118",8,170,68,68575,"01970000","083008029",68575002,18,41190600,50,1,0,0,NA,NA,NA,0,NA,0
"1119",8,170,68,68575,"01970000","083008029",68575002,28,41120101,50,1,0,0,NA,NA,NA,0,NA,0
"1120",8,170,68,68575,"01970000","083008029",68575002,38,41190900,50,1,0,0,NA,NA,NA,0,NA,0
"1121",8,170,68,68575,"02070000","083031876",68575013,18,41229900,0,0,0,0,NA,NA,NA,0,NA,0
"1122",8,170,68,68575,"02090000","083061387",68575013,18,41190600,0,0,0,0,NA,NA,NA,0,NA,0
"1123",8,170,68,68575,"02190000","083061419",68575013,18,41190600,10,1,0,0,NA,NA,NA,0,NA,0
"1124",8,170,68,68575,"02190000","083061441",68575013,18,41190600,0,0,10,1,NA,NA,NA,0,NA,0
"1125",8,170,68,68575,"02220000","083008041",68575002,18,41120101,700,1,700,1,NA,NA,NA,0,NA,0
"1126",8,170,68,68575,"02220000","083008041",68575002,28,41190600,700,1,700,1,NA,NA,NA,0,NA,0
"1127",8,170,68,68575,"02660000","083008051",68575002,18,41190600,2500,1,1000,1,NA,NA,NA,0,NA,0
"1128",8,170,68,68575,"03370000","083008128",68575002,18,41229900,1200,1,1200,1,NA,NA,NA,0,NA,0
"1129",8,170,68,68575,"04300000","083031648",68575014,18,41190600,1,1,0,0,NA,NA,NA,0,NA,0
"1130",8,170,68,68575,"04370000","083008219",68575002,18,41190600,150,1,120,1,NA,NA,NA,0,NA,0
"1131",8,170,68,68575,"04380000","083008274",68575002,18,41229900,200,1,500,1,NA,NA,NA,0,NA,0
"1132",8,170,68,68575,"04430000","083008034",68575002,18,41190600,0,0,0,0,NA,NA,NA,0,NA,0
"1133",8,170,68,68575,"04430000","083008034",68575002,28,41221200,0,0,0,0,NA,NA,NA,0,NA,0
"1134",8,170,68,68575,"04430000","083008175",68575002,18,41190600,30,1,0,0,NA,NA,NA,0,NA,0
"1135",8,170,68,68575,"04430000","083008175",68575002,38,41120101,135,1,0,0,NA,NA,NA,0,NA,0
"1136",8,170,68,68575,"04430000","083008235",68575002,18,41190900,75,1,70,1,NA,NA,NA,0,NA,0
"1137",8,170,68,68575,"04430000","083008235",68575002,28,41190600,500,1,500,1,NA,NA,NA,0,NA,0
"1138",8,170,68,68575,"04430000","083008237",68575002,18,41190900,25,1,0,0,NA,NA,NA,0,NA,0
"1139",8,170,68,68575,"04430000","083008237",68575002,28,41190600,125,1,0,0,NA,NA,NA,0,NA,0
"1140",8,170,68,68575,"04430000","083008237",68575002,38,41120101,75,1,0,0,NA,NA,NA,0,NA,0
"1141",8,170,68,68575,"04430000","083008238",68575002,18,41190900,0,0,0,0,NA,NA,NA,0,NA,0
"1142",8,170,68,68575,"04430000","083008238",68575002,28,41190600,0,0,0,0,NA,NA,NA,0,NA,0
"1143",8,170,68,68575,"04430000","083008238",68575002,38,41120101,0,0,0,0,NA,NA,NA,0,NA,0
"1144",8,170,68,68575,"04430000","083008259",68575002,18,41120101,0,0,0,0,NA,NA,NA,0,NA,0
"1145",8,170,68,68575,"04430000","083008259",68575002,28,41190900,0,0,0,0,NA,NA,NA,0,NA,0
"1146",8,170,68,68575,"04430000","083008259",68575002,38,41190600,0,0,0,0,NA,NA,NA,0,NA,0
"1147",8,170,68,68575,"04430000","083008262",68575002,18,41190900,37,1,30,1,NA,NA,NA,0,NA,0
"1148",8,170,68,68575,"04430000","083008262",68575002,28,41190600,150,1,180,1,NA,NA,NA,0,NA,0
"1149",8,170,68,68575,"04430000","083008263",68575002,18,41190600,90,1,120,1,NA,NA,NA,0,NA,0
"1150",8,170,68,68575,"04430000","083008263",68575002,28,41190900,4.5,1,3,1,NA,NA,NA,0,NA,0
"1151",8,170,68,68575,"04430000","083008266",68575002,18,41190900,12,1,24,1,NA,NA,NA,0,NA,0
"1152",8,170,68,68575,"04430000","083008266",68575002,28,41120101,24,1,12,1,NA,NA,NA,0,NA,0
"1153",8,170,68,68575,"04430000","083008266",68575002,38,41190600,450,1,300,1,NA,NA,NA,0,NA,0
"1154",8,170,68,68575,"04430000","083008306",68575002,18,41190900,40,1,48,1,NA,NA,NA,0,NA,0
"1155",8,170,68,68575,"04430000","083008306",68575002,28,41120101,20,1,30,1,NA,NA,NA,0,NA,0
"1156",8,170,68,68575,"04430000","083008306",68575002,38,41190600,300,1,225,1,NA,NA,NA,0,NA,0
"1157",8,170,68,68575,"04430000","083008314",68575002,18,41190900,9,1,9,1,NA,NA,NA,0,NA,0
"1158",8,170,68,68575,"04430000","083008318",68575002,18,41120101,37,1,750,1,NA,NA,NA,0,NA,0
"1159",8,170,68,68575,"04430000","083008318",68575002,28,41190900,37,1,37,1,NA,NA,NA,0,NA,0
"1160",8,170,68,68575,"04430000","083008320",68575002,18,41120101,20,1,10,1,NA,NA,NA,0,NA,0
"1161",8,170,68,68575,"04430000","083008320",68575002,28,41190900,40,1,25,1,NA,NA,NA,0,NA,0
"1162",8,170,68,68575,"04430000","083008320",68575002,38,41190600,375,1,300,1,NA,NA,NA,0,NA,0
"1163",8,170,68,68575,"04430000","083008330",68575002,18,41120101,10,1,0,0,NA,NA,NA,0,NA,0
"1164",8,170,68,68575,"04430000","083008330",68575002,28,41190900,10,1,0,0,NA,NA,NA,0,NA,0
"1165",8,170,68,68575,"04430000","083008330",68575002,38,41190600,200,1,0,0,NA,NA,NA,0,NA,0
"1166",8,170,68,68575,"04430000","083008332",68575002,18,41190900,60,1,0,0,NA,NA,NA,0,NA,0
"1167",8,170,68,68575,"04430000","083008332",68575002,28,41190600,150,1,0,0,NA,NA,NA,0,NA,0
"1168",8,170,68,68575,"04430000","083008333",68575002,18,41190900,55,1,0,0,NA,NA,NA,0,NA,0
"1169",8,170,68,68575,"04430000","083008333",68575002,28,41190600,150,1,0,0,NA,NA,NA,0,NA,0
"1170",8,170,68,68575,"04430000","083008339",68575002,18,41190600,300,1,300,1,NA,NA,NA,0,NA,0
"1171",8,170,68,68575,"04430000","083008339",68575002,28,41190900,7.5,1,7.5,1,NA,NA,NA,0,NA,0
"1172",8,170,68,68575,"04430000","083008355",68575002,18,41190600,3750,1,3750,1,NA,NA,NA,0,NA,0
"1173",8,170,68,68575,"04430000","083008355",68575002,28,41120101,500,1,500,1,NA,NA,NA,0,NA,0
"1174",8,170,68,68575,"04430000","083008355",68575002,38,41190900,19,1,20,1,NA,NA,NA,0,NA,0
"1175",8,170,68,68575,"04430000","083031604",68575002,18,41190600,20,1,0,0,NA,NA,NA,0,NA,0
"1176",8,170,68,68575,"04430000","083031604",68575002,28,41120101,30,1,0,0,NA,NA,NA,0,NA,0
"1177",8,170,68,68575,"04430000","083031604",68575002,38,41190900,30,1,0,0,NA,NA,NA,0,NA,0
"1178",8,170,68,68575,"04436203","060578958",68575002,2,41190600,500,1,500,1,0,NA,0,0,0,0
"1179",8,170,68,68575,"04640000","083008248",13160043,18,41120101,40,1,0,0,NA,NA,NA,0,NA,0
"1180",8,170,68,68575,"04640000","083008248",13160043,28,41190900,50,1,0,0,NA,NA,NA,0,NA,0
"1181",8,170,68,68575,"04640000","083008248",13160043,38,41190300,50,1,0,0,NA,NA,NA,0,NA,0
"1182",8,170,68,68575,"04640000","083008248",13160043,48,41190600,200,1,0,0,NA,NA,NA,0,NA,0
"1183",8,170,68,68575,"04640000","083008249",13160043,18,41190900,9,1,0,0,NA,NA,NA,0,NA,0
"1184",8,170,68,68575,"04640000","083008249",13160043,28,41221200,6,1,0,0,NA,NA,NA,0,NA,0
"1185",8,170,68,68615,"00010000","003285228",68615073,1,41190600,400,1,50,1,NA,NA,NA,0,NA,0
"1186",8,170,68,68615,"00080000","003087219",68615088,1,41120101,20,1,0,0,NA,NA,NA,0,NA,0
"1187",8,170,68,68615,"00080000","003087219",68615088,2,41190600,1,1,0,0,NA,NA,NA,0,NA,0
"1188",8,170,68,68615,"00080000","003087219",68615088,3,41220700,10,1,0,0,NA,NA,NA,0,NA,0
"1189",8,170,68,68615,"00080001","060045979",68615035,1,41190300,5,1,2500,1,0,NA,0,0,0,0
"1190",8,170,68,68615,"00140000","003408687",68615002,1,41190500,0,0,0,0,NA,NA,NA,0,NA,0
"1191",8,170,68,68615,"00140000","003408687",68615002,2,41220300,0,0,0,0,NA,NA,NA,0,NA,0
"1192",8,170,68,68615,"00140000","003408687",68615002,3,41190600,0,0,0,0,NA,NA,NA,0,NA,0
"1193",8,170,68,68615,"00180000","001050967",68615060,1,41190600,13,1,12,1,NA,NA,NA,0,NA,0
"1194",8,170,68,68615,"00180000","007325442",68615063,1,41190600,0,0,0,0,NA,NA,NA,0,NA,0
"1195",8,170,68,68615,"00180000","007325442",68615063,2,41190300,0,0,0,0,NA,NA,NA,0,NA,0
"1196",8,170,68,68615,"00200001","060042452",68615050,1,41190300,350,1,350,1,0,NA,0,0,0,0
"1197",8,170,68,68615,"00270000","083070279",68615091,18,41190400,1250,1,1250,1,NA,NA,NA,0,NA,0
"1198",8,170,68,68615,"00300000","083070281",68615036,18,41190400,250,1,250,1,NA,NA,NA,0,NA,0
"1199",8,170,68,68615,"00400001","060045457",68615007,1,41190300,0,0,0,0,0,NA,0,0,0,0
"1200",8,170,68,68615,"00420000","001400610",68615060,1,41190600,0,0,0,0,NA,NA,NA,0,NA,0
"1201",8,170,68,68615,"00420000","001400610",68615060,2,41190900,0,0,0,0,NA,NA,NA,0,NA,0
"1202",8,170,68,68615,"00420000","003285473",68615081,1,41190600,40,1,40,1,NA,NA,NA,0,NA,0
"1203",8,170,68,68615,"00670000","001400469",68615102,1,41229900,50,1,120,1,NA,NA,NA,0,NA,0
"1204",8,170,68,68615,"00710000","003070180",68615092,1,41190300,25,1,25,1,NA,NA,NA,0,NA,0
"1205",8,170,68,68615,"00710000","003070180",68615092,2,41220300,25,1,25,1,NA,NA,NA,0,NA,0
"1206",8,170,68,68615,"00710000","003070180",68615092,3,41190400,25,1,25,1,NA,NA,NA,0,NA,0
"1207",8,170,68,68615,"00760000","002228628",68615051,1,42129900,0,0,0,0,NA,NA,NA,0,NA,0
"1208",8,170,68,68615,"00760001","060041465",68444001,1,41229900,900,1,90,1,0,NA,0,0,0,0
"1209",8,170,68,68615,"00800000","002228631",68615051,1,42129900,0,0,0,0,NA,NA,NA,0,NA,0
"1210",8,170,68,68615,"00800000","002228694",68615051,1,42129900,0,0,0,0,NA,NA,NA,0,NA,0
"1211",8,170,68,68615,"00820000","001400687",68615095,1,41190600,100,1,0,0,NA,NA,NA,0,NA,0
"1212",8,170,68,68615,"00830000","001400475",68615017,1,41190600,0,0,0,0,NA,NA,NA,0,NA,0
"1213",8,170,68,68615,"01450000","002228698",68615051,1,41120199,20,1,0,0,NA,NA,NA,0,NA,0
"1214",8,170,68,68615,"01450000","002228698",68615051,2,41222500,5,1,0,0,NA,NA,NA,0,NA,0
"1215",8,170,68,68615,"01500000","003408413",68615059,1,41229900,0,0,0,0,NA,NA,NA,0,NA,0
"1216",8,170,68,68615,"01510000","001400470",68615095,1,41190600,0,0,0,0,NA,NA,NA,0,NA,0
"1217",8,170,68,68615,"01690000","003408725",68615004,1,41190600,0,0,0,0,NA,NA,NA,0,NA,0
"1218",8,170,68,68615,"01690000","003408725",68615004,2,41120101,0,0,0,0,NA,NA,NA,0,NA,0
"1219",8,170,68,68615,"01690000","003408725",68615004,3,41220300,0,0,0,0,NA,NA,NA,0,NA,0
"1220",8,170,68,68615,"01880001","060044123",68615064,1,41229900,10,1,10,1,0,NA,0,0,0,0
"1221",8,170,68,68615,"02130000","003079829",68615061,1,41220300,500,1,500,1,NA,NA,NA,0,NA,0
"1222",8,170,68,68615,"02130000","003079829",68615061,2,41190700,500,1,500,1,NA,NA,NA,0,NA,0
"1223",8,170,68,68615,"02130000","003079829",68615061,3,41229900,500,1,500,1,NA,NA,NA,0,NA,0
"1224",8,170,68,68615,"02140001","060042776",68615032,3,42129900,400,1,700,1,0,NA,0,0,0,0
"1225",8,170,68,68615,"03630001","060046304",68615024,1,41190600,0,0,0,0,0,NA,0,0,0,0
"1226",8,170,68,68615,"03720001","060046008",68615056,1,41190300,500,1,500,1,0,NA,0,0,0,0
"1227",8,170,68,68655,"00010000","082101152",68655003,18,41120101,1275,1,1700,1,NA,NA,NA,0,NA,0
"1228",8,170,68,68655,"00010000","082101152",68655003,28,41190600,300,1,225,1,NA,NA,NA,0,NA,0
"1229",8,170,68,68655,"00010000","082101152",68655003,38,41221200,60,1,40,1,NA,NA,NA,0,NA,0
"1230",8,170,68,68655,"00010000","082101153",68655003,18,41221200,80,1,100,1,NA,NA,NA,0,NA,0
"1231",8,170,68,68655,"00010000","082101153",68655003,28,41190600,900,1,1050,1,NA,NA,NA,0,NA,0
"1232",8,170,68,68655,"00010000","082101153",68655003,38,41190900,150,1,180,1,NA,NA,NA,0,NA,0
"1233",8,170,68,68655,"00010000","082101154",68655003,18,41190600,75,1,45,1,NA,NA,NA,0,NA,0
"1234",8,170,68,68655,"00010000","082101154",68655003,28,41221200,6,1,12,1,NA,NA,NA,0,NA,0
"1235",8,170,68,68655,"00010000","082101154",68655003,38,41120101,1275,1,850,1,NA,NA,NA,0,NA,0
"1236",8,170,68,68655,"00040000","083075180",68655054,18,41120101,1,1,1,1,NA,NA,NA,0,NA,0
"1237",8,170,68,68655,"00040000","083075180",68655054,28,41190600,1,1,1,1,NA,NA,NA,0,NA,0
"1238",8,170,68,68655,"00080000","083071235",68655028,18,41190600,12,1,60,1,NA,NA,NA,0,NA,0
"1239",8,170,68,68655,"00080000","083071235",68655028,28,41221000,125,1,30,1,NA,NA,NA,0,NA,0
"1240",8,170,68,68655,"00110000","083074816",68655054,18,41190600,1,1,1,1,NA,NA,NA,0,NA,0
"1241",8,170,68,68655,"00110000","083074816",68655054,28,41220500,1,1,1,1,NA,NA,NA,0,NA,0
"1242",8,170,68,68655,"00110000","083074816",68655054,38,41190400,1,1,1,1,NA,NA,NA,0,NA,0
"1243",8,170,68,68655,"00120000","083071287",68655030,18,41190600,50,1,50,1,NA,NA,NA,0,NA,0
"1244",8,170,68,68655,"00120000","083071287",68655030,28,41221000,50,1,50,1,NA,NA,NA,0,NA,0
"1245",8,170,68,68655,"00120000","083071287",68655030,38,41220500,50,1,50,1,NA,NA,NA,0,NA,0
"1246",8,170,68,68655,"00120000","083071287",68655030,48,41190400,50,1,50,1,NA,NA,NA,0,NA,0
"1247",8,170,68,68655,"00120001","060445999",68655030,1,41190600,50,1,50,1,0,NA,0,0,0,0
"1248",8,170,68,68655,"00150000","083071462",68655010,18,41190600,1500,1,0,0,NA,NA,NA,0,NA,0
"1249",8,170,68,68655,"00150000","083087479",68655010,18,41190600,480,1,480,1,NA,NA,NA,0,NA,0
"1250",8,170,68,68655,"00170000","083074997",68655043,18,41190600,30,1,0,0,NA,NA,NA,0,NA,0
"1251",8,170,68,68655,"00210000","083071238",68655001,18,41190600,15,1,15,1,NA,NA,NA,0,NA,0
"1252",8,170,68,68655,"00210000","083071238",68655001,28,41220500,15,1,15,1,NA,NA,NA,0,NA,0
"1253",8,170,68,68655,"00210001","060541776",68655010,1,41190600,15,1,3,1,0,NA,0,0,0,0
"1254",8,170,68,68655,"00310000","083075010",68655015,18,41190600,300,1,0,0,NA,NA,NA,0,NA,0
"1255",8,170,68,68655,"00310000","083075010",68655015,28,41220300,500,1,0,0,NA,NA,NA,0,NA,0
"1256",8,170,68,68655,"00310000","083075010",68655015,38,41120101,2550,1,0,0,NA,NA,NA,0,NA,0
"1257",8,170,68,68655,"00320000","083074805",68655030,18,41190600,10,1,10,1,NA,NA,NA,0,NA,0
"1258",8,170,68,68655,"00320000","083074805",68655030,28,41190900,10,1,10,1,NA,NA,NA,0,NA,0
"1259",8,170,68,68655,"00320001","060446000",68655030,1,41190600,10,1,10,1,0,NA,0,0,0,0
"1260",8,170,68,68655,"00330001","060541706",68655043,1,41229900,1000,1,1000,1,0,NA,0,0,0,0
"1261",8,170,68,68655,"00450000","081893407",68655003,18,41190600,750,1,300,1,NA,NA,NA,0,NA,0
"1262",8,170,68,68655,"00450000","082100959",68655003,18,41120101,100,1,0,0,NA,NA,NA,0,NA,0
"1263",8,170,68,68655,"00450000","082100959",68655003,28,41190900,20,1,0,0,NA,NA,NA,0,NA,0
"1264",8,170,68,68655,"00450000","082100959",68655003,38,41190600,60,1,0,0,NA,NA,NA,0,NA,0
"1265",8,170,68,68655,"00450000","082100960",68655052,18,41190600,300,1,0,0,NA,NA,NA,0,NA,0
"1266",8,170,68,68655,"00450000","082100960",68655052,28,41120101,85,1,0,0,NA,NA,NA,0,NA,0
"1267",8,170,68,68655,"00450000","082104857",68655003,18,41190600,35,1,35,1,NA,NA,NA,0,NA,0
"1268",8,170,68,68655,"00470000","083074910",68655033,18,41190600,15,1,15,1,NA,NA,NA,0,NA,0
"1269",8,170,68,68655,"00470000","083074910",68655033,28,41120101,850,1,850,1,NA,NA,NA,0,NA,0
"1270",8,170,68,68655,"00480000","083074967",68655033,18,41190600,20,1,0,0,NA,NA,NA,0,NA,0
"1271",8,170,68,68655,"00620000","083071207",68655001,18,41190600,75,1,75,1,NA,NA,NA,0,NA,0
"1272",8,170,68,68655,"00630000","083071258",68655030,18,41190600,300,1,300,1,NA,NA,NA,0,NA,0
"1273",8,170,68,68655,"00630000","083071258",68655030,28,41229900,300,1,300,1,NA,NA,NA,0,NA,0
"1274",8,170,68,68655,"00640000","083071226",68655028,18,41190600,90,1,90,1,NA,NA,NA,0,NA,0
"1275",8,170,68,68655,"00714846","060541708",68655030,2,41190400,20,1,20,1,0,NA,0,0,0,0
"1276",8,170,68,68655,"00720000","083071246",68655004,18,41190600,105,1,105,1,NA,NA,NA,0,NA,0
"1277",8,170,68,68655,"00720000","083071246",68655004,28,41190400,15,1,15,1,NA,NA,NA,0,NA,0
"1278",8,170,68,68655,"00770000","083087506",68655036,18,41190600,60,1,60,1,NA,NA,NA,0,NA,0
"1279",8,170,68,68655,"00770000","083087506",68655036,28,41220700,8,1,8,1,NA,NA,NA,0,NA,0
"1280",8,170,68,68655,"00790000","083071510",68655036,18,41190600,45,1,45,1,NA,NA,NA,0,NA,0
"1281",8,170,68,68655,"00790000","083071510",68655036,28,41120101,25.5,1,25.5,1,NA,NA,NA,0,NA,0
"1282",8,170,68,68655,"00790000","083071510",68655036,38,41220300,750,1,750,1,NA,NA,NA,0,NA,0
"1283",8,170,68,68655,"00820001","060541695",68655030,1,41229900,100,1,100,1,0,NA,0,0,0,0
"1284",8,170,68,68655,"00870000","083075111",68655015,18,41190600,15,1,0,0,NA,NA,NA,0,NA,0
"1285",8,170,68,68655,"00900001","060041826",68655030,1,41120199,10,1,0,0,0,NA,0,0,0,0
"1286",8,170,68,68655,"01020000","083071216",68655001,18,41190600,75,1,60,1,NA,NA,NA,0,NA,0
"1287",8,170,68,68655,"01090000","083071299",68655017,18,41190600,13,1,0,0,NA,NA,NA,0,NA,0
"1288",8,170,68,68655,"01090000","083071299",68655017,28,41220300,10,1,0,0,NA,NA,NA,0,NA,0
"1289",8,170,68,68655,"01090001","060041277",68655017,2,41190600,10,1,11,1,0,NA,0,0,0,0
"1290",8,170,68,68655,"01160000","083071222",68655017,18,41190600,12.5,1,12.5,1,NA,NA,NA,0,NA,0
"1291",8,170,68,68655,"01160000","083071222",68655017,28,41221000,12.5,1,12.5,1,NA,NA,NA,0,NA,0
"1292",8,170,68,68655,"01160000","083071222",68655017,38,41220300,3,1,3,1,NA,NA,NA,0,NA,0
"1293",8,170,68,68655,"01160000","083071222",68655017,48,41190900,3,1,3,1,NA,NA,NA,0,NA,0
"1294",8,170,68,68655,"01160000","083075156",68655017,18,41190600,34.5,1,34.5,1,NA,NA,NA,0,NA,0
"1295",8,170,68,68655,"01160000","083075157",68655017,18,41190400,3,1,3.9,1,NA,NA,NA,0,NA,0
"1296",8,170,68,68655,"01160000","083075157",68655017,28,41220500,40,1,44,1,NA,NA,NA,0,NA,0
"1297",8,170,68,68655,"01160000","083087526",68655017,18,41190600,12.5,1,0,0,NA,NA,NA,0,NA,0
"1298",8,170,68,68655,"01210000","083074804",68655054,18,41220500,1.5,1,0,0,NA,NA,NA,0,NA,0
"1299",8,170,68,68655,"01210000","083074804",68655054,28,41190600,120,1,0,0,NA,NA,NA,0,NA,0
"1300",8,170,68,68655,"01210000","083074804",68655054,38,41220300,875,1,0,0,NA,NA,NA,0,NA,0
"1301",8,170,68,68655,"01450000","081893466",68655027,18,41190600,600,1,0,0,NA,NA,NA,0,NA,0
"1302",8,170,68,68655,"01450000","081893466",68655027,28,41120101,85,1,0,0,NA,NA,NA,0,NA,0
"1303",8,170,68,68655,"01470000","083075012",68655027,18,41120101,255,1,0,0,NA,NA,NA,0,NA,0
"1304",8,170,68,68655,"01470000","083075012",68655027,28,41190600,4.5,1,0,0,NA,NA,NA,0,NA,0
"1305",8,170,68,68655,"01470000","083075012",68655027,38,41220300,75,1,0,0,NA,NA,NA,0,NA,0
"1306",8,170,68,68655,"01520000","083074851",68655022,18,41190900,2,1,0,0,NA,NA,NA,0,NA,0
"1307",8,170,68,68655,"01520000","083074851",68655022,28,41220300,4,1,0,0,NA,NA,NA,0,NA,0
"1308",8,170,68,68655,"01520000","083074851",68655022,38,41190600,1,1,0,0,NA,NA,NA,0,NA,0
"1309",8,170,68,68655,"01520000","083087515",68655028,18,41190300,400,1,0,0,NA,NA,NA,0,NA,0
"1310",8,170,68,68655,"01630000","083074948",68655020,18,41190600,45,1,0,0,NA,NA,NA,0,NA,0
"1311",8,170,68,68655,"01630000","083074951",68655020,18,41190600,60,1,30,1,NA,NA,NA,0,NA,0
"1312",8,170,68,68655,"01810000","083075133",68655054,18,41190300,75,1,75,1,NA,NA,NA,0,NA,0
"1313",8,170,68,68655,"01810000","083075133",68655054,28,41190600,75,1,75,1,NA,NA,NA,0,NA,0
"1314",8,170,68,68655,"01810000","083075133",68655054,38,41190400,300,1,300,1,NA,NA,NA,0,NA,0
"1315",8,170,68,68655,"01830000","083071568",68655054,18,41190600,125,1,0,0,NA,NA,NA,0,NA,0
"1316",8,170,68,68655,"01860000","083071469",68655028,18,41190600,3000,1,0,0,NA,NA,NA,0,NA,0
"1317",8,170,68,68655,"01860000","083071469",68655028,28,41190300,1,1,0,0,NA,NA,NA,0,NA,0
"1318",8,170,68,68655,"01860000","083071469",68655028,38,41190400,1,1,0,0,NA,NA,NA,0,NA,0
"1319",8,170,68,68655,"01980000","083074826",68655028,18,41190600,33,1,22.5,1,NA,NA,NA,0,NA,0
"1320",8,170,68,68655,"02040000","083075092",68655046,18,41190600,12,1,12,1,NA,NA,NA,0,NA,0
"1321",8,170,68,68655,"02040000","083075092",68655046,28,41221000,12,1,12,1,NA,NA,NA,0,NA,0
"1322",8,170,68,68655,"02040000","083075092",68655046,38,41190400,24,1,24,1,NA,NA,NA,0,NA,0
"1323",8,170,68,68655,"02080000","083071556",68655033,18,41190400,7,1,2,1,NA,NA,NA,0,NA,0
"1324",8,170,68,68655,"02090000","083071543",68655033,18,41190500,1,1,1,1,NA,NA,NA,0,NA,0
"1325",8,170,68,68655,"02090000","083071543",68655033,28,41190600,1,1,1,1,NA,NA,NA,0,NA,0
"1326",8,170,68,68655,"02140000","083071500",68655043,18,41120101,425,1,0,0,NA,NA,NA,0,NA,0
"1327",8,170,68,68655,"02140000","083071500",68655043,28,41190900,1.5,1,0,0,NA,NA,NA,0,NA,0
"1328",8,170,68,68655,"02170000","083074896",68655046,18,41120101,85,1,170,1,NA,NA,NA,0,NA,0
"1329",8,170,68,68655,"02170000","083074896",68655046,28,41190600,12,1,6,1,NA,NA,NA,0,NA,0
"1330",8,170,68,68655,"02170000","083074896",68655046,38,41190900,0.3,1,0.9,1,NA,NA,NA,0,NA,0
"1331",8,170,68,68655,"02170000","083075066",68655046,18,41220500,20,1,0,0,NA,NA,NA,0,NA,0
"1332",8,170,68,68655,"02170000","083075066",68655046,28,41190900,1.8,1,0,0,NA,NA,NA,0,NA,0
"1333",8,170,68,68655,"02220000","083075087",68655052,18,41190400,3.6,1,0,0,NA,NA,NA,0,NA,0
"1334",8,170,68,68655,"02240000","083071372",68655052,18,41120101,1275,1,0,0,NA,NA,NA,0,NA,0
"1335",8,170,68,68655,"02240000","083071372",68655052,28,41190600,1000,1,0,0,NA,NA,NA,0,NA,0
"1336",8,170,68,68655,"02240000","083071372",68655052,38,41221200,400,1,0,0,NA,NA,NA,0,NA,0
"1337",8,170,68,68655,"02260000","081893474",68655042,18,41190600,500,1,500,1,NA,NA,NA,0,NA,0
"1338",8,170,68,68655,"02340001","060041238",68655018,1,41190100,1500,1,1500,1,0,NA,0,0,0,0
"1339",8,170,68,68655,"02490001","060041822",68655052,1,41190600,30,1,50,1,0,NA,0,0,0,0
"1340",8,170,68,68655,"02690000","083071496",68655053,18,41190600,0,0,50,1,NA,NA,NA,0,NA,0
"1341",8,170,68,68655,"02780000","083071486",68655043,18,41190600,300,1,0,0,NA,NA,NA,0,NA,0
"1342",8,170,68,68655,"02780000","083071486",68655043,28,41229900,200,1,0,0,NA,NA,NA,0,NA,0
"1343",8,170,68,68655,"02870000","083087498",68655043,18,41190600,90,1,90,1,NA,NA,NA,0,NA,0
"1344",8,170,68,68655,"02870001","060041825",68655030,1,41190600,2,1,9,1,0,NA,0,0,0,0
"1345",8,170,68,68655,"02890001","060041203",68655054,1,41190300,500,1,0,0,0,NA,0,0,0,0
"1346",8,170,68,68655,"02900000","083071468",68655028,18,41190600,12.5,1,12.5,1,NA,NA,NA,0,NA,0
"1347",8,170,68,68655,"02900001","060042926",68655028,1,41190600,12.5,1,12,1,0,NA,0,0,0,0
"1348",8,170,68,68655,"02930000","081893493",68655017,18,41190400,15,1,0,0,NA,NA,NA,0,NA,0
"1349",8,170,68,68655,"02930000","081893493",68655017,28,41220500,200,1,0,0,NA,NA,NA,0,NA,0
"1350",8,170,68,68655,"02960000","083071536",68655017,18,41190600,10.5,1,0,0,NA,NA,NA,0,NA,0
"1351",8,170,68,68655,"02960000","083071536",68655017,28,41120101,1.5,1,0,0,NA,NA,NA,0,NA,0
"1352",8,170,68,68655,"02980001","060042917",68655028,1,41190300,22,1,15,1,0,NA,0,0,0,0
"1353",8,170,68,68655,"02990000","083075062",68655040,18,41220300,3,1,0,0,NA,NA,NA,0,NA,0
"1354",8,170,68,68655,"02990000","083075062",68655040,28,41190400,4,1,0,0,NA,NA,NA,0,NA,0
"1355",8,170,68,68655,"02990000","083075062",68655040,38,41190300,3,1,0,0,NA,NA,NA,0,NA,0
"1356",8,170,68,68655,"03240000","083075030",68655022,18,41120101,10,1,7,1,NA,NA,NA,0,NA,0
"1357",8,170,68,68655,"03240000","083075030",68655022,28,41221200,5,1,6,1,NA,NA,NA,0,NA,0
"1358",8,170,68,68655,"03240000","083075030",68655022,38,41220300,3,1,8,1,NA,NA,NA,0,NA,0
"1359",8,170,68,68655,"03240000","083075030",68655022,48,41221800,4,1,9,1,NA,NA,NA,0,NA,0
"1360",8,170,68,68655,"03480000","083071582",68655040,18,41190600,200,1,0,0,NA,NA,NA,0,NA,0
"1361",8,170,68,68655,"03500001","060042489",68655028,1,41190300,0,0,0,0,0,NA,0,0,0,0
"1362",8,170,68,68655,"04490000","082101143",68655038,18,41190300,2.5,1,0.1,1,NA,NA,NA,0,NA,0
"1363",8,170,68,68655,"04490000","082101143",68655038,28,41120108,9,1,1,1,NA,NA,NA,0,NA,0
"1364",8,170,68,68655,"05830000","081893523",68575009,18,41190600,100,1,150,1,NA,NA,NA,0,NA,0
"1365",8,170,68,68655,"06230000","083074847",68655022,18,41190400,6.6,1,0,0,NA,NA,NA,0,NA,0
"1366",8,170,68,68655,"06230000","083074847",68655022,28,41190600,7.5,1,0,0,NA,NA,NA,0,NA,0
"1367",8,170,68,68669,"00020001","060450257",68669017,1,41190100,0,0,0,0,0,NA,0,0,0,0
"1368",8,170,68,68669,"00170001","060450262",68669017,1,41190100,0,0,0,0,0,NA,0,0,0,0
"1369",8,170,68,68669,"01330001","060054561",68669007,1,41220700,20,1,50,1,0,NA,0,0,0,0
"1370",8,170,68,68669,"01950001","060448837",68669005,1,41190100,25,1,1,1,0,NA,0,0,0,0
"1371",8,170,68,68673,"00030000","003086821",68673002,1,41190300,0,0,0,0,NA,NA,NA,0,NA,0
"1372",8,170,68,68673,"01890000","003086839",68673005,1,41190300,125,1,1,1,NA,NA,NA,0,NA,0
"1373",8,170,68,68673,"01890000","003086839",68673005,2,41190400,1,1,1,1,NA,NA,NA,0,NA,0
"1374",8,170,68,68679,"00320001","060050472",68679019,1,41190600,20,1,15,1,0,NA,0,0,0,0
"1375",8,170,68,68679,"00370001","060052028",68679025,1,41190600,20,1,0,0,0,NA,0,0,0,0
"1376",8,170,68,68679,"00440000","003076007",68679018,1,41120199,10,1,10,1,NA,NA,NA,0,NA,0
"1377",8,170,68,68679,"00550000","003076399",68679017,1,41220300,15,1,35,1,NA,NA,NA,0,NA,0
"1378",8,170,68,68679,"00700000","003076133",68679013,1,41190300,375,1,0,0,NA,NA,NA,0,NA,0
"1379",8,170,68,68679,"00760000","003082036",68679018,1,41190400,0,0,200,1,NA,NA,NA,0,NA,0
"1380",8,170,68,68679,"00870000","001698713",68679009,1,41190300,2500,1,0,0,NA,NA,NA,0,NA,0
"1381",8,170,68,68679,"00870000","001698713",68679009,2,41190400,15,1,0,0,NA,NA,NA,0,NA,0
"1382",8,170,68,68679,"00900001","060051694",68679026,1,41190500,100,1,150,1,0,NA,0,0,0,0
"1383",8,170,68,68679,"00940001","060051695",68679026,1,41190300,200,1,150,1,0,NA,0,0,0,0
"1384",8,170,68,68679,"00960000","003082359",68679008,1,41190300,50,1,0,0,NA,NA,NA,0,NA,0
"1385",8,170,68,68679,"01030000","003076087",68679018,1,41120101,250,1,0,0,NA,NA,NA,0,NA,0
"1386",8,170,68,68679,"01250000","003076136",68679013,1,41220300,20,1,30,1,NA,NA,NA,0,NA,0
"1387",8,170,68,68679,"01260000","003082247",68679026,1,41190400,400,1,0,0,NA,NA,NA,0,NA,0
"1388",8,170,68,68679,"01310000","003076026",68679007,1,41120199,5,1,8,1,NA,NA,NA,0,NA,0
"1389",8,170,68,68679,"01440000","003082089",68679017,1,41190300,8,1,8,1,NA,NA,NA,0,NA,0
"1390",8,170,68,68679,"01440001","060050417",68679017,1,41190300,8,1,8,1,0,NA,0,0,0,0
"1391",8,170,68,68679,"01510001","060051709",68679004,1,41220700,90,1,100,1,0,NA,0,0,0,0
"1392",8,170,68,68679,"01980000","001698720",68679003,1,41190400,100,1,0,0,NA,NA,NA,0,NA,0
"1393",8,170,68,68682,"00030001","060051063",68682010,1,41190100,0,0,0,0,0,NA,0,0,0,0
"1394",8,170,68,68682,"00120000","083078616",68682003,18,41190400,0,0,0,0,NA,NA,NA,0,NA,0
"1395",8,170,68,68682,"00140000","003000974",68682005,1,41190200,650,1,0,0,NA,NA,NA,0,NA,0
"1396",8,170,68,68682,"00470001","060447780",68682009,1,41229900,5,1,5,1,0,NA,0,0,0,0
"1397",8,170,68,68682,"00980001","060051048",68682002,1,41190400,25,1,0,0,0,NA,0,0,0,0
"1398",8,170,68,68684,"00050000","003088928",68684012,1,41229900,3,1,0,0,NA,NA,NA,0,NA,0
"1399",8,170,68,68684,"00120000","003088841",68684013,1,41229900,2,1,2,1,NA,NA,NA,0,NA,0
"1400",8,170,68,68686,"00300000","003028788",68686005,1,41229900,50,1,0,0,NA,NA,NA,0,NA,0
"1401",8,170,68,68689,"00050000","083503991",68689003,18,41190600,0,0,0,0,NA,NA,NA,0,NA,0
"1402",8,170,68,68689,"00050000","083503991",68689003,28,41120199,0,0,0,0,NA,NA,NA,0,NA,0
"1403",8,170,68,68689,"00380000","003069491",68689022,1,41190600,10,1,10,1,NA,NA,NA,0,NA,0
"1404",8,170,68,68689,"00380000","003069491",68689022,2,41229900,10,1,10,1,NA,NA,NA,0,NA,0
"1405",8,170,68,68689,"00430000","002251251",68689008,1,41229900,500,1,500,1,NA,NA,NA,0,NA,0
"1406",8,170,68,68689,"00480000","003069369",68689004,1,41190600,0,0,0,0,NA,NA,NA,0,NA,0
"1407",8,170,68,68689,"00480000","003069369",68689004,2,41120103,0,0,0,0,NA,NA,NA,0,NA,0
"1408",8,170,68,68689,"00540000","009992306",68689004,1,41190600,1.52,1,0,0,NA,NA,NA,0,NA,0
"1409",8,170,68,68689,"00550000","003065898",68689025,1,41190600,60,1,60,1,NA,NA,NA,0,NA,0
"1410",8,170,68,68689,"00550000","003065898",68689025,3,41220300,162.5,1,162.5,1,NA,NA,NA,0,NA,0
"1411",8,170,68,68689,"00550000","003065898",68689025,4,41120101,325,1,325,1,NA,NA,NA,0,NA,0
"1412",8,170,68,68689,"00580000","003069509",68689018,1,41190600,0,0,2.5,1,NA,NA,NA,0,NA,0
"1413",8,170,68,68689,"00830000","002258939",68689001,1,41229900,500,1,500,1,NA,NA,NA,0,NA,0
"1414",8,170,68,68689,"00870000","002258929",68689008,1,41190300,62,1,62,1,NA,NA,NA,0,NA,0
"1415",8,170,68,68689,"01040000","003069021",68689016,1,41229900,0,0,0,0,NA,NA,NA,0,NA,0
"1416",8,170,68,68689,"01130000","003068930",68689016,1,41190600,10,1,3,1,NA,NA,NA,0,NA,0
"1417",8,170,68,68689,"01310000","083068959",68689016,18,41190600,15,1,10,1,NA,NA,NA,0,NA,0
"1418",8,170,68,68689,"01320000","003069078",68689016,1,41190600,6,1,0,0,NA,NA,NA,0,NA,0
"1419",8,170,68,68689,"01320000","003069078",68689016,2,41220500,0,0,0,0,NA,NA,NA,0,NA,0
"1420",8,170,68,68689,"01320000","003069078",68689016,3,41229900,0,0,0,0,NA,NA,NA,0,NA,0
"1421",8,170,68,68689,"01970000","003069502",68689022,1,41190600,0.5,1,0.5,1,NA,NA,NA,0,NA,0
"1422",8,170,68,68689,"01970000","003069502",68689022,2,41120101,0.5,1,0.5,1,NA,NA,NA,0,NA,0
"1423",8,170,68,68689,"02050000","003069408",68689018,1,41190300,0,0,2000,1,NA,NA,NA,0,NA,0
"1424",8,170,68,68689,"02050000","003069408",68689018,2,41190600,0,0,1000,1,NA,NA,NA,0,NA,0
"1425",8,170,68,68689,"02050000","003069408",68689018,3,41190400,0,0,250,1,NA,NA,NA,0,NA,0
"1426",8,170,68,68689,"02570000","003065701",68689016,1,41120101,0,0,0,0,NA,NA,NA,0,NA,0
"1427",8,170,68,68689,"02570000","003065701",68689016,2,41190900,0,0,0,0,NA,NA,NA,0,NA,0
"1428",8,170,68,68689,"02570000","003065701",68689016,3,41190600,0,0,0,0,NA,NA,NA,0,NA,0
"1429",8,170,68,68689,"02900000","003068995",68689016,1,41190600,25,1,25,1,NA,NA,NA,0,NA,0
"1430",8,170,68,68689,"02900000","003068995",68689016,2,41120101,0,0,0,0,NA,NA,NA,0,NA,0
"1431",8,170,68,68689,"02900000","003068995",68689016,3,41190900,0,0,0,0,NA,NA,NA,0,NA,0
"1432",8,170,68,68689,"03090000","001882278",68689006,1,41190600,0,0,0,0,NA,NA,NA,0,NA,0
"1433",8,170,68,68689,"03090000","001882278",68689006,2,41221000,0,0,0,0,NA,NA,NA,0,NA,0
"1434",8,170,68,68689,"03210000","009992154",68689016,1,41190600,1,1,1,1,NA,NA,NA,0,NA,0
"1435",8,170,68,68689,"03210000","009992154",68689016,2,41120101,1,1,1,1,NA,NA,NA,0,NA,0
"1436",8,170,68,68689,"03270000","003503992",68689004,1,41190600,0,0,0,0,NA,NA,NA,0,NA,0
"1437",8,170,68,68689,"03550000","003069014",68689016,1,41190600,3,1,0,0,NA,NA,NA,0,NA,0
"1438",8,170,68,68689,"03550000","003069014",68689016,2,41190900,7,1,0,0,NA,NA,NA,0,NA,0
"1439",8,170,68,68689,"03600000","003069501",68689022,1,41190600,20,1,0,0,NA,NA,NA,0,NA,0
"1440",8,170,68,68689,"03720000","003068900",68689022,1,41190300,300,1,300,1,NA,NA,NA,0,NA,0
"1441",8,170,68,68689,"04240000","002228301",68689006,NA,41229900,350,1,350,1,1,NA,NA,NA,NA,NA
"1442",8,170,68,68689,"04310000","003068984",68689016,1,41190600,8,1,0,0,NA,NA,NA,0,NA,0
"1443",8,170,68,68689,"04310000","003068984",68689016,2,41220900,13,1,0,0,NA,NA,NA,0,NA,0
"1444",8,170,68,68689,"04310000","003068984",68689016,3,41221000,15,1,0,0,NA,NA,NA,0,NA,0
"1445",8,170,68,68689,"04310000","003068984",68689016,4,41229900,10,1,0,0,NA,NA,NA,0,NA,0
"1446",8,170,68,68689,"05390000","083069225",68689016,18,41190300,1000,1,0,0,NA,NA,NA,0,NA,0
"1447",8,170,68,68689,"05410000","003068938",68689016,1,41190300,150,1,0,0,NA,NA,NA,0,NA,0
"1448",8,170,68,68689,"05570000","003069280",68689016,1,41190300,0,0,0,0,NA,NA,NA,0,NA,0
"1449",8,170,68,68689,"05850000","003069080",68689016,1,41190600,80,1,0,0,NA,NA,NA,0,NA,0
"1450",8,170,68,68689,"06350000","083069237",68689016,18,41190600,1000,1,700,1,NA,NA,NA,0,NA,0
"1451",8,170,68,68689,"07530000","003068927",68689016,1,41229900,0,0,0,0,NA,NA,NA,0,NA,0
"1452",8,170,68,68689,"92380000","083069238",68689023,18,41190600,1,1,0,0,NA,NA,NA,0,NA,0
"1453",8,170,68,68705,"00040000","003060421",68318023,1,41190200,125,1,0,0,NA,NA,NA,0,NA,0
"1454",8,170,68,68705,"00100000","003060406",68705007,1,41190200,1350,1,1350,1,NA,NA,NA,0,NA,0
"1455",8,170,68,68720,"00080000","083076488",68720013,18,41120199,1,1,0,0,NA,NA,NA,0,NA,0
"1456",8,170,68,68720,"00090000","083076750",68720013,18,41120199,1,1,1,1,NA,NA,NA,0,NA,0
"1457",8,170,68,68720,"00100000","083076547",68720013,18,41120199,4,1,0,0,NA,NA,NA,0,NA,0
"1458",8,170,68,68720,"00150000","083072133",68720008,18,41190600,2,1,0,0,NA,NA,NA,0,NA,0
"1459",8,170,68,68720,"00150000","083072133",68720008,28,41220600,2,1,0,0,NA,NA,NA,0,NA,0
"1460",8,170,68,68720,"00210000","083076403",68720013,18,41190600,2,1,2,1,NA,NA,NA,0,NA,0
"1461",8,170,68,68720,"00210000","083076403",68720013,28,41120199,2,1,2,1,NA,NA,NA,0,NA,0
"1462",8,170,68,68720,"00280000","083072166",68720023,18,41190600,2,1,2,1,NA,NA,NA,0,NA,0
"1463",8,170,68,68720,"00280000","083072166",68720023,28,41190400,5,1,5,1,NA,NA,NA,0,NA,0
"1464",8,170,68,68720,"00490000","083089756",68720029,18,41190600,3,1,3,1,NA,NA,NA,0,NA,0
"1465",8,170,68,68720,"00490000","083089756",68720029,28,41229900,3,1,3,1,NA,NA,NA,0,NA,0
"1466",8,170,68,68720,"00560000","083009269",68720029,18,41190600,30,1,0,0,NA,NA,NA,0,NA,0
"1467",8,170,68,68720,"00560000","083009269",68720029,28,41220600,22.5,1,0,0,NA,NA,NA,0,NA,0
"1468",8,170,68,68720,"01140000","083076473",68720017,18,41229900,8,1,7,1,NA,NA,NA,0,NA,0
"1469",8,170,68,68720,"01140000","083076473",68720017,28,41190600,5,1,5,1,NA,NA,NA,0,NA,0
"1470",8,170,68,68745,"00050000","003075589",68745037,1,41190300,125,1,0,0,NA,NA,NA,0,NA,0
"1471",8,170,68,68745,"00110000","003077223",68745022,1,41229900,0,0,0,0,NA,NA,NA,0,NA,0
"1472",8,170,68,68745,"00150000","003077440",68745002,1,41190300,0,0,500,1,NA,NA,NA,0,NA,0
"1473",8,170,68,68745,"00150000","003077440",68745002,2,41190500,0,0,180,1,NA,NA,NA,0,NA,0
"1474",8,170,68,68745,"00150000","003077440",68745002,3,41190400,0,0,600,1,NA,NA,NA,0,NA,0
"1475",8,170,68,68745,"00160000","003075565",68745022,1,41190300,0,0,0,0,NA,NA,NA,0,NA,0
"1476",8,170,68,68745,"00180000","003075517",68745023,1,41190300,15,1,7.5,1,NA,NA,NA,0,NA,0
"1477",8,170,68,68745,"00200000","003077201",68745023,1,41190300,562.5,1,0,0,NA,NA,NA,0,NA,0
"1478",8,170,68,68745,"00200000","003077201",68745023,2,41229900,3,1,0,0,NA,NA,NA,0,NA,0
"1479",8,170,68,68745,"00250000","003498418",68745011,1,41190600,18,1,0,0,NA,NA,NA,0,NA,0
"1480",8,170,68,68745,"00300001","060050215",68745023,1,41229900,0,0,300,1,0,NA,0,0,0,0
"1481",8,170,68,68745,"00310000","083075237",68745003,18,41229900,0,0,0,0,NA,NA,NA,0,NA,0
"1482",8,170,68,68745,"00360000","083077481",68745034,18,41190300,0,0,0,0,NA,NA,NA,0,NA,0
"1483",8,170,68,68745,"00360000","083077481",68745034,28,41190400,0,0,0,0,NA,NA,NA,0,NA,0
"1484",8,170,68,68745,"00480000","083496554",68745001,18,41190300,80,1,0,0,NA,NA,NA,0,NA,0
"1485",8,170,68,68745,"00500000","003075376",68745034,1,41229900,0,0,0,0,NA,NA,NA,0,NA,0
"1486",8,170,68,68745,"00500000","003077240",68745022,1,41229900,3,1,3,1,NA,NA,NA,0,NA,0
"1487",8,170,68,68745,"00550000","003498454",68745012,1,41190300,250,1,0,0,NA,NA,NA,0,NA,0
"1488",8,170,68,68745,"00590000","002409577",68745031,1,41229900,0,0,0,0,NA,NA,NA,0,NA,0
"1489",8,170,68,68745,"00620000","083496579",68745036,18,41190300,100,1,0,0,NA,NA,NA,0,NA,0
"1490",8,170,68,68745,"00710000","002409569",68745031,1,41190600,1,1,2,1,NA,NA,NA,0,NA,0
"1491",8,170,68,68745,"00720000","007075310",68745004,1,41220300,20,1,20,1,NA,NA,NA,0,NA,0
"1492",8,170,68,68745,"00730000","083077390",68745023,18,41120199,0,0,0,0,NA,NA,NA,0,NA,0
"1493",8,170,68,68745,"00840000","002405980",68745031,1,41190600,2,1,0,0,NA,NA,NA,0,NA,0
"1494",8,170,68,68745,"00840000","002405980",68745031,2,41229900,2,1,0,0,NA,NA,NA,0,NA,0
"1495",8,170,68,68745,"00840000","002405980",68745031,3,41220600,2.5,1,0,0,NA,NA,NA,0,NA,0
"1496",8,170,68,68745,"00840000","002405980",68745031,4,41220900,3,1,0,0,NA,NA,NA,0,NA,0
"1497",8,170,68,68745,"01010000","083077594",68745023,18,41190300,5,1,4,1,NA,NA,NA,0,NA,0
"1498",8,170,68,68745,"01070000","003498755",68745026,1,41190300,1500,1,1400,1,NA,NA,NA,0,NA,0
"1499",8,170,68,68745,"01070000","003498755",68745026,2,41190600,0,0,0,0,NA,NA,NA,0,NA,0
"1500",8,170,68,68745,"01100000","002409579",68745031,1,41229900,0,0,0,0,NA,NA,NA,0,NA,0
"1501",8,170,68,68745,"01560000","083077523",68745023,18,41229900,0,0,0,0,NA,NA,NA,0,NA,0
"1502",8,170,68,68745,"01600000","082381524",68745014,18,41120199,0,0,0,0,NA,NA,NA,0,NA,0
"1503",8,170,68,68745,"01710000","003498683",68745011,1,41220300,2000,1,0,0,NA,NA,NA,0,NA,0
"1504",8,170,68,68745,"01920000","003498719",68745013,1,41190600,7.5,1,0,0,NA,NA,NA,0,NA,0
"1505",8,170,68,68745,"02190000","083498716",68745027,18,41190600,15,1,0,0,NA,NA,NA,0,NA,0
"1506",8,170,68,68745,"02190000","083498716",68745027,28,41120101,1275,1,0,0,NA,NA,NA,0,NA,0
"1507",8,170,68,68745,"02220000","083496402",68745027,18,41190300,7500,1,0,0,NA,NA,NA,0,NA,0
"1508",8,170,68,68745,"02290000","083498444",68745027,18,41190300,1000,1,0,0,NA,NA,NA,0,NA,0
"1509",8,170,68,68745,"02370000","083498590",68745013,18,41190600,3,1,0,0,NA,NA,NA,0,NA,0
"1510",8,170,68,68745,"02370000","083498590",68745013,28,41120101,3,1,0,0,NA,NA,NA,0,NA,0
"1511",8,170,68,68745,"02770000","003498402",68745014,1,41190300,75,1,0,0,NA,NA,NA,0,NA,0
"1512",8,170,68,68745,"02790000","003498687",68745014,1,41190600,6,1,0,0,NA,NA,NA,0,NA,0
"1513",8,170,68,68745,"02870000","003498403",68745013,1,41190600,30,1,0,0,NA,NA,NA,0,NA,0
"1514",8,170,68,68745,"02870000","003498403",68745013,2,41221000,30,1,0,0,NA,NA,NA,0,NA,0
"1515",8,170,68,68745,"03450000","083498688",68745027,18,41120101,1020,1,0,0,NA,NA,NA,0,NA,0
"1516",8,170,68,68745,"03490000","003498401",68745013,1,41190600,22.5,1,0,0,NA,NA,NA,0,NA,0
"1517",8,170,68,68745,"03660000","003498598",68745016,1,41190600,5,1,0,0,NA,NA,NA,0,NA,0
"1518",8,170,68,68745,"04110000","082409593",68745030,18,41120199,2,1,6,1,NA,NA,NA,0,NA,0
"1519",8,170,68,68745,"04410000","083040166",68745007,18,41190600,21,1,0,0,NA,NA,NA,0,NA,0
"1520",8,170,68,68745,"04440000","003498629",68745007,1,41229900,0,0,0,0,NA,NA,NA,0,NA,0
"1521",8,170,68,68745,"04450000","003498425",68745029,1,41190600,4.5,1,0,0,NA,NA,NA,0,NA,0
"1522",8,170,68,68745,"05600000","002409586",68745031,1,41190400,0,0,0,0,NA,NA,NA,0,NA,0
"1523",8,170,68,68745,"05600000","002409586",68745031,2,41190300,0,0,0,0,NA,NA,NA,0,NA,0
"1524",8,170,68,68745,"05600000","002409586",68745031,3,41221200,0,0,0,0,NA,NA,NA,0,NA,0
"1525",8,170,68,68745,"05720000","003040053",68745031,1,41229900,0,0,0,0,NA,NA,NA,0,NA,0
"1526",8,170,68,68745,"06070000","082409596",68745030,18,41120199,0,0,0,0,NA,NA,NA,0,NA,0
"1527",8,170,68,68745,"06410000","082381471",68745014,18,41120199,0,0,0,0,NA,NA,NA,0,NA,0
"1528",8,170,68,68755,"00010000","083081151",68755002,18,41229900,300,1,300,1,NA,NA,NA,0,NA,0
"1529",8,170,68,68755,"00020000","088043846",68755012,18,41229900,0,0,0,0,NA,NA,NA,0,NA,0
"1530",8,170,68,68755,"00130000","083088402",68755014,18,41229900,300,1,300,1,NA,NA,NA,0,NA,0
"1531",8,170,68,68755,"00140000","083088401",68755014,18,41229900,300,1,300,1,NA,NA,NA,0,NA,0
"1532",8,170,68,68755,"00170000","083067969",68755015,18,41190300,0,0,0,0,NA,NA,NA,0,NA,0
"1533",8,170,68,68755,"00170000","083081176",68755016,18,41229900,100,1,0,0,NA,NA,NA,0,NA,0
"1534",8,170,68,68755,"00210000","083088547",68755019,18,41190300,2501,1,250,1,NA,NA,NA,0,NA,0
"1535",8,170,68,68755,"00210000","083088547",68755019,28,41190400,250,1,250,1,NA,NA,NA,0,NA,0
"1536",8,170,68,68755,"00240000","083088691",68755011,18,41229900,300,1,500,1,NA,NA,NA,0,NA,0
"1537",8,170,68,68755,"00330000","083088601",68755019,18,41190300,35,1,40,1,NA,NA,NA,0,NA,0
"1538",8,170,68,68755,"00350000","083088522",68755017,18,41190400,0,0,75,1,NA,NA,NA,0,NA,0
"1539",8,170,68,68755,"00380000","083088777",68755010,18,41190400,100,1,1,1,NA,NA,NA,0,NA,0
"1540",8,170,68,68755,"00380000","083088777",68755010,28,41190300,100,1,0,0,NA,NA,NA,0,NA,0
"1541",8,170,68,68755,"00380000","083088777",68755010,38,41190700,100,1,0,0,NA,NA,NA,0,NA,0
"1542",8,170,68,68755,"00380000","083088778",68755010,18,41120199,0,0,1,1,NA,NA,NA,0,NA,0
"1543",8,170,68,68755,"00380000","083088778",68755010,28,41190300,10,1,0,0,NA,NA,NA,0,NA,0
"1544",8,170,68,68755,"00380000","083088778",68755010,38,41190700,10,1,0,0,NA,NA,NA,0,NA,0
"1545",8,170,68,68755,"00420000","081662981",68755009,18,41190300,100,1,100,1,NA,NA,NA,0,NA,0
"1546",8,170,68,68755,"00450000","083507765",68755009,18,41229900,200,1,1,1,NA,NA,NA,0,NA,0
"1547",8,170,68,68755,"00490000","083043887",68755008,18,41229900,21,1,0,0,NA,NA,NA,0,NA,0
"1548",8,170,68,68755,"00510000","083025495",68755001,18,41190300,1,1,1,1,NA,NA,NA,0,NA,0
"1549",8,170,68,68755,"00510000","083025495",68755001,28,41120199,1,1,1,1,NA,NA,NA,0,NA,0
"1550",8,170,68,68755,"00540000","081180795",68755004,18,41190300,100,1,0,0,NA,NA,NA,0,NA,0
"1551",8,170,68,68755,"00540000","081180795",68755004,28,41220300,50,1,0,0,NA,NA,NA,0,NA,0
"1552",8,170,68,68755,"00760000","083507916",68755009,18,41190300,53,1,0,0,NA,NA,NA,0,NA,0
"1553",8,170,68,68755,"00790000","083088729",68755017,18,41120199,0.01,1,10,1,NA,NA,NA,0,NA,0
"1554",8,170,68,68755,"00820001","060050706",68755017,1,41229900,1,1,1,1,0,NA,0,0,0,0
"1555",8,170,68,68755,"00890000","083506485",68755004,18,41190300,1,1,0,0,NA,NA,NA,0,NA,0
"1556",8,170,68,68755,"00920000","083507757",68755009,18,41220300,50,1,1,1,NA,NA,NA,0,NA,0
"1557",8,170,68,68755,"00940001","060051211",68755010,1,41229900,4,1,4,1,0,NA,0,0,0,0
"1558",8,170,68,68755,"00980000","083506718",68755015,18,41190300,125,1,0,0,NA,NA,NA,0,NA,0
"1559",8,170,68,68755,"01250000","083088679",68755015,18,41190300,70,1,1,1,NA,NA,NA,0,NA,0
"1560",8,170,68,68755,"01250000","083088679",68755015,28,41190400,70,1,0,0,NA,NA,NA,0,NA,0
"1561",8,170,68,68755,"01490000","083067971",68755015,18,41190400,0,0,0,0,NA,NA,NA,0,NA,0
"1562",8,170,68,68755,"01670000","083086562",68755018,18,41229900,3.6,1,3.6,1,NA,NA,NA,0,NA,0
"1563",8,170,68,68770,"00010001","060050758",68770014,1,41190300,2500,1,2500,1,0,NA,0,0,0,0
"1564",8,170,68,68770,"00110001","060053680",68770003,1,41190300,500,1,300,1,0,NA,0,0,0,0
"1565",8,170,68,68770,"00130000","003086491",68770001,1,41190400,25,1,25,1,NA,NA,NA,0,NA,0
"1566",8,170,68,68770,"00220001","060050144",68770019,1,41190500,10,1,30,1,0,NA,0,0,0,0
"1567",8,170,68,68770,"00440000","083029356",68770013,18,42129900,50,1,50,1,NA,NA,NA,0,NA,0
"1568",8,170,68,68770,"00460000","003073589",68770009,1,41190400,1000,1,0,0,NA,NA,NA,0,NA,0
"1569",8,170,68,68770,"00470000","003073583",68770009,1,41120199,10,1,0,0,NA,NA,NA,0,NA,0
"1570",8,170,68,68770,"00480000","003029266",68770007,1,41220600,1,1,0,0,NA,NA,NA,0,NA,0
"1571",8,170,68,68770,"00480001","060050757",68770014,1,41190300,1725.09,1,1725,1,0,NA,0,0,0,0
"1572",8,170,68,68770,"00490000","003073584",68770009,1,41190400,1000,1,0,0,NA,NA,NA,0,NA,0
"1573",8,170,68,68770,"00500000","003029250",68770007,1,41220600,2,1,0,0,NA,NA,NA,0,NA,0
"1574",8,170,68,68770,"00510000","003026345",68770007,1,41220600,1,1,0,0,NA,NA,NA,0,NA,0
"1575",8,170,68,68770,"00570000","003026347",68770007,1,41220600,1,1,0,0,NA,NA,NA,0,NA,0
"1576",8,170,68,68770,"00640001","060049977",68770008,1,41220600,1,1,1,1,0,NA,0,0,0,0
"1577",8,170,68,68770,"00650001","060051460",68770014,1,41190300,400,1,400,1,0,NA,0,0,0,0
"1578",8,170,68,68770,"00690000","003026391",68770007,1,41220600,1,1,0,0,NA,NA,NA,0,NA,0
"1579",8,170,68,68770,"00700001","060053703",68770004,1,41190300,1,1,1,1,0,NA,0,0,0,0
"1580",8,170,68,68770,"00720001","060051999",68500010,1,42930101,200,1,0,0,0,NA,0,0,0,0
"1581",8,170,68,68770,"00920001","060051502",68770019,1,41190300,0,0,1900,1,0,NA,0,0,0,0
"1582",8,170,68,68770,"01030000","083029332",68770013,18,41120199,0,0,3.3,1,NA,NA,NA,0,NA,0
"1583",8,170,68,68770,"01030000","083029332",68770013,28,41190300,0,0,3.3,1,NA,NA,NA,0,NA,0
"1584",8,170,68,68770,"01070000","001388295",68770002,1,41190300,0,0,0,0,NA,NA,NA,0,NA,0
"1585",8,170,68,68770,"01070000","003029233",68770007,1,41220600,0,0,0,0,NA,NA,NA,0,NA,0
"1586",8,170,68,68770,"01070001","060049961",68770004,1,41120199,2,1,0.4,1,0,NA,0,0,0,0
"1587",8,170,68,68770,"01180001","060051505",68770012,1,41190300,0,0,126,1,0,NA,0,0,0,0
"1588",8,170,68,68770,"01210000","003029342",68770006,1,41190300,0,0,0,0,NA,NA,NA,0,NA,0
"1589",8,170,68,68770,"01370000","083068425",68770011,18,41190300,20,1,50,1,NA,NA,NA,0,NA,0
"1590",8,170,68,68770,"01370001","060053606",68770011,1,41190300,20,1,10,1,0,NA,0,0,0,0
"1591",8,170,68,68770,"01470000","003026321",68770007,1,41220600,1,1,0,0,NA,NA,NA,0,NA,0
"1592",8,170,68,68770,"01590001","060050011",68770012,1,41190300,200,1,200,1,0,NA,0,0,0,0
"1593",8,170,68,68770,"01740000","003037588",68770002,1,41190300,0,0,0,0,NA,NA,NA,0,NA,0
"1594",8,170,68,68770,"01780000","083029503",68770011,18,41120199,0,0,0,0,NA,NA,NA,0,NA,0
"1595",8,170,68,68770,"01830000","003029257",68770007,1,41220600,1,1,0,0,NA,NA,NA,0,NA,0
"1596",8,170,68,68770,"01980000","001690353",68770010,1,41190400,1,1,0,0,NA,NA,NA,0,NA,0
"1597",8,170,68,68770,"02030000","003029290",68770002,1,41220600,0,0,0,0,NA,NA,NA,0,NA,0
"1598",8,170,68,68770,"02200000","001827432",68770018,1,41190300,0,0,0,0,NA,NA,NA,0,NA,0
"1599",8,170,68,68770,"02200000","001827432",68770018,2,41220300,0,0,0,0,NA,NA,NA,0,NA,0
"1600",8,170,68,68770,"02210000","003029249",68770007,1,41220600,4.5,1,0,0,NA,NA,NA,0,NA,0
"1601",8,170,68,68770,"02270000","003029571",68770011,1,41190300,0,0,12.5,1,NA,NA,NA,0,NA,0
"1602",8,170,68,68770,"02270000","003029571",68770011,2,41120105,0,0,4,1,NA,NA,NA,0,NA,0
"1603",8,170,68,68770,"02390001","060053702",68770004,1,41190300,2,1,2,1,0,NA,0,0,0,0
"1604",8,170,68,68770,"02690000","003026392",68770002,1,41220600,1,1,0,0,NA,NA,NA,0,NA,0
"1605",8,170,68,68770,"03100000","003029425",68770016,1,41190400,37.5,1,0,0,NA,NA,NA,0,NA,0
"1606",8,170,68,68770,"03100000","003029425",68770016,2,41190300,625,1,0,0,NA,NA,NA,0,NA,0
"1607",8,170,68,68770,"03170000","007068487",68770011,1,41220600,200,1,200,1,NA,NA,NA,0,NA,0
"1608",8,170,68,68770,"03170000","007068487",68770011,2,41229900,100,1,100,1,NA,NA,NA,0,NA,0
"1609",8,170,68,68770,"03780000","003068426",68770007,1,41220600,1,1,1,1,NA,NA,NA,0,NA,0
"1610",8,170,68,68770,"03780000","003068426",68770007,2,41229900,1,1,1,1,NA,NA,NA,0,NA,0
"1611",8,170,68,68770,"04600000","003029474",68770011,1,41120199,0,0,20,1,NA,NA,NA,0,NA,0
"1612",8,170,68,68770,"04600000","003029474",68770011,2,41190300,0,0,5,1,NA,NA,NA,0,NA,0
"1613",8,170,68,68773,"00030000","001875695",68773045,1,41190300,0,0,0,0,NA,NA,NA,0,NA,0
"1614",8,170,68,68773,"00030000","001875695",68773045,2,41190600,0,0,0,0,NA,NA,NA,0,NA,0
"1615",8,170,68,68773,"00030000","001875695",68773045,3,41220300,0,0,0,0,NA,NA,NA,0,NA,0
"1616",8,170,68,68773,"00050000","001881385",68773041,1,41120101,0,0,0,0,NA,NA,NA,0,NA,0
"1617",8,170,68,68773,"00050000","001881385",68773041,2,41190600,0,0,0,0,NA,NA,NA,0,NA,0
"1618",8,170,68,68773,"00050000","002129862",68773041,1,41229900,1,1,0,0,NA,NA,NA,0,NA,0
"1619",8,170,68,68773,"00270000","003006143",68773051,1,41229900,0,0,0,0,NA,NA,NA,0,NA,0
"1620",8,170,68,68773,"03070000","082129997",68773043,18,41190500,0,0,1,1,NA,NA,NA,0,NA,0
"1621",8,170,68,68773,"03223480","000933536",68773024,1,41229900,12,1,12,1,0,NA,0,0,0,0
"1622",8,170,68,68780,"00020001","060447404",68780010,1,41190100,1000,1,2000,1,0,NA,0,0,0,0
"1623",8,170,68,68780,"00031110","060051813",68780021,1,41220700,200,1,200,1,0,NA,0,0,0,0
"1624",8,170,68,68780,"00040000","007085241",68780022,1,41190200,0,0,0,0,NA,NA,NA,0,NA,0
"1625",8,170,68,68780,"00040001","060050845",68780022,1,41190100,200,1,200,1,0,NA,0,0,0,0
"1626",8,170,68,68780,"00190001","060049921",68780006,1,41190200,50,1,50,1,0,NA,0,0,0,0
"1627",8,170,68,68780,"00200001","060049660",68780016,1,41220400,12,1,12,1,0,NA,0,0,0,0
"1628",8,170,68,68780,"00220001","060050891",68780015,1,41190100,20,1,20,1,0,NA,0,0,0,0
"1629",8,170,68,68780,"00225956","060050894",68780015,1,41190100,100,1,110,1,0,NA,0,0,0,0
"1630",8,170,68,68780,"00270001","060049901",68780002,3,41190400,0,0,0,0,0,NA,0,0,0,0
"1631",8,170,68,68780,"00350001","060049922",68780006,1,41190200,150,1,150,1,0,NA,0,0,0,0
"1632",8,170,68,68780,"00350001","060051781",68780016,1,41220700,50,1,20,1,0,NA,0,0,0,0
"1633",8,170,68,68780,"00370000","003085317",68780017,1,41190400,50,1,50,1,NA,NA,NA,0,NA,0
"1634",8,170,68,68780,"00390001","060051805",68780006,1,41220800,20,1,10,1,0,NA,0,0,0,0
"1635",8,170,68,68780,"00420001","060049763",68780001,1,41190100,2000,1,0,0,0,NA,0,0,0,0
"1636",8,170,68,68780,"00470001","060053304",68780015,1,41190100,2.5,1,2.5,1,0,NA,0,0,0,0
"1637",8,170,68,68780,"00474872","060053305",68780015,1,41190100,200,1,200,1,0,NA,0,0,0,0
"1638",8,170,68,68780,"00490001","060447403",68780014,1,41190100,2000,1,2000,1,0,NA,0,0,0,0
"1639",8,170,68,68780,"00490001","060448080",68780015,1,41190100,1000,1,500,1,0,NA,0,0,0,0
"1640",8,170,68,68780,"00510001","060050862",68780020,1,41190100,200,1,200,1,0,NA,0,0,0,0
"1641",8,170,68,68780,"00550001","060447402",68780010,1,41190100,2000,1,2000,1,0,NA,0,0,0,0
"1642",8,170,68,68780,"00710001","060049665",68780006,1,41229900,1,1,1,1,0,NA,0,0,0,0
"1643",8,170,68,68780,"00710001","060051788",68780002,1,41220800,10,1,5,1,0,NA,0,0,0,0
"1644",8,170,68,68780,"00960001","060448249",68780010,1,41190100,12,1,12,1,0,NA,0,0,0,0
"1645",8,170,68,68780,"01110001","060448075",68780025,1,41190100,3000,1,3000,1,0,NA,0,0,0,0
"1646",8,170,68,68780,"02120000","002317081",68780009,1,41190400,300,1,200,1,NA,NA,NA,0,NA,0
"1647",8,170,68,68820,"00040001","060052746",68820007,1,41229900,1,1,1,1,0,NA,0,0,0,0
"1648",8,170,68,68820,"00340001","060447623",68820001,1,41190200,10,1,10,1,0,NA,0,0,0,0
"1649",8,170,68,68820,"00470001","060052782",68820003,1,41190200,10,1,10,1,0,NA,0,0,0,0
"1650",8,170,68,68820,"00810000","001599484",68820007,1,41190200,2,1,2,1,NA,NA,NA,0,NA,0
"1651",8,170,68,68820,"00820000","083085084",68820007,18,41190200,1,1,0,0,NA,NA,NA,0,NA,0
"1652",8,170,68,68820,"00820001","060052766",68820007,1,41190200,1,1,0,0,0,NA,0,0,0,0
"1653",8,170,68,68820,"00870000","083085599",68820002,18,41190200,3000,1,0,0,NA,NA,NA,0,NA,0
"1654",8,170,68,68820,"02170000","081599223",68820006,18,41190200,0,0,0,0,NA,NA,NA,0,NA,0
"1655",8,170,68,68820,"04170000","082405813",68820016,18,41229900,0,0,0,0,NA,NA,NA,0,NA,0
"1656",8,170,68,68855,"00020000","083064864",68855003,18,42129900,0,0,0,0,NA,NA,NA,0,NA,0
"1657",8,170,68,68855,"00021843","060052731",68855003,1,41221100,12,1,10,1,0,NA,0,0,0,0
"1658",8,170,68,68855,"00080000","081641844",68855002,18,41220300,1,1,0,0,NA,NA,NA,0,NA,0
"1659",8,170,68,68855,"00080000","081641844",68855002,28,41190500,1,1,0,0,NA,NA,NA,0,NA,0
"1660",8,170,68,68855,"00090000","081465660",68855010,18,41190300,1,1,0,0,NA,NA,NA,0,NA,0
"1661",8,170,68,68855,"00090000","081465660",68855010,28,41220300,1,1,0,0,NA,NA,NA,0,NA,0
"1662",8,170,68,68855,"00100000","081641845",68855010,18,41190300,1,1,0,0,NA,NA,NA,0,NA,0
"1663",8,170,68,68855,"00160001","060054250",68855006,1,41190300,200,1,100,1,0,NA,0,0,0,0
"1664",8,170,68,68855,"00220001","060053428",68855004,3,41190300,2500,1,0,0,0,NA,0,0,0,0
"1665",8,170,68,68855,"00230001","060053434",68855006,1,41120199,8.8,1,8.8,1,0,NA,0,0,0,0
"1666",8,170,68,68855,"00484896","060052549",68855004,1,41190100,10,1,0,0,0,NA,0,0,0,0
"1667",8,170,68,68855,"00510001","060053432",68855004,1,41120199,5,1,5,1,0,NA,0,0,0,0
"1668",8,170,68,68855,"01100000","081641764",68855011,18,41190300,20,1,0,0,NA,NA,NA,0,NA,0
"1669",8,170,68,68855,"01100000","081641764",68855011,28,41190400,0,0,0,0,NA,NA,NA,0,NA,0
"1670",8,170,68,68855,"01840000","081643995",68855012,18,41120199,0,0,0,0,NA,NA,NA,0,NA,0
"1671",8,170,68,68855,"02290000","081643888",68855011,18,41120106,15.37,1,0.06,1,NA,NA,NA,0,NA,0
"1672",8,170,68,68861,"00100000","082000020",68861015,18,41190200,1,1,0,0,NA,NA,NA,0,NA,0
"1673",8,170,68,68861,"00100000","089001803",68861015,18,41229900,0,0,0,0,NA,NA,NA,0,NA,0
"1674",8,170,68,68861,"00120000","082126802",68861045,18,41190300,50,1,0,0,NA,NA,NA,0,NA,0
"1675",8,170,68,68861,"00190000","002126862",68861028,1,41190300,750,1,0,0,NA,NA,NA,0,NA,0
"1676",8,170,68,68861,"00200000","002126803",68861019,1,41190300,150,1,0,0,NA,NA,NA,0,NA,0
"1677",8,170,68,68861,"00200000","002126851",68861028,1,41190300,3000,1,0,0,NA,NA,NA,0,NA,0
"1678",8,170,68,68861,"00200000","082258159",68861015,18,41190200,1650,1,1650,1,NA,NA,NA,0,NA,0
"1679",8,170,68,68861,"00230000","082126834",68385013,18,41190300,2000,1,0,0,NA,NA,NA,0,NA,0
"1680",8,170,68,68861,"00390000","081523003",68861022,18,41190400,1,1,1,1,NA,NA,NA,0,NA,0
"1681",8,170,68,68861,"00400000","081523004",68861022,18,41190400,1,1,1,1,NA,NA,NA,0,NA,0
"1682",8,170,68,68861,"00540000","001523102",68861036,1,41229900,100,1,0,0,NA,NA,NA,0,NA,0
"1683",8,170,68,68861,"00810000","001523100",68861037,1,41229900,0,0,0,0,NA,NA,NA,0,NA,0
"1684",8,170,68,68861,"00810000","001523101",68861037,1,41229900,2000,1,0,0,NA,NA,NA,0,NA,0
"1685",8,170,68,68861,"00910000","082156494",68861005,18,41190300,1,1,3,1,NA,NA,NA,0,NA,0
"1686",8,170,68,68861,"00920001","060595368",68861040,1,41190100,0,0,0,0,0,NA,0,0,0,0
"1687",8,170,68,68861,"00950000","003494550",68861001,1,41229900,0,0,0,0,NA,NA,NA,0,NA,0
"1688",8,170,68,68861,"01330000","002062361",68861046,1,41190400,0,0,0,0,NA,NA,NA,0,NA,0
"1689",8,170,68,68861,"03110000","001690266",68861001,1,41190300,200,1,0,0,NA,NA,NA,0,NA,0
"1690",8,170,68,68867,"00270000","003062058",68867007,1,41229900,0,0,0,0,NA,NA,NA,0,NA,0
"1691",8,170,68,68872,"00020000","083007998",68872008,18,41190400,0,0,0,0,NA,NA,NA,0,NA,0
"1692",8,170,68,68872,"00040001","060054980",68079010,2,41190100,5,1,0,0,0,NA,0,0,0,0
"1693",8,170,68,68872,"00070001","060059855",68872005,1,41190100,200,1,0,0,0,NA,0,0,0,0
"1694",8,170,68,68872,"00077601","060063026",68872005,1,41190100,50,1,50,1,0,NA,0,0,0,0
"1695",8,170,68,68872,"00100000","003007833",68872011,1,41190400,100,1,0,0,NA,NA,NA,0,NA,0
"1696",8,170,68,68872,"00100000","003007833",68872011,2,41190700,350,1,0,0,NA,NA,NA,0,NA,0
"1697",8,170,68,68872,"00140001","060448894",68872002,1,41190300,0,0,0,0,0,NA,0,0,0,0
"1698",8,170,68,68872,"00251974","060056035",68872005,3,41190300,200,1,200,1,0,NA,0,0,0,0
"1699",8,170,68,68872,"00430001","060061440",68872005,1,41190600,100,1,100,1,0,NA,0,0,0,0
"1700",8,170,68,68872,"00540001","060057435",68872012,1,41190100,100,1,100,1,0,NA,0,0,0,0
"1701",8,170,68,68872,"00690000","083007819",68872009,18,41190300,0,0,0,0,NA,NA,NA,0,NA,0
"1702",8,170,68,68872,"00730001","060063860",68872005,1,41190300,0,0,0,0,0,NA,0,0,0,0
"1703",8,170,68,68872,"00731515","060055086",68872005,1,41190100,1,1,1,1,0,NA,0,0,0,0
"1704",8,170,68,68872,"00830000","083007918",68872012,18,41190700,15,1,10,1,NA,NA,NA,0,NA,0
"1705",8,170,68,68872,"01640001","060062578",68872005,1,41190100,0,0,0,0,0,NA,0,0,0,0
"1706",8,170,68,68872,"02080001","060060006",68872005,1,41190100,50,1,50,1,0,NA,0,0,0,0
